منطقه,محله,شناسهٔ محله,نام معبر,ردهٔ OSM,طول (km),شاخص مدل زیرواحد,تابش مشاهده‌ای,اختلاف با میانهٔ محله (٪),امتیاز ترکیبی (کم=تاریک‌تر),عرض,طول,پیوند نقشه,درجهٔ محله
منطقه ۲۱ شهر تهران,شهرک دانشگاه تهران,tehran:m2106,مرکز تعویض پلاک خودرو چیتگر,service,1.21,248.8,36.01,-44.9,49.86,35.72,51.21,https://www.openstreetmap.org/?mlat=35.71924&mlon=51.20850#map=17/35.71924/51.20850,B
منطقه ۲۱ شهر تهران,شهرک دانشگاه تهران,tehran:m2106,دانشگاه,tertiary,2.19,175.02,45.19,-30.9,64.43,35.71,51.2,https://www.openstreetmap.org/?mlat=35.71352&mlon=51.20194#map=17/35.71352/51.20194,B
منطقه ۲۱ شهر تهران,شهرک دانشگاه تهران,tehran:m2106,بولوار امام خمینی,tertiary,1.01,176.37,48.84,-25.3,72.29,35.71,51.2,https://www.openstreetmap.org/?mlat=35.71099&mlon=51.20142#map=17/35.71099/51.20142,B
منطقه ۲۱ شهر تهران,شهرک دانشگاه تهران,tehran:m2106,شریعتی,tertiary,2.08,287.37,46.83,-28.4,75.39,35.71,51.2,https://www.openstreetmap.org/?mlat=35.71091&mlon=51.20341#map=17/35.71091/51.20341,B
منطقه ۲۱ شهر تهران,شهرک دانشگاه تهران,tehran:m2106,مطهری,service,1.76,153.26,59.94,-8.4,83.45,35.71,51.19,https://www.openstreetmap.org/?mlat=35.71285&mlon=51.19205#map=17/35.71285/51.19205,B
منطقه ۲۱ شهر تهران,شهرک دانشگاه تهران,tehran:m2106,شهدا,service,0.89,156.67,65.58,0.3,85.73,35.71,51.19,https://www.openstreetmap.org/?mlat=35.71078&mlon=51.19140#map=17/35.71078/51.19140,B
منطقه ۵ شهر تهران,شهرک کوهسار,tehran:m506,کوهسار یکم غربی,residential,0.11,126.09,44.85,-1.9,56.28,35.78,51.33,https://www.openstreetmap.org/?mlat=35.77858&mlon=51.33294#map=17/35.77858/51.33294,C
منطقه ۵ شهر تهران,شهرک کوهسار,tehran:m506,کوهسار یکم شرقی,residential,0.11,126.09,44.89,-1.8,56.36,35.78,51.33,https://www.openstreetmap.org/?mlat=35.77904&mlon=51.33498#map=17/35.77904/51.33498,C
منطقه ۵ شهر تهران,شهرک کوهسار,tehran:m506,کوهسار دوم غربی,residential,0.21,126.09,45.16,-1.3,57.04,35.78,51.33,https://www.openstreetmap.org/?mlat=35.77891&mlon=51.33226#map=17/35.77891/51.33226,C
منطقه ۵ شهر تهران,شهرک کوهسار,tehran:m506,کوهسار هفدهم مرکزی,residential,0.13,153.96,44.26,-3.2,59.19,35.79,51.33,https://www.openstreetmap.org/?mlat=35.78569&mlon=51.33128#map=17/35.78569/51.33128,C
منطقه ۵ شهر تهران,شهرک کوهسار,tehran:m506,کوهسار شانزدهم مرکزی,residential,0.12,138.98,45.11,-1.4,59.35,35.79,51.33,https://www.openstreetmap.org/?mlat=35.78525&mlon=51.33146#map=17/35.78525/51.33146,C
منطقه ۵ شهر تهران,شهرک کوهسار,tehran:m506,کوهسار سوم غربی,residential,0.2,137.99,45.37,-0.8,59.77,35.78,51.33,https://www.openstreetmap.org/?mlat=35.77938&mlon=51.33216#map=17/35.77938/51.33216,C
منطقه ۵ شهر تهران,المهدی - سیمون بولیوار,tehran:m507,نسترن شرقی,residential,0.11,0.0,42.54,-8.9,20.2,35.77,51.34,https://www.openstreetmap.org/?mlat=35.77453&mlon=51.33565#map=17/35.77453/51.33565,B
منطقه ۵ شهر تهران,المهدی - سیمون بولیوار,tehran:m507,سلاورزی,tertiary,0.54,0.0,43.28,-7.3,22.06,35.77,51.33,https://www.openstreetmap.org/?mlat=35.77394&mlon=51.33477#map=17/35.77394/51.33477,B
منطقه ۵ شهر تهران,المهدی - سیمون بولیوار,tehran:m507,حضرت امیر,residential,0.29,0.0,43.35,-7.2,22.24,35.77,51.33,https://www.openstreetmap.org/?mlat=35.77487&mlon=51.33457#map=17/35.77487/51.33457,B
منطقه ۵ شهر تهران,المهدی - سیمون بولیوار,tehran:m507,عراقی,residential,0.33,0.0,43.51,-6.8,22.61,35.78,51.33,https://www.openstreetmap.org/?mlat=35.77727&mlon=51.33464#map=17/35.77727/51.33464,B
منطقه ۵ شهر تهران,المهدی - سیمون بولیوار,tehran:m507,اسلامی قوشچه,residential,0.11,0.0,43.54,-6.7,22.67,35.77,51.33,https://www.openstreetmap.org/?mlat=35.77320&mlon=51.33452#map=17/35.77320/51.33452,B
منطقه ۵ شهر تهران,المهدی - سیمون بولیوار,tehran:m507,گلستان هاشمی,residential,0.13,0.0,43.67,-6.5,22.92,35.78,51.33,https://www.openstreetmap.org/?mlat=35.77733&mlon=51.33385#map=17/35.77733/51.33385,B
منطقه ۵ شهر تهران,مهران - پیامبر,tehran:m524,مرتضی عطاران,residential,0.19,100.97,51.46,-0.3,64.73,35.73,51.32,https://www.openstreetmap.org/?mlat=35.72868&mlon=51.32164#map=17/35.72868/51.32164,A
منطقه ۵ شهر تهران,مهران - پیامبر,tehran:m524,ناصر سلیمان بیگی,residential,0.24,98.8,52.66,2.0,66.04,35.73,51.32,https://www.openstreetmap.org/?mlat=35.72839&mlon=51.32413#map=17/35.72839/51.32413,A
منطقه ۵ شهر تهران,مهران - پیامبر,tehran:m524,ارغوان,residential,0.24,98.8,54.11,4.8,68.32,35.73,51.33,https://www.openstreetmap.org/?mlat=35.72751&mlon=51.32509#map=17/35.72751/51.32509,A
منطقه ۵ شهر تهران,مهران - پیامبر,tehran:m524,سوم,residential,0.35,105.49,52.94,2.5,68.51,35.73,51.32,https://www.openstreetmap.org/?mlat=35.72818&mlon=51.32420#map=17/35.72818/51.32420,A
منطقه ۵ شهر تهران,مهران - پیامبر,tehran:m524,دانشفر,residential,0.52,127.24,50.68,-1.8,68.86,35.73,51.32,https://www.openstreetmap.org/?mlat=35.73029&mlon=51.31976#map=17/35.73029/51.31976,A
منطقه ۵ شهر تهران,مهران - پیامبر,tehran:m524,کمانی,residential,0.59,127.6,50.7,-1.8,68.94,35.73,51.32,https://www.openstreetmap.org/?mlat=35.73110&mlon=51.31955#map=17/35.73110/51.31955,A
منطقه ۵ شهر تهران,شهر زیبا,tehran:m517,بلوک ۱,residential,0.24,144.14,45.89,-9.3,61.82,35.74,51.29,https://www.openstreetmap.org/?mlat=35.74500&mlon=51.29309#map=17/35.74500/51.29309,B
منطقه ۵ شهر تهران,شهر زیبا,tehran:m517,نهال,residential,0.23,192.78,45.67,-9.7,67.5,35.74,51.3,https://www.openstreetmap.org/?mlat=35.74403&mlon=51.29587#map=17/35.74403/51.29587,B
منطقه ۵ شهر تهران,شهر زیبا,tehran:m517,شاداب,residential,0.16,192.78,45.94,-9.2,68.12,35.74,51.3,https://www.openstreetmap.org/?mlat=35.74490&mlon=51.29559#map=17/35.74490/51.29559,B
منطقه ۵ شهر تهران,شهر زیبا,tehran:m517,بلوار شهرزیبا,residential,1.07,209.92,48.92,-3.3,75.63,35.75,51.29,https://www.openstreetmap.org/?mlat=35.74689&mlon=51.29152#map=17/35.74689/51.29152,B
منطقه ۵ شهر تهران,شهر زیبا,tehran:m517,بلوک ۳,residential,0.1,233.14,48.56,-4.0,75.95,35.75,51.29,https://www.openstreetmap.org/?mlat=35.74622&mlon=51.29070#map=17/35.74622/51.29070,B
منطقه ۵ شهر تهران,شهر زیبا,tehran:m517,نهم,residential,0.1,240.85,49.15,-2.8,77.66,35.75,51.29,https://www.openstreetmap.org/?mlat=35.74815&mlon=51.28669#map=17/35.74815/51.28669,B
منطقه ۲۲ شهر تهران,زیبادشت,tehran:m2205,شهید سعید اعتدالی,unclassified,0.35,180.88,35.15,-30.5,44.52,35.75,51.27,https://www.openstreetmap.org/?mlat=35.75284&mlon=51.26812#map=17/35.75284/51.26812,B
منطقه ۲۲ شهر تهران,زیبادشت,tehran:m2205,طبیعت,tertiary,0.61,184.08,36.6,-27.6,46.02,35.75,51.27,https://www.openstreetmap.org/?mlat=35.74894&mlon=51.26670#map=17/35.74894/51.26670,B
منطقه ۲۲ شهر تهران,زیبادشت,tehran:m2205,مسجد سلیمان,tertiary,0.48,180.88,37.06,-26.7,46.22,35.75,51.27,https://www.openstreetmap.org/?mlat=35.75371&mlon=51.26800#map=17/35.75371/51.26800,B
منطقه ۲۲ شهر تهران,زیبادشت,tehran:m2205,شانزدهم,residential,0.1,180.88,37.26,-26.3,46.45,35.75,51.27,https://www.openstreetmap.org/?mlat=35.75232&mlon=51.26707#map=17/35.75232/51.26707,B
منطقه ۲۲ شهر تهران,زیبادشت,tehran:m2205,عبدالحسسین صنوبری,residential,0.18,180.88,38.92,-23.0,49.29,35.75,51.27,https://www.openstreetmap.org/?mlat=35.75150&mlon=51.26631#map=17/35.75150/51.26631,B
منطقه ۲۲ شهر تهران,زیبادشت,tehran:m2205,احمد کورشلی,residential,0.18,180.88,39.19,-22.5,49.85,35.75,51.27,https://www.openstreetmap.org/?mlat=35.75097&mlon=51.26616#map=17/35.75097/51.26616,B
منطقه ۵ شهر تهران,اندیشه - جوانمردان,tehran:m518,باغ قائم,residential,0.33,53.28,26.9,-33.0,16.89,35.74,51.27,https://www.openstreetmap.org/?mlat=35.74118&mlon=51.27010#map=17/35.74118/51.27010,A
منطقه ۵ شهر تهران,اندیشه - جوانمردان,tehran:m518,موحد,residential,0.17,51.56,30.25,-24.7,17.4,35.75,51.28,https://www.openstreetmap.org/?mlat=35.75298&mlon=51.27616#map=17/35.75298/51.27616,A
منطقه ۵ شهر تهران,اندیشه - جوانمردان,tehran:m518,حمیدی,residential,0.1,59.35,29.11,-27.5,18.86,35.75,51.28,https://www.openstreetmap.org/?mlat=35.74928&mlon=51.27701#map=17/35.74928/51.27701,A
منطقه ۵ شهر تهران,اندیشه - جوانمردان,tehran:m518,رحیمی,residential,0.34,66.32,30.76,-23.5,20.96,35.75,51.28,https://www.openstreetmap.org/?mlat=35.74542&mlon=51.27608#map=17/35.74542/51.27608,A
منطقه ۵ شهر تهران,اندیشه - جوانمردان,tehran:m518,بهمنی,residential,0.12,68.3,30.3,-24.6,21.25,35.75,51.28,https://www.openstreetmap.org/?mlat=35.74898&mlon=51.27783#map=17/35.74898/51.27783,A
منطقه ۵ شهر تهران,اندیشه - جوانمردان,tehran:m518,جاوید,residential,0.49,72.24,28.01,-30.3,21.34,35.75,51.28,https://www.openstreetmap.org/?mlat=35.74743&mlon=51.27519#map=17/35.74743/51.27519,A
منطقه ۵ شهر تهران,کن,tehran:m509,سر آسیاب,tertiary,0.22,0.0,32.69,-7.4,4.6,35.76,51.28,https://www.openstreetmap.org/?mlat=35.76273&mlon=51.27660#map=17/35.76273/51.27660,A
منطقه ۵ شهر تهران,کن,tehran:m509,خراسانی نژاد,residential,0.16,0.0,32.94,-6.7,4.73,35.76,51.28,https://www.openstreetmap.org/?mlat=35.76331&mlon=51.27713#map=17/35.76331/51.27713,A
منطقه ۵ شهر تهران,کن,tehran:m509,کارساز,residential,0.1,0.0,32.97,-6.6,4.74,35.76,51.28,https://www.openstreetmap.org/?mlat=35.76126&mlon=51.27534#map=17/35.76126/51.27534,A
منطقه ۵ شهر تهران,کن,tehran:m509,سرآسیاب,residential,0.53,0.0,33.04,-6.4,4.78,35.76,51.28,https://www.openstreetmap.org/?mlat=35.76116&mlon=51.27621#map=17/35.76116/51.27621,A
منطقه ۵ شهر تهران,کن,tehran:m509,تیشه دار,residential,0.21,0.0,33.35,-5.6,4.96,35.76,51.28,https://www.openstreetmap.org/?mlat=35.76204&mlon=51.27711#map=17/35.76204/51.27711,A
منطقه ۵ شهر تهران,کن,tehran:m509,بیگی,residential,0.12,0.0,33.44,-5.3,5.0,35.76,51.28,https://www.openstreetmap.org/?mlat=35.76071&mlon=51.27541#map=17/35.76071/51.27541,A
منطقه ۵ شهر تهران,بهاران,tehran:m501,دره زرنو جنوبی,residential,0.5,62.09,32.76,-2.7,20.55,35.76,51.27,https://www.openstreetmap.org/?mlat=35.76295&mlon=51.27481#map=17/35.76295/51.27481,B
منطقه ۵ شهر تهران,بهاران,tehran:m501,دره زر نو شمالی,tertiary,0.81,76.67,33.77,0.3,24.51,35.77,51.28,https://www.openstreetmap.org/?mlat=35.76638&mlon=51.27655#map=17/35.76638/51.27655,B
منطقه ۵ شهر تهران,بهاران,tehran:m501,درویش,residential,0.19,89.81,29.54,-12.3,25.8,35.76,51.27,https://www.openstreetmap.org/?mlat=35.76385&mlon=51.27419#map=17/35.76385/51.27419,B
منطقه ۵ شهر تهران,بهاران,tehran:m501,بستانک,residential,0.24,89.81,30.03,-10.8,25.95,35.77,51.27,https://www.openstreetmap.org/?mlat=35.76568&mlon=51.27437#map=17/35.76568/51.27437,B
منطقه ۵ شهر تهران,بهاران,tehran:m501,امام زاده محمد,residential,0.21,89.81,30.08,-10.7,25.97,35.76,51.27,https://www.openstreetmap.org/?mlat=35.76415&mlon=51.27496#map=17/35.76415/51.27496,B
منطقه ۵ شهر تهران,بهاران,tehran:m501,پشت یخچال,residential,0.26,89.81,30.84,-8.4,26.23,35.77,51.28,https://www.openstreetmap.org/?mlat=35.76520&mlon=51.27534#map=17/35.76520/51.27534,B
منطقه ۲ شهر تهران,کوهسار,tehran:m205,الله وردی,residential,0.34,169.52,34.22,-38.9,42.7,35.8,51.39,https://www.openstreetmap.org/?mlat=35.80038&mlon=51.38529#map=17/35.80038/51.38529,C
منطقه ۲ شهر تهران,کوهسار,tehran:m205,توتستان,residential,0.17,171.61,36.6,-34.6,44.57,35.8,51.39,https://www.openstreetmap.org/?mlat=35.80019&mlon=51.38733#map=17/35.80019/51.38733,C
منطقه ۲ شهر تهران,کوهسار,tehran:m205,احمدپور,tertiary,0.52,223.29,38.55,-31.2,51.85,35.8,51.39,https://www.openstreetmap.org/?mlat=35.79938&mlon=51.38701#map=17/35.79938/51.38701,C
منطقه ۲ شهر تهران,کوهسار,tehran:m205,قدوسی,unclassified,0.32,161.96,55.16,-1.5,81.0,35.79,51.38,https://www.openstreetmap.org/?mlat=35.79186&mlon=51.37968#map=17/35.79186/51.37968,C
منطقه ۲ شهر تهران,کوهسار,tehran:m205,بلوار شهدای شرکت برق,tertiary,0.41,227.7,57.22,2.2,88.91,35.79,51.37,https://www.openstreetmap.org/?mlat=35.79195&mlon=51.37454#map=17/35.79195/51.37454,C
منطقه ۲ شهر تهران,کوهسار,tehran:m205,محسن اعرابی,service,0.54,313.86,56.85,1.5,92.25,35.8,51.39,https://www.openstreetmap.org/?mlat=35.79507&mlon=51.38624#map=17/35.79507/51.38624,C
منطقه ۲ شهر تهران,فرحزاد,tehran:m201,سلمان جهانی,residential,0.23,76.51,20.83,-43.8,21.55,35.8,51.34,https://www.openstreetmap.org/?mlat=35.79506&mlon=51.34243#map=17/35.79506/51.34243,B
منطقه ۲ شهر تهران,فرحزاد,tehran:m201,امامزاده ابوطالب,tertiary,0.63,76.51,21.63,-41.6,21.57,35.79,51.34,https://www.openstreetmap.org/?mlat=35.79459&mlon=51.34191#map=17/35.79459/51.34191,B
منطقه ۲ شهر تهران,فرحزاد,tehran:m201,درمانگاه,residential,0.27,76.51,24.28,-34.5,21.73,35.79,51.34,https://www.openstreetmap.org/?mlat=35.79448&mlon=51.34391#map=17/35.79448/51.34391,B
منطقه ۲ شهر تهران,فرحزاد,tehran:m201,دره ایک,residential,0.19,76.51,25.34,-31.6,21.83,35.79,51.34,https://www.openstreetmap.org/?mlat=35.79381&mlon=51.34356#map=17/35.79381/51.34356,B
منطقه ۲ شهر تهران,فرحزاد,tehran:m201,کوهسار,residential,0.14,76.51,26.05,-29.7,21.93,35.79,51.34,https://www.openstreetmap.org/?mlat=35.79468&mlon=51.34500#map=17/35.79468/51.34500,B
منطقه ۲ شهر تهران,فرحزاد,tehran:m201,بلوچی,residential,0.1,76.51,26.51,-28.4,22.0,35.79,51.34,https://www.openstreetmap.org/?mlat=35.79287&mlon=51.34243#map=17/35.79287/51.34243,B
منطقه ۵ شهر تهران,مراد آباد,tehran:m504,عدالت,residential,0.15,258.83,39.87,-11.9,56.89,35.79,51.33,https://www.openstreetmap.org/?mlat=35.78551&mlon=51.32643#map=17/35.78551/51.32643,C
منطقه ۵ شهر تهران,مراد آباد,tehran:m504,معین,tertiary,0.25,247.52,40.16,-11.2,56.93,35.79,51.33,https://www.openstreetmap.org/?mlat=35.78759&mlon=51.33267#map=17/35.78759/51.33267,C
منطقه ۵ شهر تهران,مراد آباد,tehran:m504,فردوس,service,1.46,238.23,40.5,-10.5,57.43,35.78,51.32,https://www.openstreetmap.org/?mlat=35.78467&mlon=51.32181#map=17/35.78467/51.32181,C
منطقه ۵ شهر تهران,مراد آباد,tehran:m504,دوم,residential,0.1,258.83,40.86,-9.7,59.68,35.79,51.33,https://www.openstreetmap.org/?mlat=35.78525&mlon=51.32682#map=17/35.78525/51.32682,C
منطقه ۵ شهر تهران,مراد آباد,tehran:m504,ورودی مجتمع بام پونک,residential,0.37,256.37,42.18,-6.8,63.19,35.79,51.33,https://www.openstreetmap.org/?mlat=35.78595&mlon=51.33013#map=17/35.78595/51.33013,C
منطقه ۵ شهر تهران,مراد آباد,tehran:m504,بلوار الوند,tertiary,1.05,171.19,45.56,0.7,64.8,35.78,51.33,https://www.openstreetmap.org/?mlat=35.78159&mlon=51.33108#map=17/35.78159/51.33108,C
منطقه ۵ شهر تهران,شهرک نفت - سیمون بولیوار,tehran:m505,قدیری دوم,service,0.16,290.94,9.13,-79.8,47.27,35.8,51.34,https://www.openstreetmap.org/?mlat=35.80076&mlon=51.34009#map=17/35.80076/51.34009,C
منطقه ۵ شهر تهران,شهرک نفت - سیمون بولیوار,tehran:m505,یاس,tertiary,1.24,313.99,24.0,-46.9,48.16,35.79,51.34,https://www.openstreetmap.org/?mlat=35.79308&mlon=51.33925#map=17/35.79308/51.33925,C
منطقه ۵ شهر تهران,شهرک نفت - سیمون بولیوار,tehran:m505,بهاران,residential,0.29,335.75,11.5,-74.5,48.23,35.8,51.34,https://www.openstreetmap.org/?mlat=35.79865&mlon=51.33947#map=17/35.79865/51.33947,C
منطقه ۵ شهر تهران,شهرک نفت - سیمون بولیوار,tehran:m505,کوهساران,residential,0.32,335.75,19.44,-57.0,48.31,35.79,51.34,https://www.openstreetmap.org/?mlat=35.79480&mlon=51.34005#map=17/35.79480/51.34005,C
منطقه ۵ شهر تهران,شهرک نفت - سیمون بولیوار,tehran:m505,الغدیر,residential,0.11,335.75,22.09,-51.1,48.39,35.79,51.34,https://www.openstreetmap.org/?mlat=35.79359&mlon=51.34001#map=17/35.79359/51.34001,C
منطقه ۵ شهر تهران,شهرک نفت - سیمون بولیوار,tehran:m505,بیست وهفتم,residential,0.15,255.26,34.42,-23.8,49.31,35.79,51.34,https://www.openstreetmap.org/?mlat=35.78902&mlon=51.33868#map=17/35.78902/51.33868,C
منطقه ۲ شهر تهران,پرواز,tehran:m202,خیابان کوهستان,residential,0.23,21.0,40.0,-20.1,19.94,35.79,51.35,https://www.openstreetmap.org/?mlat=35.79488&mlon=51.35211#map=17/35.79488/51.35211,B
منطقه ۲ شهر تهران,پرواز,tehran:m202,تبرک,tertiary,0.23,85.95,31.98,-36.1,25.75,35.79,51.34,https://www.openstreetmap.org/?mlat=35.79206&mlon=51.34435#map=17/35.79206/51.34435,B
منطقه ۲ شهر تهران,پرواز,tehran:m202,کوهسار هشتم,residential,0.12,21.0,44.41,-11.3,31.22,35.79,51.35,https://www.openstreetmap.org/?mlat=35.79454&mlon=51.35331#map=17/35.79454/51.35331,B
منطقه ۲ شهر تهران,پرواز,tehran:m202,کوهسار هفتم,residential,0.12,21.0,45.86,-8.4,34.74,35.79,51.35,https://www.openstreetmap.org/?mlat=35.79408&mlon=51.35295#map=17/35.79408/51.35295,B
منطقه ۲ شهر تهران,پرواز,tehran:m202,کوهسار ششم,residential,0.11,21.0,47.15,-5.9,37.6,35.79,51.35,https://www.openstreetmap.org/?mlat=35.79365&mlon=51.35260#map=17/35.79365/51.35260,B
منطقه ۲ شهر تهران,پرواز,tehran:m202,سبلان,residential,0.41,82.92,41.3,-17.5,37.83,35.79,51.35,https://www.openstreetmap.org/?mlat=35.79404&mlon=51.35035#map=17/35.79404/51.35035,B
منطقه ۱۴ شهر تهران,شاهین,tehran:m1421,خسروی,residential,0.12,52.19,40.32,-0.9,28.14,35.67,51.46,https://www.openstreetmap.org/?mlat=35.67182&mlon=51.46217#map=17/35.67182/51.46217,B
منطقه ۱۴ شهر تهران,شاهین,tehran:m1421,مسجد,residential,0.15,61.67,40.26,-1.1,29.76,35.67,51.46,https://www.openstreetmap.org/?mlat=35.67366&mlon=51.45771#map=17/35.67366/51.45771,B
منطقه ۱۴ شهر تهران,شاهین,tehran:m1421,جمال تاجیک,residential,0.44,66.15,40.04,-1.6,30.43,35.67,51.46,https://www.openstreetmap.org/?mlat=35.67390&mlon=51.45693#map=17/35.67390/51.45693,B
منطقه ۱۴ شهر تهران,شاهین,tehran:m1421,اکبرآبادی,residential,0.11,66.95,40.07,-1.5,30.64,35.67,51.46,https://www.openstreetmap.org/?mlat=35.67131&mlon=51.46214#map=17/35.67131/51.46214,B
منطقه ۱۴ شهر تهران,شاهین,tehran:m1421,شیخ,residential,0.13,65.12,40.3,-0.9,30.92,35.67,51.46,https://www.openstreetmap.org/?mlat=35.67204&mlon=51.46043#map=17/35.67204/51.46043,B
منطقه ۱۴ شهر تهران,شاهین,tehran:m1421,مهرانپور,residential,0.11,66.95,40.18,-1.3,30.93,35.67,51.46,https://www.openstreetmap.org/?mlat=35.67152&mlon=51.46217#map=17/35.67152/51.46217,B
منطقه ۱۴ شهر تهران,نبی اکرم,tehran:m1416,علی احتشامی فر,residential,0.59,61.07,40.53,-5.4,30.52,35.68,51.48,https://www.openstreetmap.org/?mlat=35.68248&mlon=51.47649#map=17/35.68248/51.47649,B
منطقه ۱۴ شهر تهران,نبی اکرم,tehran:m1416,علی بابایی,residential,0.16,55.99,40.96,-4.4,30.78,35.68,51.48,https://www.openstreetmap.org/?mlat=35.68204&mlon=51.47572#map=17/35.68204/51.47572,B
منطقه ۱۴ شهر تهران,نبی اکرم,tehran:m1416,علی اکبر تقدیری,residential,0.25,73.47,40.75,-4.9,33.87,35.68,51.48,https://www.openstreetmap.org/?mlat=35.68226&mlon=51.47843#map=17/35.68226/51.47843,B
منطقه ۱۴ شهر تهران,نبی اکرم,tehran:m1416,محمد شاه محمدی,residential,0.33,73.47,40.84,-4.7,34.12,35.68,51.48,https://www.openstreetmap.org/?mlat=35.68202&mlon=51.47527#map=17/35.68202/51.47527,B
منطقه ۱۴ شهر تهران,نبی اکرم,tehran:m1416,ابراهیم مرتضوی,residential,0.25,73.47,40.99,-4.3,34.52,35.68,51.48,https://www.openstreetmap.org/?mlat=35.68192&mlon=51.47847#map=17/35.68192/51.47847,B
منطقه ۱۴ شهر تهران,نبی اکرم,tehran:m1416,حسن شهرابی فراهانی,residential,0.31,72.14,41.12,-4.0,34.71,35.68,51.48,https://www.openstreetmap.org/?mlat=35.68168&mlon=51.47540#map=17/35.68168/51.47540,B
منطقه ۱۴ شهر تهران,فرزانه,tehran:m1408,حسین جانی,residential,0.29,0.0,38.49,-1.4,9.79,35.69,51.47,https://www.openstreetmap.org/?mlat=35.68537&mlon=51.47268#map=17/35.68537/51.47268,B
منطقه ۱۴ شهر تهران,فرزانه,tehran:m1408,طالقانی,residential,0.25,0.0,38.54,-1.3,9.86,35.69,51.48,https://www.openstreetmap.org/?mlat=35.68551&mlon=51.47567#map=17/35.68551/51.47567,B
منطقه ۱۴ شهر تهران,فرزانه,tehran:m1408,قاضی مرادی,residential,0.31,0.0,38.77,-0.7,10.34,35.69,51.47,https://www.openstreetmap.org/?mlat=35.68583&mlon=51.47254#map=17/35.68583/51.47254,B
منطقه ۱۴ شهر تهران,فرزانه,tehran:m1408,علی درستکار,residential,0.25,0.0,38.79,-0.7,10.38,35.69,51.48,https://www.openstreetmap.org/?mlat=35.68586&mlon=51.47563#map=17/35.68586/51.47563,B
منطقه ۱۴ شهر تهران,فرزانه,tehran:m1408,مهدی فراهانی نسب,residential,0.22,0.0,38.85,-0.5,10.51,35.69,51.47,https://www.openstreetmap.org/?mlat=35.68581&mlon=51.47233#map=17/35.68581/51.47233,B
منطقه ۱۴ شهر تهران,فرزانه,tehran:m1408,مهدی کمالی,residential,0.22,0.0,38.92,-0.3,10.68,35.69,51.47,https://www.openstreetmap.org/?mlat=35.68596&mlon=51.47424#map=17/35.68596/51.47424,B
منطقه ۱۴ شهر تهران,شکیبا,tehran:m1420,حسنی,residential,0.22,15.29,39.94,-2.7,18.72,35.68,51.47,https://www.openstreetmap.org/?mlat=35.67745&mlon=51.46561#map=17/35.67745/51.46561,A
منطقه ۱۴ شهر تهران,شکیبا,tehran:m1420,ستایش,residential,0.15,15.29,40.23,-1.9,19.44,35.68,51.47,https://www.openstreetmap.org/?mlat=35.67664&mlon=51.46625#map=17/35.67664/51.46625,A
منطقه ۱۴ شهر تهران,شکیبا,tehran:m1420,دسترسی محلی,residential,0.17,15.29,40.34,-1.7,19.85,35.67,51.47,https://www.openstreetmap.org/?mlat=35.67053&mlon=51.46636#map=17/35.67053/51.46636,A
منطقه ۱۴ شهر تهران,شکیبا,tehran:m1420,احمدی,residential,0.15,15.29,40.46,-1.4,20.14,35.68,51.47,https://www.openstreetmap.org/?mlat=35.67566&mlon=51.46536#map=17/35.67566/51.46536,A
منطقه ۱۴ شهر تهران,شکیبا,tehran:m1420,اصغر رضایی,residential,0.11,15.29,40.51,-1.3,20.35,35.68,51.46,https://www.openstreetmap.org/?mlat=35.67537&mlon=51.46475#map=17/35.67537/51.46475,A
منطقه ۱۴ شهر تهران,شکیبا,tehran:m1420,محمدتقی ابراهیمی,residential,0.15,15.29,40.6,-1.1,20.59,35.67,51.46,https://www.openstreetmap.org/?mlat=35.67203&mlon=51.46423#map=17/35.67203/51.46423,A
منطقه ۱۴ شهر تهران,شیوا,tehran:m1415,اکبر پورعبدی,tertiary,0.73,24.56,38.56,-3.6,17.48,35.68,51.47,https://www.openstreetmap.org/?mlat=35.68212&mlon=51.46644#map=17/35.68212/51.46644,B
منطقه ۱۴ شهر تهران,شیوا,tehran:m1415,تهرانی,residential,0.13,33.57,38.33,-4.1,19.0,35.68,51.47,https://www.openstreetmap.org/?mlat=35.68175&mlon=51.46605#map=17/35.68175/51.46605,B
منطقه ۱۴ شهر تهران,شیوا,tehran:m1415,نادمی,residential,0.18,43.25,37.96,-5.1,20.51,35.68,51.47,https://www.openstreetmap.org/?mlat=35.68155&mlon=51.46774#map=17/35.68155/51.46774,B
منطقه ۱۴ شهر تهران,شیوا,tehran:m1415,اصغر رسولی,residential,0.26,43.25,38.0,-5.0,20.57,35.68,51.47,https://www.openstreetmap.org/?mlat=35.68140&mlon=51.46902#map=17/35.68140/51.46902,B
منطقه ۱۴ شهر تهران,شیوا,tehran:m1415,دو شهید,residential,0.19,43.25,38.19,-4.5,20.87,35.68,51.47,https://www.openstreetmap.org/?mlat=35.68138&mlon=51.46677#map=17/35.68138/51.46677,B
منطقه ۱۴ شهر تهران,شیوا,tehran:m1415,پیرمرادیان,residential,0.11,43.25,38.23,-4.4,20.92,35.68,51.47,https://www.openstreetmap.org/?mlat=35.68242&mlon=51.46951#map=17/35.68242/51.46951,B
منطقه ۱۴ شهر تهران,نیکنام,tehran:m1410,محسن زمردی,residential,0.16,0.11,39.34,-4.1,13.71,35.68,51.45,https://www.openstreetmap.org/?mlat=35.68205&mlon=51.45399#map=17/35.68205/51.45399,B
منطقه ۱۴ شهر تهران,نیکنام,tehran:m1410,همدانی,residential,0.17,0.11,39.64,-3.4,14.44,35.68,51.45,https://www.openstreetmap.org/?mlat=35.68196&mlon=51.45491#map=17/35.68196/51.45491,B
منطقه ۱۴ شهر تهران,نیکنام,tehran:m1410,نیکزاد,residential,0.22,0.11,39.68,-3.3,14.53,35.68,51.45,https://www.openstreetmap.org/?mlat=35.68213&mlon=51.45482#map=17/35.68213/51.45482,B
منطقه ۱۴ شهر تهران,نیکنام,tehran:m1410,رضا آشتیانی,residential,0.16,0.11,39.88,-2.8,15.04,35.68,51.46,https://www.openstreetmap.org/?mlat=35.68172&mlon=51.45586#map=17/35.68172/51.45586,B
منطقه ۱۴ شهر تهران,نیکنام,tehran:m1410,نادر نظر آهاری,residential,0.2,2.15,39.87,-2.8,15.56,35.68,51.46,https://www.openstreetmap.org/?mlat=35.68238&mlon=51.45506#map=17/35.68238/51.45506,B
منطقه ۱۴ شهر تهران,نیکنام,tehran:m1410,ناصر گارسچی,residential,0.16,0.82,40.25,-1.9,16.24,35.68,51.46,https://www.openstreetmap.org/?mlat=35.68141&mlon=51.45692#map=17/35.68141/51.45692,B
منطقه ۱۴ شهر تهران,جابری,tehran:m1411,زرین خاک,residential,0.11,3.02,39.28,-3.5,14.37,35.68,51.45,https://www.openstreetmap.org/?mlat=35.68259&mlon=51.45317#map=17/35.68259/51.45317,B
منطقه ۱۴ شهر تهران,جابری,tehran:m1411,محمدعلی درودیانی,residential,0.15,3.39,39.57,-2.7,15.16,35.68,51.45,https://www.openstreetmap.org/?mlat=35.68318&mlon=51.45328#map=17/35.68318/51.45328,B
منطقه ۱۴ شهر تهران,جابری,tehran:m1411,مرتضی حسینی اشتهارد,residential,0.21,5.93,39.35,-3.3,15.27,35.68,51.45,https://www.openstreetmap.org/?mlat=35.68314&mlon=51.45269#map=17/35.68314/51.45269,B
منطقه ۱۴ شهر تهران,جابری,tehran:m1411,کوثری,residential,0.12,2.6,39.75,-2.3,15.39,35.68,51.45,https://www.openstreetmap.org/?mlat=35.68327&mlon=51.45367#map=17/35.68327/51.45367,B
منطقه ۱۴ شهر تهران,جابری,tehran:m1411,عسگری,residential,0.21,5.93,39.4,-3.2,15.4,35.68,51.45,https://www.openstreetmap.org/?mlat=35.68333&mlon=51.45243#map=17/35.68333/51.45243,B
منطقه ۱۴ شهر تهران,جابری,tehran:m1411,ویرا,residential,0.16,5.93,39.96,-1.8,16.77,35.68,51.45,https://www.openstreetmap.org/?mlat=35.68361&mlon=51.45384#map=17/35.68361/51.45384,B
منطقه ۱۴ شهر تهران,دژکام,tehran:m1412,سیدعلی مداحی,residential,0.12,0.0,40.03,0.7,13.29,35.68,51.45,https://www.openstreetmap.org/?mlat=35.67673&mlon=51.44984#map=17/35.67673/51.44984,B
منطقه ۱۴ شهر تهران,دژکام,tehran:m1412,مهریزی,residential,0.13,6.86,38.49,-3.1,13.8,35.68,51.45,https://www.openstreetmap.org/?mlat=35.67945&mlon=51.45223#map=17/35.67945/51.45223,B
منطقه ۱۴ شهر تهران,دژکام,tehran:m1412,جام جم,residential,0.16,6.57,38.65,-2.7,13.93,35.68,51.45,https://www.openstreetmap.org/?mlat=35.68091&mlon=51.45205#map=17/35.68091/51.45205,B
منطقه ۱۴ شهر تهران,دژکام,tehran:m1412,محسن پونکی,residential,0.3,7.73,38.55,-3.0,14.0,35.68,51.45,https://www.openstreetmap.org/?mlat=35.67894&mlon=51.45254#map=17/35.67894/51.45254,B
منطقه ۱۴ شهر تهران,دژکام,tehran:m1412,مسلمین,residential,0.1,6.86,38.6,-2.9,14.02,35.68,51.45,https://www.openstreetmap.org/?mlat=35.68133&mlon=51.45280#map=17/35.68133/51.45280,B
منطقه ۱۴ شهر تهران,دژکام,tehran:m1412,اسماعیل خالقی,residential,0.12,6.86,38.61,-2.8,14.03,35.68,51.45,https://www.openstreetmap.org/?mlat=35.68071&mlon=51.45290#map=17/35.68071/51.45290,B
منطقه ۱۴ شهر تهران,آهنگران,tehran:m1414,شکوری,tertiary,0.11,33.86,41.17,-0.3,26.16,35.68,51.46,https://www.openstreetmap.org/?mlat=35.67986&mlon=51.45879#map=17/35.67986/51.45879,B
منطقه ۱۴ شهر تهران,آهنگران,tehran:m1414,شهرابی فراهانی,residential,0.37,47.4,41.28,0.0,29.43,35.68,51.46,https://www.openstreetmap.org/?mlat=35.67987&mlon=51.46130#map=17/35.67987/51.46130,B
منطقه ۱۴ شهر تهران,آهنگران,tehran:m1414,شریفی صدر,residential,0.11,63.24,41.18,-0.3,32.88,35.68,51.46,https://www.openstreetmap.org/?mlat=35.67936&mlon=51.45871#map=17/35.67936/51.45871,B
منطقه ۱۴ شهر تهران,آهنگران,tehran:m1414,علیرضا کندی,tertiary,0.1,69.37,40.9,-0.9,33.45,35.68,51.46,https://www.openstreetmap.org/?mlat=35.67722&mlon=51.46278#map=17/35.67722/51.46278,B
منطقه ۱۴ شهر تهران,آهنگران,tehran:m1414,احمد آخوندی,residential,0.12,74.7,40.85,-1.1,34.39,35.68,51.46,https://www.openstreetmap.org/?mlat=35.68036&mlon=51.46188#map=17/35.68036/51.46188,B
منطقه ۱۴ شهر تهران,آهنگران,tehran:m1414,سعید خمانی,residential,0.14,79.26,41.15,-0.3,36.56,35.68,51.46,https://www.openstreetmap.org/?mlat=35.67930&mlon=51.46170#map=17/35.67930/51.46170,B
منطقه ۱۴ شهر تهران,مینای شمالی,tehran:m1413,خطیب,residential,0.25,31.39,38.85,-2.0,19.65,35.68,51.45,https://www.openstreetmap.org/?mlat=35.67682&mlon=51.45302#map=17/35.67682/51.45302,A
منطقه ۱۴ شهر تهران,مینای شمالی,tehran:m1413,کفاش,residential,0.24,27.13,39.48,-0.5,20.01,35.68,51.45,https://www.openstreetmap.org/?mlat=35.67784&mlon=51.45464#map=17/35.67784/51.45464,A
منطقه ۱۴ شهر تهران,مینای شمالی,tehran:m1413,مسجد شهابی,residential,0.12,36.55,38.54,-2.8,20.2,35.68,51.45,https://www.openstreetmap.org/?mlat=35.67695&mlon=51.45241#map=17/35.67695/51.45241,A
منطقه ۱۴ شهر تهران,مینای شمالی,tehran:m1413,صادقی,residential,0.12,36.55,38.6,-2.7,20.28,35.68,51.45,https://www.openstreetmap.org/?mlat=35.67673&mlon=51.45229#map=17/35.67673/51.45229,A
منطقه ۱۴ شهر تهران,مینای شمالی,tehran:m1413,شکوری,tertiary,0.49,27.83,39.67,0.0,20.55,35.68,51.46,https://www.openstreetmap.org/?mlat=35.67843&mlon=51.45510#map=17/35.67843/51.45510,A
منطقه ۱۴ شهر تهران,مینای شمالی,tehran:m1413,کاظم خدامی,residential,0.18,36.55,38.89,-2.0,20.84,35.68,51.45,https://www.openstreetmap.org/?mlat=35.67632&mlon=51.45180#map=17/35.67632/51.45180,A
منطقه ۱۴ شهر تهران,شکوفه,tehran:m1401,داوود سرتاج,residential,0.11,21.25,42.17,-5.8,26.05,35.68,51.45,https://www.openstreetmap.org/?mlat=35.67986&mlon=51.44856#map=17/35.67986/51.44856,B
منطقه ۱۴ شهر تهران,شکوفه,tehran:m1401,هرمز,residential,0.11,31.25,42.73,-4.6,29.65,35.68,51.45,https://www.openstreetmap.org/?mlat=35.68388&mlon=51.44979#map=17/35.68388/51.44979,B
منطقه ۱۴ شهر تهران,شکوفه,tehran:m1401,پورعلی محمدی,residential,0.11,31.4,42.8,-4.4,29.99,35.68,51.45,https://www.openstreetmap.org/?mlat=35.68427&mlon=51.44990#map=17/35.68427/51.44990,B
منطقه ۱۴ شهر تهران,شکوفه,tehran:m1401,عبدالله مختاری,residential,0.36,30.95,43.0,-4.0,30.28,35.68,51.45,https://www.openstreetmap.org/?mlat=35.68198&mlon=51.44879#map=17/35.68198/51.44879,B
منطقه ۱۴ شهر تهران,شکوفه,tehran:m1401,فصیحی,residential,0.11,31.54,42.86,-4.3,30.29,35.68,51.45,https://www.openstreetmap.org/?mlat=35.68473&mlon=51.45003#map=17/35.68473/51.45003,B
منطقه ۱۴ شهر تهران,شکوفه,tehran:m1401,جعفر حاجیان فر,residential,0.23,30.95,43.01,-3.9,30.34,35.68,51.45,https://www.openstreetmap.org/?mlat=35.68033&mlon=51.44801#map=17/35.68033/51.44801,B
منطقه ۱۴ شهر تهران,چهارصد دستگاه,tehran:m1402,محمدتقی عزیزی,tertiary,0.45,18.21,43.82,-3.5,29.6,35.69,51.46,https://www.openstreetmap.org/?mlat=35.68705&mlon=51.45592#map=17/35.68705/51.45592,B
منطقه ۱۴ شهر تهران,چهارصد دستگاه,tehran:m1402,مصطفی نظری,residential,0.17,28.05,43.99,-3.2,31.89,35.69,51.46,https://www.openstreetmap.org/?mlat=35.68725&mlon=51.45926#map=17/35.68725/51.45926,B
منطقه ۱۴ شهر تهران,چهارصد دستگاه,tehran:m1402,پروانه,residential,0.14,31.42,44.0,-3.1,32.78,35.69,51.46,https://www.openstreetmap.org/?mlat=35.68740&mlon=51.46006#map=17/35.68740/51.46006,B
منطقه ۱۴ شهر تهران,چهارصد دستگاه,tehran:m1402,زرکار,residential,0.22,33.14,44.02,-3.1,33.15,35.69,51.46,https://www.openstreetmap.org/?mlat=35.68754&mlon=51.46040#map=17/35.68754/51.46040,B
منطقه ۱۴ شهر تهران,چهارصد دستگاه,tehran:m1402,امیری,residential,0.12,37.76,43.71,-3.8,33.63,35.69,51.46,https://www.openstreetmap.org/?mlat=35.68765&mlon=51.46112#map=17/35.68765/51.46112,B
منطقه ۱۴ شهر تهران,چهارصد دستگاه,tehran:m1402,شیخ الرئیس,residential,0.14,31.42,44.72,-1.6,34.4,35.69,51.46,https://www.openstreetmap.org/?mlat=35.68754&mlon=51.45679#map=17/35.68754/51.45679,B
منطقه ۱۴ شهر تهران,صد دستگاه,tehran:m1404,محمدباقر داودآبادی,tertiary,0.77,0.0,39.61,-4.2,12.18,35.69,51.47,https://www.openstreetmap.org/?mlat=35.68699&mlon=51.47495#map=17/35.68699/51.47495,B
منطقه ۱۴ شهر تهران,صد دستگاه,tehran:m1404,اسماعیل دوستکام,residential,0.19,0.0,40.1,-3.1,13.48,35.69,51.47,https://www.openstreetmap.org/?mlat=35.68757&mlon=51.47120#map=17/35.68757/51.47120,B
منطقه ۱۴ شهر تهران,صد دستگاه,tehran:m1404,احمد میرمحکم,residential,0.21,0.0,40.11,-3.0,13.53,35.69,51.48,https://www.openstreetmap.org/?mlat=35.68771&mlon=51.47796#map=17/35.68771/51.47796,B
منطقه ۱۴ شهر تهران,صد دستگاه,tehran:m1404,فرید بیک حسینی,residential,0.19,0.0,40.12,-3.0,13.54,35.69,51.47,https://www.openstreetmap.org/?mlat=35.68765&mlon=51.47214#map=17/35.68765/51.47214,B
منطقه ۱۴ شهر تهران,صد دستگاه,tehran:m1404,علی قنبر,residential,0.19,0.0,40.14,-3.0,13.58,35.69,51.47,https://www.openstreetmap.org/?mlat=35.68772&mlon=51.47305#map=17/35.68772/51.47305,B
منطقه ۱۴ شهر تهران,صد دستگاه,tehran:m1404,بهروز غنیان,residential,0.19,0.0,40.19,-2.8,13.73,35.69,51.47,https://www.openstreetmap.org/?mlat=35.68779&mlon=51.47404#map=17/35.68779/51.47404,B
منطقه ۱۴ شهر تهران,دهم فروردین,tehran:m1409,باغ سید جواد,residential,0.1,0.0,38.16,-1.6,9.17,35.68,51.47,https://www.openstreetmap.org/?mlat=35.68291&mlon=51.46781#map=17/35.68291/51.46781,B
منطقه ۱۴ شهر تهران,دهم فروردین,tehran:m1409,هشت متری,residential,0.15,0.0,38.17,-1.6,9.17,35.68,51.47,https://www.openstreetmap.org/?mlat=35.68309&mlon=51.46886#map=17/35.68309/51.46886,B
منطقه ۱۴ شهر تهران,دهم فروردین,tehran:m1409,علیرضا ریحانی پور,residential,0.11,0.0,38.3,-1.2,9.36,35.68,51.47,https://www.openstreetmap.org/?mlat=35.68370&mlon=51.46792#map=17/35.68370/51.46792,B
منطقه ۱۴ شهر تهران,دهم فروردین,tehran:m1409,مرتضوی,residential,0.26,0.0,38.31,-1.2,9.38,35.68,51.47,https://www.openstreetmap.org/?mlat=35.68450&mlon=51.46857#map=17/35.68450/51.46857,B
منطقه ۱۴ شهر تهران,دهم فروردین,tehran:m1409,مرتضی مقدس,residential,0.18,0.0,38.39,-1.0,9.55,35.68,51.47,https://www.openstreetmap.org/?mlat=35.68435&mlon=51.46950#map=17/35.68435/51.46950,B
منطقه ۱۴ شهر تهران,دهم فروردین,tehran:m1409,حافظ,residential,0.18,0.0,38.4,-1.0,9.6,35.68,51.47,https://www.openstreetmap.org/?mlat=35.68477&mlon=51.46958#map=17/35.68477/51.46958,B
منطقه ۱۴ شهر تهران,پرستار,tehran:m1405,علیرضا نوروزیان,residential,0.18,0.0,39.96,-5.7,13.09,35.69,51.49,https://www.openstreetmap.org/?mlat=35.68825&mlon=51.48541#map=17/35.68825/51.48541,B
منطقه ۱۴ شهر تهران,پرستار,tehran:m1405,مریم شرقی,residential,0.17,0.0,39.98,-5.7,13.16,35.69,51.48,https://www.openstreetmap.org/?mlat=35.68811&mlon=51.48351#map=17/35.68811/51.48351,B
منطقه ۱۴ شهر تهران,پرستار,tehran:m1405,علیرضا نساجی,tertiary,0.62,0.0,39.99,-5.6,13.18,35.69,51.48,https://www.openstreetmap.org/?mlat=35.68771&mlon=51.48462#map=17/35.68771/51.48462,B
منطقه ۱۴ شهر تهران,پرستار,tehran:m1405,امیر احمدی,residential,0.19,0.0,40.11,-5.4,13.5,35.69,51.48,https://www.openstreetmap.org/?mlat=35.68857&mlon=51.48440#map=17/35.68857/51.48440,B
منطقه ۱۴ شهر تهران,پرستار,tehran:m1405,مریم غربی,residential,0.11,0.0,40.14,-5.3,13.59,35.69,51.48,https://www.openstreetmap.org/?mlat=35.68800&mlon=51.48196#map=17/35.68800/51.48196,B
منطقه ۱۴ شهر تهران,پرستار,tehran:m1405,مینو,residential,0.18,0.0,40.18,-5.2,13.71,35.69,51.49,https://www.openstreetmap.org/?mlat=35.68875&mlon=51.48532#map=17/35.68875/51.48532,B
منطقه ۱۴ شهر تهران,ابوذر,tehran:m1417,اکبر رصاف,residential,0.3,3.78,39.1,-11.0,14.19,35.68,51.49,https://www.openstreetmap.org/?mlat=35.68434&mlon=51.48511#map=17/35.68434/51.48511,A
منطقه ۱۴ شهر تهران,ابوذر,tehran:m1417,مرتضی رصاف سهی,residential,0.31,5.5,39.42,-10.3,15.37,35.68,51.48,https://www.openstreetmap.org/?mlat=35.68346&mlon=51.48141#map=17/35.68346/51.48141,A
منطقه ۱۴ شهر تهران,ابوذر,tehran:m1417,محمد سیف اللهی,residential,0.31,13.58,39.45,-10.2,16.97,35.68,51.49,https://www.openstreetmap.org/?mlat=35.68372&mlon=51.48512#map=17/35.68372/51.48512,A
منطقه ۱۴ شهر تهران,ابوذر,tehran:m1417,محمدرضا بخشی,residential,0.29,13.58,39.74,-9.5,17.67,35.68,51.49,https://www.openstreetmap.org/?mlat=35.68327&mlon=51.48528#map=17/35.68327/51.48528,A
منطقه ۱۴ شهر تهران,ابوذر,tehran:m1417,ابراهیم افراسیابی,residential,0.27,13.58,40.03,-8.9,18.46,35.68,51.49,https://www.openstreetmap.org/?mlat=35.68285&mlon=51.48541#map=17/35.68285/51.48541,A
منطقه ۱۴ شهر تهران,ابوذر,tehran:m1417,علیرضا آشتیانی,residential,0.25,13.58,40.31,-8.2,19.24,35.68,51.49,https://www.openstreetmap.org/?mlat=35.68244&mlon=51.48554#map=17/35.68244/51.48554,A
منطقه ۱۳ شهر تهران,دهقان - کوکاکولا,tehran:m1312,حسین شهیدی پور,residential,0.4,61.42,37.22,-18.3,23.58,35.7,51.48,https://www.openstreetmap.org/?mlat=35.70068&mlon=51.47754#map=17/35.70068/51.47754,B
منطقه ۱۳ شهر تهران,دهقان - کوکاکولا,tehran:m1312,حمید رضا علی,residential,0.39,65.74,38.43,-15.7,26.54,35.7,51.48,https://www.openstreetmap.org/?mlat=35.70019&mlon=51.47765#map=17/35.70019/51.47765,B
منطقه ۱۳ شهر تهران,دهقان - کوکاکولا,tehran:m1312,چهارفصل,service,0.64,79.89,36.89,-19.0,27.61,35.7,51.48,https://www.openstreetmap.org/?mlat=35.70033&mlon=51.47651#map=17/35.70033/51.47651,B
منطقه ۱۳ شهر تهران,دهقان - کوکاکولا,tehran:m1312,محمود ریحانی,residential,0.37,82.29,39.65,-13.0,33.0,35.7,51.48,https://www.openstreetmap.org/?mlat=35.69968&mlon=51.47776#map=17/35.69968/51.47776,B
منطقه ۱۳ شهر تهران,دهقان - کوکاکولا,tehran:m1312,غلامرضا حاجی وند,residential,0.34,103.38,40.79,-10.5,41.51,35.7,51.48,https://www.openstreetmap.org/?mlat=35.69918&mlon=51.47787#map=17/35.69918/51.47787,B
منطقه ۱۳ شهر تهران,دهقان - کوکاکولا,tehran:m1312,هاشم سلامی,residential,0.4,129.45,39.46,-13.4,43.32,35.7,51.47,https://www.openstreetmap.org/?mlat=35.69828&mlon=51.47424#map=17/35.69828/51.47424,B
منطقه ۱۳ شهر تهران,زاهد گیلانی,tehran:m1311,کریمی سرشت,residential,0.12,106.73,47.5,-4.3,58.52,35.69,51.46,https://www.openstreetmap.org/?mlat=35.69118&mlon=51.46068#map=17/35.69118/51.46068,B
منطقه ۱۳ شهر تهران,زاهد گیلانی,tehran:m1311,مزینانی,residential,0.11,106.73,47.78,-3.7,59.08,35.69,51.46,https://www.openstreetmap.org/?mlat=35.69106&mlon=51.45896#map=17/35.69106/51.45896,B
منطقه ۱۳ شهر تهران,زاهد گیلانی,tehran:m1311,حسینی عابدی,residential,0.1,106.73,48.61,-2.0,60.59,35.69,51.46,https://www.openstreetmap.org/?mlat=35.69215&mlon=51.45911#map=17/35.69215/51.45911,B
منطقه ۱۳ شهر تهران,زاهد گیلانی,tehran:m1311,محمد تقی عقیلی,residential,0.11,106.73,49.07,-1.1,61.52,35.69,51.46,https://www.openstreetmap.org/?mlat=35.69299&mlon=51.45772#map=17/35.69299/51.45772,B
منطقه ۱۳ شهر تهران,زاهد گیلانی,tehran:m1311,کلینی,residential,0.7,106.73,49.11,-1.0,61.61,35.69,51.46,https://www.openstreetmap.org/?mlat=35.69359&mlon=51.45817#map=17/35.69359/51.45817,B
منطقه ۱۳ شهر تهران,زاهد گیلانی,tehran:m1311,مشایخی,residential,0.2,121.81,47.46,-4.3,61.63,35.69,51.46,https://www.openstreetmap.org/?mlat=35.69160&mlon=51.46191#map=17/35.69160/51.46191,B
منطقه ۱۳ شهر تهران,شهید اسدی,tehran:m1301,ایوب زاده,residential,0.14,55.41,50.59,-4.0,52.37,35.7,51.46,https://www.openstreetmap.org/?mlat=35.69910&mlon=51.45659#map=17/35.69910/51.45659,B
منطقه ۱۳ شهر تهران,شهید اسدی,tehran:m1301,ثارالله,residential,0.24,65.01,49.57,-6.0,52.5,35.7,51.46,https://www.openstreetmap.org/?mlat=35.69868&mlon=51.45542#map=17/35.69868/51.45542,B
منطقه ۱۳ شهر تهران,شهید اسدی,tehran:m1301,فضلعلی,residential,0.24,77.05,50.84,-3.6,57.54,35.7,51.46,https://www.openstreetmap.org/?mlat=35.69907&mlon=51.45704#map=17/35.69907/51.45704,B
منطقه ۱۳ شهر تهران,شهید اسدی,tehran:m1301,غفاری نسب,residential,0.18,97.5,49.45,-6.2,59.75,35.71,51.46,https://www.openstreetmap.org/?mlat=35.70503&mlon=51.46179#map=17/35.70503/51.46179,B
منطقه ۱۳ شهر تهران,شهید اسدی,tehran:m1301,جهان افروز,residential,0.11,83.87,52.59,-0.2,62.31,35.7,51.45,https://www.openstreetmap.org/?mlat=35.70035&mlon=51.45001#map=17/35.70035/51.45001,B
منطقه ۱۳ شهر تهران,شهید اسدی,tehran:m1301,کاه,residential,0.1,101.35,50.34,-4.5,62.78,35.7,51.46,https://www.openstreetmap.org/?mlat=35.69915&mlon=51.45552#map=17/35.69915/51.45552,B
منطقه ۱۳ شهر تهران,صفا,tehran:m1310,ملک,residential,0.24,13.12,47.89,-2.7,37.31,35.7,51.45,https://www.openstreetmap.org/?mlat=35.69729&mlon=51.45278#map=17/35.69729/51.45278,B
منطقه ۱۳ شهر تهران,صفا,tehran:m1310,فارابی,residential,0.29,13.12,47.99,-2.5,37.47,35.7,51.45,https://www.openstreetmap.org/?mlat=35.69810&mlon=51.45347#map=17/35.69810/51.45347,B
منطقه ۱۳ شهر تهران,صفا,tehran:m1310,غیائی,residential,0.26,13.12,48.15,-2.2,37.79,35.7,51.45,https://www.openstreetmap.org/?mlat=35.69693&mlon=51.45241#map=17/35.69693/51.45241,B
منطقه ۱۳ شهر تهران,صفا,tehran:m1310,اول,residential,0.1,13.12,48.52,-1.4,38.44,35.7,51.45,https://www.openstreetmap.org/?mlat=35.69698&mlon=51.45371#map=17/35.69698/51.45371,B
منطقه ۱۳ شهر تهران,صفا,tehran:m1310,اسدالله زارع کلخوران,residential,0.21,13.12,48.58,-1.3,38.57,35.7,51.45,https://www.openstreetmap.org/?mlat=35.69655&mlon=51.45384#map=17/35.69655/51.45384,B
منطقه ۱۳ شهر تهران,صفا,tehran:m1310,عابدینی,residential,0.23,13.12,48.6,-1.3,38.58,35.7,51.46,https://www.openstreetmap.org/?mlat=35.69670&mlon=51.45529#map=17/35.69670/51.45529,B
منطقه ۱۲ شهر تهران,آبشار,tehran:m1205,پیشاهنگ,residential,0.13,52.89,44.0,-8.2,37.74,35.68,51.45,https://www.openstreetmap.org/?mlat=35.67504&mlon=51.44576#map=17/35.67504/51.44576,A
منطقه ۱۲ شهر تهران,آبشار,tehran:m1205,گائینی,residential,0.13,70.92,44.12,-8.0,42.03,35.68,51.45,https://www.openstreetmap.org/?mlat=35.67615&mlon=51.44556#map=17/35.67615/51.44556,A
منطقه ۱۲ شهر تهران,آبشار,tehran:m1205,فتاح,residential,0.13,52.63,45.93,-4.2,42.27,35.68,51.45,https://www.openstreetmap.org/?mlat=35.67990&mlon=51.44513#map=17/35.67990/51.44513,A
منطقه ۱۲ شهر تهران,آبشار,tehran:m1205,حسین زندیه,residential,0.24,52.63,45.98,-4.1,42.37,35.68,51.45,https://www.openstreetmap.org/?mlat=35.68046&mlon=51.44533#map=17/35.68046/51.44533,A
منطقه ۱۲ شهر تهران,آبشار,tehran:m1205,اکبری,residential,0.19,61.55,45.38,-5.3,42.75,35.68,51.45,https://www.openstreetmap.org/?mlat=35.67915&mlon=51.44519#map=17/35.67915/51.44519,A
منطقه ۱۲ شهر تهران,آبشار,tehran:m1205,محسن شادرو,residential,0.14,52.63,46.16,-3.7,42.82,35.68,51.44,https://www.openstreetmap.org/?mlat=35.67990&mlon=51.44492#map=17/35.67990/51.44492,A
منطقه ۱۲ شهر تهران,امام زاده یحیی,tehran:m1206,شاهسون‌ها,residential,0.1,53.67,49.01,-7.0,48.8,35.68,51.43,https://www.openstreetmap.org/?mlat=35.67612&mlon=51.43081#map=17/35.67612/51.43081,C
منطقه ۱۲ شهر تهران,امام زاده یحیی,tehran:m1206,نعیمی سپهر,residential,0.18,38.46,52.1,-1.2,51.15,35.68,51.44,https://www.openstreetmap.org/?mlat=35.67955&mlon=51.43724#map=17/35.67955/51.43724,C
منطقه ۱۲ شهر تهران,امام زاده یحیی,tehran:m1206,حمام سید ابراهیم,residential,0.12,38.46,52.18,-1.0,51.3,35.68,51.44,https://www.openstreetmap.org/?mlat=35.68056&mlon=51.43743#map=17/35.68056/51.43743,C
منطقه ۱۲ شهر تهران,امام زاده یحیی,tehran:m1206,برزن,residential,0.11,30.73,53.39,1.3,51.44,35.68,51.43,https://www.openstreetmap.org/?mlat=35.68173&mlon=51.43178#map=17/35.68173/51.43178,C
منطقه ۱۲ شهر تهران,امام زاده یحیی,tehran:m1206,عبدالله شریفی منفرد,residential,0.17,38.46,52.68,-0.1,52.16,35.68,51.44,https://www.openstreetmap.org/?mlat=35.68037&mlon=51.43693#map=17/35.68037/51.43693,C
منطقه ۱۲ شهر تهران,امام زاده یحیی,tehran:m1206,افشار,residential,0.21,38.46,52.75,0.1,52.28,35.68,51.43,https://www.openstreetmap.org/?mlat=35.68011&mlon=51.43200#map=17/35.68011/51.43200,C
منطقه ۱۲ شهر تهران,ایران,tehran:m1204,رب گر,residential,0.12,97.45,49.03,-3.4,58.81,35.68,51.44,https://www.openstreetmap.org/?mlat=35.68471&mlon=51.44009#map=17/35.68471/51.44009,B
منطقه ۱۲ شهر تهران,ایران,tehran:m1204,محمد کریمی,residential,0.24,97.45,49.38,-2.7,59.58,35.69,51.44,https://www.openstreetmap.org/?mlat=35.68505&mlon=51.43934#map=17/35.68505/51.43934,B
منطقه ۱۲ شهر تهران,ایران,tehran:m1204,گوته,tertiary,0.49,101.31,49.14,-3.2,60.39,35.68,51.44,https://www.openstreetmap.org/?mlat=35.68354&mlon=51.44089#map=17/35.68354/51.44089,B
منطقه ۱۲ شهر تهران,ایران,tehran:m1204,دکتر سنگ,residential,0.1,97.45,50.07,-1.4,60.93,35.69,51.44,https://www.openstreetmap.org/?mlat=35.68753&mlon=51.43975#map=17/35.68753/51.43975,B
منطقه ۱۲ شهر تهران,ایران,tehran:m1204,پارسا,residential,0.11,131.73,46.59,-8.2,61.62,35.68,51.45,https://www.openstreetmap.org/?mlat=35.68378&mlon=51.44626#map=17/35.68378/51.44626,B
منطقه ۱۲ شهر تهران,ایران,tehran:m1204,مقدم,residential,0.12,119.04,47.79,-5.9,61.86,35.68,51.44,https://www.openstreetmap.org/?mlat=35.68362&mlon=51.44355#map=17/35.68362/51.44355,B
منطقه ۱۲ شهر تهران,پامنار,tehran:m1207,الیاس پرتوی,residential,0.14,0.0,44.57,-14.7,24.86,35.68,51.43,https://www.openstreetmap.org/?mlat=35.67687&mlon=51.42649#map=17/35.67687/51.42649,C
منطقه ۱۲ شهر تهران,پامنار,tehran:m1207,حاجی‌ها,residential,0.12,0.0,45.62,-12.7,27.51,35.68,51.43,https://www.openstreetmap.org/?mlat=35.67771&mlon=51.42679#map=17/35.67771/51.42679,C
منطقه ۱۲ شهر تهران,پامنار,tehran:m1207,عصاری,residential,0.18,0.0,46.2,-11.6,28.85,35.68,51.43,https://www.openstreetmap.org/?mlat=35.67726&mlon=51.42800#map=17/35.67726/51.42800,C
منطقه ۱۲ شهر تهران,پامنار,tehran:m1207,عودلاجان,residential,0.14,0.0,46.71,-10.6,29.99,35.68,51.43,https://www.openstreetmap.org/?mlat=35.67801&mlon=51.42783#map=17/35.67801/51.42783,C
منطقه ۱۲ شهر تهران,پامنار,tehran:m1207,حکیم,residential,0.12,0.0,47.19,-9.7,30.97,35.68,51.43,https://www.openstreetmap.org/?mlat=35.67795&mlon=51.42822#map=17/35.67795/51.42822,C
منطقه ۱۲ شهر تهران,پامنار,tehran:m1207,مسجد آقا,residential,0.13,0.0,47.39,-9.3,31.35,35.68,51.43,https://www.openstreetmap.org/?mlat=35.67854&mlon=51.42593#map=17/35.67854/51.42593,C
منطقه ۱۲ شهر تهران,بهارستان,tehran:m1202,زهره,residential,0.12,0.0,49.35,-10.5,35.21,35.7,51.44,https://www.openstreetmap.org/?mlat=35.70100&mlon=51.43585#map=17/35.70100/51.43585,C
منطقه ۱۲ شهر تهران,بهارستان,tehran:m1202,جلالی,residential,0.15,0.0,49.64,-10.0,35.81,35.7,51.43,https://www.openstreetmap.org/?mlat=35.70101&mlon=51.43393#map=17/35.70101/51.43393,C
منطقه ۱۲ شهر تهران,بهارستان,tehran:m1202,تهرانی,residential,0.27,0.0,49.98,-9.4,36.48,35.7,51.43,https://www.openstreetmap.org/?mlat=35.70039&mlon=51.43456#map=17/35.70039/51.43456,C
منطقه ۱۲ شهر تهران,بهارستان,tehran:m1202,مرتضی چرمی,residential,0.15,0.0,50.33,-8.7,37.09,35.7,51.44,https://www.openstreetmap.org/?mlat=35.69962&mlon=51.43555#map=17/35.69962/51.43555,C
منطقه ۱۲ شهر تهران,بهارستان,tehran:m1202,علی آبادی,residential,0.25,0.0,50.34,-8.7,37.12,35.7,51.43,https://www.openstreetmap.org/?mlat=35.70076&mlon=51.43180#map=17/35.70076/51.43180,C
منطقه ۱۲ شهر تهران,بهارستان,tehran:m1202,حاتم تهرانی مقدم,residential,0.11,0.0,50.44,-8.5,37.31,35.7,51.43,https://www.openstreetmap.org/?mlat=35.69973&mlon=51.43489#map=17/35.69973/51.43489,C
منطقه ۱۲ شهر تهران,دروازه شمیران,tehran:m1203,بلوری,residential,0.15,40.82,48.78,-3.7,45.25,35.7,51.44,https://www.openstreetmap.org/?mlat=35.69943&mlon=51.44401#map=17/35.69943/51.44401,B
منطقه ۱۲ شهر تهران,دروازه شمیران,tehran:m1203,محمدجعفر جلیلی,residential,0.16,40.82,50.27,-0.7,48.24,35.7,51.44,https://www.openstreetmap.org/?mlat=35.70009&mlon=51.44436#map=17/35.70009/51.44436,B
منطقه ۱۲ شهر تهران,دروازه شمیران,tehran:m1203,مجید انتظاری,residential,0.35,72.08,47.43,-6.4,49.77,35.7,51.44,https://www.openstreetmap.org/?mlat=35.69883&mlon=51.44280#map=17/35.69883/51.44280,B
منطقه ۱۲ شهر تهران,دروازه شمیران,tehran:m1203,غلامعلی پیشیار,residential,0.24,40.82,51.19,1.1,49.98,35.7,51.45,https://www.openstreetmap.org/?mlat=35.70013&mlon=51.44570#map=17/35.70013/51.44570,B
منطقه ۱۲ شهر تهران,دروازه شمیران,tehran:m1203,جوادی,residential,0.13,63.13,48.67,-3.9,50.11,35.7,51.44,https://www.openstreetmap.org/?mlat=35.69999&mlon=51.43928#map=17/35.69999/51.43928,B
منطقه ۱۲ شهر تهران,دروازه شمیران,tehran:m1203,اسکویی,residential,0.21,54.53,49.56,-2.2,50.14,35.7,51.44,https://www.openstreetmap.org/?mlat=35.70069&mlon=51.44073#map=17/35.70069/51.44073,B
منطقه ۷ شهر تهران,نظام آباد,tehran:m718,حسین حسینیان,residential,0.22,85.75,45.46,-18.5,48.52,35.71,51.46,https://www.openstreetmap.org/?mlat=35.71005&mlon=51.45594#map=17/35.71005/51.45594,B
منطقه ۷ شهر تهران,نظام آباد,tehran:m718,معماری,residential,0.11,85.75,47.38,-15.0,52.74,35.71,51.46,https://www.openstreetmap.org/?mlat=35.70946&mlon=51.45571#map=17/35.70946/51.45571,B
منطقه ۷ شهر تهران,نظام آباد,tehran:m718,صدرخواه,residential,0.11,85.75,47.96,-14.0,53.88,35.71,51.45,https://www.openstreetmap.org/?mlat=35.70960&mlon=51.45433#map=17/35.70960/51.45433,B
منطقه ۷ شهر تهران,نظام آباد,tehran:m718,ابراهیم جعفری سنجانی,residential,0.15,119.66,48.39,-13.2,63.01,35.71,51.46,https://www.openstreetmap.org/?mlat=35.70908&mlon=51.45598#map=17/35.70908/51.45598,B
منطقه ۷ شهر تهران,نظام آباد,tehran:m718,محمدی,residential,0.24,112.49,51.55,-7.5,67.67,35.71,51.45,https://www.openstreetmap.org/?mlat=35.70851&mlon=51.45365#map=17/35.70851/51.45365,B
منطقه ۷ شهر تهران,نظام آباد,tehran:m718,فتاحی منش,residential,0.33,126.08,50.65,-9.2,68.38,35.71,51.46,https://www.openstreetmap.org/?mlat=35.70800&mlon=51.45698#map=17/35.70800/51.45698,B
منطقه ۷ شهر تهران,گرگان,tehran:m719,دو متری اباذر,residential,0.1,63.8,42.5,-20.0,36.71,35.71,51.45,https://www.openstreetmap.org/?mlat=35.71220&mlon=51.45292#map=17/35.71220/51.45292,B
منطقه ۷ شهر تهران,گرگان,tehran:m719,درگری,residential,0.27,63.8,43.3,-18.5,38.74,35.71,51.45,https://www.openstreetmap.org/?mlat=35.71175&mlon=51.45307#map=17/35.71175/51.45307,B
منطقه ۷ شهر تهران,گرگان,tehran:m719,گوهرپور,residential,0.11,63.8,43.84,-17.5,39.91,35.71,51.45,https://www.openstreetmap.org/?mlat=35.71144&mlon=51.45350#map=17/35.71144/51.45350,B
منطقه ۷ شهر تهران,گرگان,tehran:m719,حق پرست,residential,0.26,63.8,43.9,-17.4,40.04,35.71,51.45,https://www.openstreetmap.org/?mlat=35.71148&mlon=51.45280#map=17/35.71148/51.45280,B
منطقه ۷ شهر تهران,گرگان,tehran:m719,فرجی,residential,0.25,63.8,44.33,-16.6,40.93,35.71,51.45,https://www.openstreetmap.org/?mlat=35.71130&mlon=51.45268#map=17/35.71130/51.45268,B
منطقه ۷ شهر تهران,گرگان,tehran:m719,حسن زاده,residential,0.25,63.8,44.95,-15.4,42.45,35.71,51.45,https://www.openstreetmap.org/?mlat=35.71104&mlon=51.45232#map=17/35.71104/51.45232,B
منطقه ۱۳ شهر تهران,اشراقی,tehran:m1302,اسدالله محمدی,residential,0.19,10.62,28.78,-19.8,7.87,35.71,51.47,https://www.openstreetmap.org/?mlat=35.70622&mlon=51.47435#map=17/35.70622/51.47435,B
منطقه ۱۳ شهر تهران,اشراقی,tehran:m1302,آستینه,residential,0.29,10.62,29.21,-18.6,7.99,35.7,51.47,https://www.openstreetmap.org/?mlat=35.70469&mlon=51.47226#map=17/35.70469/51.47226,B
منطقه ۱۳ شهر تهران,اشراقی,tehran:m1302,شیخ بابایی,residential,0.19,10.62,29.41,-18.1,8.06,35.71,51.47,https://www.openstreetmap.org/?mlat=35.70667&mlon=51.47416#map=17/35.70667/51.47416,B
منطقه ۱۳ شهر تهران,اشراقی,tehran:m1302,رستمی,residential,0.19,10.62,30.57,-14.8,8.42,35.71,51.47,https://www.openstreetmap.org/?mlat=35.70719&mlon=51.47394#map=17/35.70719/51.47394,B
منطقه ۱۳ شهر تهران,اشراقی,tehran:m1302,همایون فیضی,residential,0.17,10.62,31.16,-13.2,8.63,35.71,51.48,https://www.openstreetmap.org/?mlat=35.70741&mlon=51.47588#map=17/35.70741/51.47588,B
منطقه ۱۳ شهر تهران,اشراقی,tehran:m1302,محسن اشراقی,tertiary,0.77,10.62,31.31,-12.8,8.67,35.71,51.47,https://www.openstreetmap.org/?mlat=35.70727&mlon=51.47287#map=17/35.70727/51.47287,B
منطقه ۱۵ شهر تهران,اسلام آباد - والفجر,tehran:m1514,قصر فیروزه ۲,residential,0.13,0.0,23.0,-33.7,2.29,35.64,51.5,https://www.openstreetmap.org/?mlat=35.64441&mlon=51.50486#map=17/35.64441/51.50486,C
منطقه ۱۵ شهر تهران,اسلام آباد - والفجر,tehran:m1514,کوهسار,residential,0.35,0.0,28.96,-16.6,3.28,35.64,51.5,https://www.openstreetmap.org/?mlat=35.64292&mlon=51.50126#map=17/35.64292/51.50126,C
منطقه ۱۵ شهر تهران,اسلام آباد - والفجر,tehran:m1514,علیرضا کریمی,residential,0.2,0.35,27.4,-21.1,5.04,35.64,51.5,https://www.openstreetmap.org/?mlat=35.63965&mlon=51.49975#map=17/35.63965/51.49975,C
منطقه ۱۵ شهر تهران,اسلام آباد - والفجر,tehran:m1514,محمدحسن رستم آبادی,residential,0.2,0.36,28.0,-19.4,5.23,35.64,51.5,https://www.openstreetmap.org/?mlat=35.64006&mlon=51.49965#map=17/35.64006/51.49965,C
منطقه ۱۵ شهر تهران,اسلام آباد - والفجر,tehran:m1514,صدوقی یکم,residential,0.2,1.82,27.35,-21.2,5.39,35.64,51.5,https://www.openstreetmap.org/?mlat=35.63920&mlon=51.49985#map=17/35.63920/51.49985,C
منطقه ۱۵ شهر تهران,اسلام آباد - والفجر,tehran:m1514,صدوقی چهارم,residential,0.21,0.36,28.7,-17.3,5.43,35.64,51.5,https://www.openstreetmap.org/?mlat=35.64051&mlon=51.49954#map=17/35.64051/51.49954,C
منطقه ۱۵ شهر تهران,بلوار ابوذر - آهنگ,tehran:m1504,بوستان دوم شرقی,residential,0.13,0.0,39.45,-4.4,11.83,35.66,51.49,https://www.openstreetmap.org/?mlat=35.65553&mlon=51.48675#map=17/35.65553/51.48675,A
منطقه ۱۵ شهر تهران,بلوار ابوذر - آهنگ,tehran:m1504,صدیقی مقدم,residential,0.11,0.0,39.46,-4.3,11.86,35.66,51.49,https://www.openstreetmap.org/?mlat=35.65597&mlon=51.48676#map=17/35.65597/51.48676,A
منطقه ۱۵ شهر تهران,بلوار ابوذر - آهنگ,tehran:m1504,نوری,residential,0.13,0.0,39.52,-4.2,12.0,35.66,51.49,https://www.openstreetmap.org/?mlat=35.65503&mlon=51.48667#map=17/35.65503/51.48667,A
منطقه ۱۵ شهر تهران,بلوار ابوذر - آهنگ,tehran:m1504,بوستان چهارم شرقی,residential,0.13,0.0,39.69,-3.8,12.39,35.65,51.49,https://www.openstreetmap.org/?mlat=35.65454&mlon=51.48652#map=17/35.65454/51.48652,A
منطقه ۱۵ شهر تهران,بلوار ابوذر - آهنگ,tehran:m1504,بوستان ششم شرقی,residential,0.1,0.0,40.05,-2.9,13.36,35.65,51.49,https://www.openstreetmap.org/?mlat=35.65362&mlon=51.48621#map=17/35.65362/51.48621,A
منطقه ۱۵ شهر تهران,بلوار ابوذر - آهنگ,tehran:m1504,براتعلی تاتار,residential,0.11,0.0,40.13,-2.7,13.57,35.65,51.49,https://www.openstreetmap.org/?mlat=35.65315&mlon=51.48612#map=17/35.65315/51.48612,A
منطقه ۱۵ شهر تهران,بروجردی - دهقان,tehran:m1513,صداقت,living_street,0.16,206.94,40.41,-7.5,55.52,35.64,51.47,https://www.openstreetmap.org/?mlat=35.63642&mlon=51.47040#map=17/35.63642/51.47040,C
منطقه ۱۵ شهر تهران,بروجردی - دهقان,tehran:m1513,خیابان مطهری,residential,0.33,215.71,40.35,-7.6,55.8,35.64,51.47,https://www.openstreetmap.org/?mlat=35.63596&mlon=51.46790#map=17/35.63596/51.46790,C
منطقه ۱۵ شهر تهران,بروجردی - دهقان,tehran:m1513,شهامت,living_street,0.2,198.84,41.09,-5.9,56.87,35.64,51.47,https://www.openstreetmap.org/?mlat=35.63683&mlon=51.47063#map=17/35.63683/51.47063,C
منطقه ۱۵ شهر تهران,بروجردی - دهقان,tehran:m1513,جانباز,residential,0.7,170.33,42.53,-2.6,57.59,35.64,51.47,https://www.openstreetmap.org/?mlat=35.63802&mlon=51.47190#map=17/35.63802/51.47190,C
منطقه ۱۵ شهر تهران,بروجردی - دهقان,tehran:m1513,باکری ها,residential,0.37,170.62,42.6,-2.5,57.77,35.64,51.47,https://www.openstreetmap.org/?mlat=35.63782&mlon=51.47134#map=17/35.63782/51.47134,C
منطقه ۱۵ شهر تهران,بروجردی - دهقان,tehran:m1513,کفایت,residential,0.11,215.71,42.12,-3.6,60.73,35.64,51.47,https://www.openstreetmap.org/?mlat=35.63667&mlon=51.46902#map=17/35.63667/51.46902,C
منطقه ۱۵ شهر تهران,ولیعصر - بیسیم,tehran:m1509,بهارلو,residential,0.12,75.13,38.57,-2.1,29.0,35.65,51.45,https://www.openstreetmap.org/?mlat=35.65099&mlon=51.45196#map=17/35.65099/51.45196,B
منطقه ۱۵ شهر تهران,ولیعصر - بیسیم,tehran:m1509,نوروزی,residential,0.16,74.87,38.77,-1.6,29.23,35.65,51.45,https://www.openstreetmap.org/?mlat=35.65134&mlon=51.45134#map=17/35.65134/51.45134,B
منطقه ۱۵ شهر تهران,ولیعصر - بیسیم,tehran:m1509,آزادی,residential,0.17,74.63,38.97,-1.1,29.56,35.65,51.45,https://www.openstreetmap.org/?mlat=35.65120&mlon=51.45269#map=17/35.65120/51.45269,B
منطقه ۱۵ شهر تهران,ولیعصر - بیسیم,tehran:m1509,پیر محمدی,residential,0.12,75.13,39.17,-0.6,30.22,35.65,51.45,https://www.openstreetmap.org/?mlat=35.65170&mlon=51.45209#map=17/35.65170/51.45209,B
منطقه ۱۵ شهر تهران,ولیعصر - بیسیم,tehran:m1509,ملک محمدی,residential,0.29,75.13,39.17,-0.6,30.22,35.65,51.45,https://www.openstreetmap.org/?mlat=35.65127&mlon=51.45294#map=17/35.65127/51.45294,B
منطقه ۱۵ شهر تهران,ولیعصر - بیسیم,tehran:m1509,خداکرم,residential,0.15,77.82,39.0,-1.1,30.5,35.65,51.45,https://www.openstreetmap.org/?mlat=35.65080&mlon=51.45346#map=17/35.65080/51.45346,B
منطقه ۱۱ شهر تهران,قلمستان - براداران جوادیان,tehran:m1113,مافی,residential,0.29,83.39,42.55,-6.8,41.2,35.67,51.4,https://www.openstreetmap.org/?mlat=35.67485&mlon=51.39907#map=17/35.67485/51.39907,B
منطقه ۱۱ شهر تهران,قلمستان - براداران جوادیان,tehran:m1113,کارگشا,residential,0.12,101.11,42.95,-5.9,46.81,35.67,51.4,https://www.openstreetmap.org/?mlat=35.67362&mlon=51.39969#map=17/35.67362/51.39969,B
منطقه ۱۱ شهر تهران,قلمستان - براداران جوادیان,tehran:m1113,میرکمال,residential,0.18,108.9,42.88,-6.0,48.49,35.67,51.4,https://www.openstreetmap.org/?mlat=35.67404&mlon=51.39941#map=17/35.67404/51.39941,B
منطقه ۱۱ شهر تهران,قلمستان - براداران جوادیان,tehran:m1113,عرفانیان,residential,0.15,90.64,44.96,-1.5,48.55,35.67,51.4,https://www.openstreetmap.org/?mlat=35.66870&mlon=51.39873#map=17/35.66870/51.39873,B
منطقه ۱۱ شهر تهران,قلمستان - براداران جوادیان,tehran:m1113,ناصر شراره,residential,0.34,93.97,44.67,-2.1,48.76,35.67,51.4,https://www.openstreetmap.org/?mlat=35.67394&mlon=51.39768#map=17/35.67394/51.39768,B
منطقه ۱۱ شهر تهران,قلمستان - براداران جوادیان,tehran:m1113,گلپایگانی,residential,0.11,87.73,46.0,0.8,50.19,35.67,51.4,https://www.openstreetmap.org/?mlat=35.66787&mlon=51.39883#map=17/35.66787/51.39883,B
منطقه ۱۱ شهر تهران,راه آهن,tehran:m1118,احمد زارعی,residential,0.14,109.03,51.32,-7.9,66.38,35.66,51.4,https://www.openstreetmap.org/?mlat=35.66171&mlon=51.40439#map=17/35.66171/51.40439,B
منطقه ۱۱ شهر تهران,راه آهن,tehran:m1118,حسین زاده,residential,0.13,177.41,53.71,-3.6,81.25,35.66,51.4,https://www.openstreetmap.org/?mlat=35.66068&mlon=51.40452#map=17/35.66068/51.40452,B
منطقه ۱۱ شهر تهران,راه آهن,tehran:m1118,یحیی مقدسی,residential,0.32,189.95,52.95,-4.9,81.46,35.66,51.4,https://www.openstreetmap.org/?mlat=35.66098&mlon=51.40320#map=17/35.66098/51.40320,B
منطقه ۱۱ شهر تهران,راه آهن,tehran:m1118,غلامرضا بلوکی,residential,0.29,189.95,52.97,-4.9,81.51,35.66,51.4,https://www.openstreetmap.org/?mlat=35.66120&mlon=51.40261#map=17/35.66120/51.40261,B
منطقه ۱۱ شهر تهران,راه آهن,tehran:m1118,ایستگاه راه آهن تهران,service,0.15,145.96,58.17,4.4,81.52,35.66,51.4,https://www.openstreetmap.org/?mlat=35.65887&mlon=51.39793#map=17/35.65887/51.39793,B
منطقه ۱۱ شهر تهران,راه آهن,tehran:m1118,ابوالقاسم جابر زاده,residential,0.23,177.9,54.04,-3.0,81.87,35.66,51.4,https://www.openstreetmap.org/?mlat=35.66157&mlon=51.40115#map=17/35.66157/51.40115,B
منطقه ۱۱ شهر تهران,آگاهی,tehran:m1117,مصطفی موسوی,residential,0.14,20.63,43.5,-8.7,29.27,35.67,51.41,https://www.openstreetmap.org/?mlat=35.66668&mlon=51.40524#map=17/35.66668/51.40524,B
منطقه ۱۱ شهر تهران,آگاهی,tehran:m1117,اصغر حریری,residential,0.13,20.63,43.6,-8.5,29.48,35.67,51.4,https://www.openstreetmap.org/?mlat=35.66669&mlon=51.40463#map=17/35.66669/51.40463,B
منطقه ۱۱ شهر تهران,آگاهی,tehran:m1117,اکبر طالب لو,residential,0.18,20.63,44.04,-7.5,30.4,35.67,51.4,https://www.openstreetmap.org/?mlat=35.66605&mlon=51.40372#map=17/35.66605/51.40372,B
منطقه ۱۱ شهر تهران,آگاهی,tehran:m1117,حاتمی,residential,0.15,20.63,44.05,-7.5,30.42,35.67,51.4,https://www.openstreetmap.org/?mlat=35.66657&mlon=51.40237#map=17/35.66657/51.40237,B
منطقه ۱۱ شهر تهران,آگاهی,tehran:m1117,داریوش شمس فلاح,residential,0.11,20.63,44.11,-7.4,30.58,35.67,51.4,https://www.openstreetmap.org/?mlat=35.66681&mlon=51.40195#map=17/35.66681/51.40195,B
منطقه ۱۱ شهر تهران,آگاهی,tehran:m1117,سعید نورمحمدبیک,residential,0.13,29.8,43.82,-8.0,31.87,35.67,51.4,https://www.openstreetmap.org/?mlat=35.66667&mlon=51.40338#map=17/35.66667/51.40338,B
منطقه ۱۱ شهر تهران,فروزش - امیر بهادر,tehran:m1112,بشیری,residential,0.26,18.83,40.9,-3.4,22.2,35.68,51.4,https://www.openstreetmap.org/?mlat=35.67503&mlon=51.40427#map=17/35.67503/51.40427,A
منطقه ۱۱ شهر تهران,فروزش - امیر بهادر,tehran:m1112,محمد وزیری,residential,0.33,46.22,41.14,-2.9,28.73,35.67,51.4,https://www.openstreetmap.org/?mlat=35.67376&mlon=51.40179#map=17/35.67376/51.40179,A
منطقه ۱۱ شهر تهران,فروزش - امیر بهادر,tehran:m1112,رضوان,residential,0.16,49.18,41.0,-3.2,29.04,35.67,51.4,https://www.openstreetmap.org/?mlat=35.67443&mlon=51.40154#map=17/35.67443/51.40154,A
منطقه ۱۱ شهر تهران,فروزش - امیر بهادر,tehran:m1112,شیخ بهایی,residential,0.52,43.56,41.46,-2.1,29.11,35.67,51.41,https://www.openstreetmap.org/?mlat=35.67412&mlon=51.40502#map=17/35.67412/51.40502,A
منطقه ۱۱ شهر تهران,فروزش - امیر بهادر,tehran:m1112,شهید اسدزاده,residential,0.23,49.18,41.04,-3.1,29.14,35.67,51.4,https://www.openstreetmap.org/?mlat=35.67412&mlon=51.40323#map=17/35.67412/51.40323,A
منطقه ۱۱ شهر تهران,فروزش - امیر بهادر,tehran:m1112,سرهنگ,residential,0.26,49.18,41.3,-2.5,29.97,35.67,51.4,https://www.openstreetmap.org/?mlat=35.67353&mlon=51.40314#map=17/35.67353/51.40314,A
منطقه ۱۲ شهر تهران,تختی,tehran:m1213,گشایش,residential,0.11,20.63,44.52,-12.5,31.43,35.66,51.41,https://www.openstreetmap.org/?mlat=35.66447&mlon=51.40644#map=17/35.66447/51.40644,B
منطقه ۱۲ شهر تهران,تختی,tehran:m1213,سیدعلی قاسمی,residential,0.29,99.21,44.46,-12.6,49.52,35.67,51.41,https://www.openstreetmap.org/?mlat=35.66610&mlon=51.40754#map=17/35.66610/51.40754,B
منطقه ۱۲ شهر تهران,تختی,tehran:m1213,قربانعلی عبدالوند,residential,0.2,99.21,45.31,-10.9,51.63,35.67,51.41,https://www.openstreetmap.org/?mlat=35.66560&mlon=51.40828#map=17/35.66560/51.40828,B
منطقه ۱۲ شهر تهران,تختی,tehran:m1213,محمدرضا باعاطفه پور,residential,0.38,95.67,46.14,-9.3,52.68,35.66,51.41,https://www.openstreetmap.org/?mlat=35.66464&mlon=51.40848#map=17/35.66464/51.40848,B
منطقه ۱۲ شهر تهران,تختی,tehran:m1213,مجتبی غلامی,residential,0.18,99.21,45.85,-9.8,52.88,35.67,51.41,https://www.openstreetmap.org/?mlat=35.66605&mlon=51.40936#map=17/35.66605/51.40936,B
منطقه ۱۲ شهر تهران,تختی,tehran:m1213,حسن چهاردوری,residential,0.16,99.21,46.48,-8.6,54.37,35.67,51.41,https://www.openstreetmap.org/?mlat=35.66549&mlon=51.40962#map=17/35.66549/51.40962,B
منطقه ۱۵ شهر تهران,مطهری,tehran:m1511,نظربیگی,residential,0.16,51.6,36.63,-9.7,20.85,35.65,51.45,https://www.openstreetmap.org/?mlat=35.64749&mlon=51.45061#map=17/35.64749/51.45061,A
منطقه ۱۵ شهر تهران,مطهری,tehran:m1511,سوم,residential,0.28,64.05,37.37,-7.9,24.61,35.65,51.45,https://www.openstreetmap.org/?mlat=35.64747&mlon=51.44902#map=17/35.64747/51.44902,A
منطقه ۱۵ شهر تهران,مطهری,tehran:m1511,پنجم,residential,0.13,68.35,37.33,-8.0,25.45,35.65,51.45,https://www.openstreetmap.org/?mlat=35.64767&mlon=51.44916#map=17/35.64767/51.44916,A
منطقه ۱۵ شهر تهران,مطهری,tehran:m1511,طالبی,residential,0.14,44.18,40.17,-1.0,25.58,35.65,51.44,https://www.openstreetmap.org/?mlat=35.64621&mlon=51.43966#map=17/35.64621/51.43966,A
منطقه ۱۵ شهر تهران,مطهری,tehran:m1511,چهارم,residential,0.21,72.16,37.42,-7.7,26.39,35.65,51.45,https://www.openstreetmap.org/?mlat=35.64720&mlon=51.44912#map=17/35.64720/51.44912,A
منطقه ۱۵ شهر تهران,مطهری,tehran:m1511,حبیبی,residential,0.41,44.18,40.51,-0.1,26.63,35.65,51.44,https://www.openstreetmap.org/?mlat=35.64713&mlon=51.44021#map=17/35.64713/51.44021,A
منطقه ۱۵ شهر تهران,شوش,tehran:m1501,مقدم,residential,0.11,49.03,40.81,-2.7,28.49,35.66,51.44,https://www.openstreetmap.org/?mlat=35.65933&mlon=51.44213#map=17/35.65933/51.44213,B
منطقه ۱۵ شهر تهران,شوش,tehran:m1501,مختاری,residential,0.11,67.86,40.17,-4.2,31.21,35.66,51.44,https://www.openstreetmap.org/?mlat=35.65792&mlon=51.44464#map=17/35.65792/51.44464,B
منطقه ۱۵ شهر تهران,شوش,tehran:m1501,رفیعی,residential,0.54,65.68,40.56,-3.3,31.73,35.66,51.44,https://www.openstreetmap.org/?mlat=35.65849&mlon=51.44323#map=17/35.65849/51.44323,B
منطقه ۱۵ شهر تهران,شوش,tehran:m1501,حسن مظاهری,residential,0.57,65.68,40.71,-2.9,32.14,35.66,51.44,https://www.openstreetmap.org/?mlat=35.65795&mlon=51.44261#map=17/35.65795/51.44261,B
منطقه ۱۵ شهر تهران,شوش,tehran:m1501,خاکدوست,residential,0.32,67.86,40.52,-3.4,32.24,35.66,51.44,https://www.openstreetmap.org/?mlat=35.65820&mlon=51.44321#map=17/35.65820/51.44321,B
منطقه ۱۵ شهر تهران,شوش,tehran:m1501,امیر نیکنام,residential,0.26,72.26,40.31,-3.9,32.43,35.66,51.44,https://www.openstreetmap.org/?mlat=35.65938&mlon=51.44323#map=17/35.65938/51.44323,B
منطقه ۱۵ شهر تهران,مظاهری,tehran:m1510,خوش افکار,residential,0.15,42.44,41.59,-0.5,29.23,35.65,51.44,https://www.openstreetmap.org/?mlat=35.65293&mlon=51.44008#map=17/35.65293/51.44008,A
منطقه ۱۵ شهر تهران,مظاهری,tehran:m1510,کریمی,residential,0.15,42.44,41.61,-0.5,29.28,35.65,51.44,https://www.openstreetmap.org/?mlat=35.65319&mlon=51.44009#map=17/35.65319/51.44009,A
منطقه ۱۵ شهر تهران,مظاهری,tehran:m1510,خراطی,residential,0.13,42.44,41.65,-0.4,29.38,35.65,51.44,https://www.openstreetmap.org/?mlat=35.65394&mlon=51.44012#map=17/35.65394/51.44012,A
منطقه ۱۵ شهر تهران,مظاهری,tehran:m1510,بهادر,residential,0.13,42.44,41.66,-0.3,29.44,35.65,51.44,https://www.openstreetmap.org/?mlat=35.65426&mlon=51.44012#map=17/35.65426/51.44012,A
منطقه ۱۵ شهر تهران,مظاهری,tehran:m1510,شهید قهاری بیگدلی,residential,0.12,42.44,41.68,-0.3,29.48,35.65,51.44,https://www.openstreetmap.org/?mlat=35.65459&mlon=51.44013#map=17/35.65459/51.44013,A
منطقه ۱۵ شهر تهران,مظاهری,tehran:m1510,لواسانی,residential,0.15,46.01,41.58,-0.5,30.02,35.65,51.44,https://www.openstreetmap.org/?mlat=35.65267&mlon=51.44007#map=17/35.65267/51.44007,A
منطقه ۱۲ شهر تهران,قیام,tehran:m1210,فومنی,residential,0.12,82.11,42.09,-7.1,39.77,35.67,51.44,https://www.openstreetmap.org/?mlat=35.66726&mlon=51.43964#map=17/35.66726/51.43964,A
منطقه ۱۲ شهر تهران,قیام,tehran:m1210,علی اصغر رنجبران,residential,0.13,82.11,42.26,-6.7,40.21,35.67,51.44,https://www.openstreetmap.org/?mlat=35.66829&mlon=51.43641#map=17/35.66829/51.43641,A
منطقه ۱۲ شهر تهران,قیام,tehran:m1210,رئیسی,residential,0.17,82.11,42.33,-6.5,40.37,35.67,51.44,https://www.openstreetmap.org/?mlat=35.66798&mlon=51.43814#map=17/35.66798/51.43814,A
منطقه ۱۲ شهر تهران,قیام,tehran:m1210,هاشم میرمالک,residential,0.2,82.11,42.41,-6.4,40.58,35.67,51.44,https://www.openstreetmap.org/?mlat=35.66775&mlon=51.43925#map=17/35.66775/51.43925,A
منطقه ۱۲ شهر تهران,قیام,tehran:m1210,رستگارنژاد,residential,0.27,83.77,42.58,-6.0,41.34,35.67,51.44,https://www.openstreetmap.org/?mlat=35.66815&mlon=51.43935#map=17/35.66815/51.43935,A
منطقه ۱۲ شهر تهران,قیام,tehran:m1210,مسعودیان,residential,0.21,82.11,42.76,-5.6,41.44,35.67,51.44,https://www.openstreetmap.org/?mlat=35.66874&mlon=51.43835#map=17/35.66874/51.43835,A
منطقه ۱۲ شهر تهران,کوثر,tehran:m1211,سمائی,residential,0.11,29.67,40.72,-2.6,23.82,35.66,51.44,https://www.openstreetmap.org/?mlat=35.66120&mlon=51.44351#map=17/35.66120/51.44351,A
منطقه ۱۲ شهر تهران,کوثر,tehran:m1211,مهدی رزاقی,residential,0.12,29.67,40.83,-2.4,24.12,35.66,51.44,https://www.openstreetmap.org/?mlat=35.66111&mlon=51.44219#map=17/35.66111/51.44219,A
منطقه ۱۲ شهر تهران,کوثر,tehran:m1211,زهرایی پور,residential,0.17,29.67,41.25,-1.4,25.35,35.66,51.44,https://www.openstreetmap.org/?mlat=35.66202&mlon=51.44197#map=17/35.66202/51.44197,A
منطقه ۱۲ شهر تهران,کوثر,tehran:m1211,اکبر دکتر ناطقی,residential,0.16,34.87,41.06,-1.8,26.05,35.66,51.44,https://www.openstreetmap.org/?mlat=35.66120&mlon=51.44077#map=17/35.66120/51.44077,A
منطقه ۱۲ شهر تهران,کوثر,tehran:m1211,طاهری,residential,0.2,37.22,40.89,-2.2,26.2,35.66,51.44,https://www.openstreetmap.org/?mlat=35.66323&mlon=51.43995#map=17/35.66323/51.43995,A
منطقه ۱۲ شهر تهران,کوثر,tehran:m1211,محسن توکلی,residential,0.16,29.67,41.56,-0.6,26.23,35.66,51.44,https://www.openstreetmap.org/?mlat=35.66265&mlon=51.44213#map=17/35.66265/51.44213,A
منطقه ۱۵ شهر تهران,طیب,tehran:m1502,اتحاد,residential,0.16,53.99,39.65,-4.1,26.71,35.66,51.45,https://www.openstreetmap.org/?mlat=35.65758&mlon=51.44795#map=17/35.65758/51.44795,A
منطقه ۱۵ شهر تهران,طیب,tehran:m1502,حق,residential,0.2,53.99,39.71,-3.9,26.86,35.66,51.45,https://www.openstreetmap.org/?mlat=35.65738&mlon=51.44826#map=17/35.65738/51.44826,A
منطقه ۱۵ شهر تهران,طیب,tehran:m1502,توکلی زاده,residential,0.41,54.23,39.7,-4.0,26.87,35.66,51.45,https://www.openstreetmap.org/?mlat=35.65825&mlon=51.44697#map=17/35.65825/51.44697,A
منطقه ۱۵ شهر تهران,طیب,tehran:m1502,فخاران,residential,0.21,53.99,39.73,-3.9,26.91,35.66,51.45,https://www.openstreetmap.org/?mlat=35.65805&mlon=51.44829#map=17/35.65805/51.44829,A
منطقه ۱۵ شهر تهران,طیب,tehran:m1502,قاسم مهاجر,residential,0.3,55.14,39.66,-4.1,27.0,35.66,51.45,https://www.openstreetmap.org/?mlat=35.66020&mlon=51.44691#map=17/35.66020/51.44691,A
منطقه ۱۵ شهر تهران,طیب,tehran:m1502,دباغ,residential,0.22,54.78,39.77,-3.8,27.17,35.66,51.45,https://www.openstreetmap.org/?mlat=35.65946&mlon=51.44602#map=17/35.65946/51.44602,A
منطقه ۱۴ شهر تهران,دولاب,tehran:m1424,علیرضا سپاهی زاده,residential,0.17,4.41,39.13,-2.0,14.41,35.67,51.46,https://www.openstreetmap.org/?mlat=35.66881&mlon=51.46313#map=17/35.66881/51.46313,A
منطقه ۱۴ شهر تهران,دولاب,tehran:m1424,مصطفی میرزا باقری,residential,0.14,10.03,38.85,-2.7,14.89,35.67,51.46,https://www.openstreetmap.org/?mlat=35.66911&mlon=51.46131#map=17/35.66911/51.46131,A
منطقه ۱۴ شهر تهران,دولاب,tehran:m1424,هدایت,residential,0.14,8.74,39.3,-1.5,15.77,35.67,51.46,https://www.openstreetmap.org/?mlat=35.66908&mlon=51.46384#map=17/35.66908/51.46384,A
منطقه ۱۴ شهر تهران,دولاب,tehran:m1424,هدایتی,residential,0.27,3.04,39.96,0.1,16.01,35.67,51.46,https://www.openstreetmap.org/?mlat=35.66650&mlon=51.46205#map=17/35.66650/51.46205,A
منطقه ۱۴ شهر تهران,دولاب,tehran:m1424,کاظمیان,residential,0.23,17.58,38.63,-3.2,16.26,35.67,51.46,https://www.openstreetmap.org/?mlat=35.66957&mlon=51.45905#map=17/35.66957/51.45905,A
منطقه ۱۴ شهر تهران,دولاب,tehran:m1424,ناطقی,residential,0.2,17.71,39.07,-2.1,17.21,35.67,51.46,https://www.openstreetmap.org/?mlat=35.66986&mlon=51.46049#map=17/35.66986/51.46049,A
منطقه ۱۵ شهر تهران,اتابک,tehran:m1508,دوازده متری بهشتی,residential,0.2,14.57,37.09,-6.6,12.99,35.64,51.46,https://www.openstreetmap.org/?mlat=35.64464&mlon=51.46103#map=17/35.64464/51.46103,A
منطقه ۱۵ شهر تهران,اتابک,tehran:m1508,مجید کوچکی فر,residential,0.26,16.94,37.03,-6.7,13.6,35.65,51.46,https://www.openstreetmap.org/?mlat=35.64529&mlon=51.45862#map=17/35.64529/51.45862,A
منطقه ۱۵ شهر تهران,اتابک,tehran:m1508,هشت متری صاحب الزمان,residential,0.12,14.28,37.61,-5.3,13.64,35.65,51.46,https://www.openstreetmap.org/?mlat=35.64577&mlon=51.46102#map=17/35.64577/51.46102,A
منطقه ۱۵ شهر تهران,اتابک,tehran:m1508,عباسی,residential,0.25,16.38,37.29,-6.1,13.72,35.65,51.46,https://www.openstreetmap.org/?mlat=35.64562&mlon=51.46026#map=17/35.64562/51.46026,A
منطقه ۱۵ شهر تهران,اتابک,tehran:m1508,آقا علی گل,residential,0.26,16.38,37.35,-5.9,13.81,35.65,51.46,https://www.openstreetmap.org/?mlat=35.64584&mlon=51.45885#map=17/35.64584/51.45885,A
منطقه ۱۵ شهر تهران,اتابک,tehran:m1508,برادران,residential,0.12,14.28,37.75,-4.9,13.82,35.65,51.46,https://www.openstreetmap.org/?mlat=35.64600&mlon=51.46112#map=17/35.64600/51.46112,A
منطقه ۲۰ شهر تهران,عباس آباد شهر ری,tehran:m2020,بهار دهم,residential,0.18,0.0,21.97,-14.8,2.24,35.57,51.47,https://www.openstreetmap.org/?mlat=35.56991&mlon=51.47114#map=17/35.56991/51.47114,C
منطقه ۲۰ شهر تهران,عباس آباد شهر ری,tehran:m2020,مغاری,residential,0.2,0.0,25.51,-1.0,2.5,35.57,51.47,https://www.openstreetmap.org/?mlat=35.57035&mlon=51.46632#map=17/35.57035/51.46632,C
منطقه ۲۰ شهر تهران,عباس آباد شهر ری,tehran:m2020,احمد خمینی,residential,0.28,0.0,25.74,-0.1,2.53,35.57,51.47,https://www.openstreetmap.org/?mlat=35.56988&mlon=51.46781#map=17/35.56988/51.46781,C
منطقه ۲۰ شهر تهران,عباس آباد شهر ری,tehran:m2020,سعدی,residential,0.2,0.0,25.8,0.1,2.54,35.57,51.47,https://www.openstreetmap.org/?mlat=35.57045&mlon=51.46668#map=17/35.57045/51.46668,C
منطقه ۲۰ شهر تهران,عباس آباد شهر ری,tehran:m2020,بوستان دوم,residential,0.28,0.0,26.33,2.2,2.61,35.57,51.47,https://www.openstreetmap.org/?mlat=35.57087&mlon=51.46665#map=17/35.57087/51.46665,C
منطقه ۲۰ شهر تهران,عباس آباد شهر ری,tehran:m2020,امام خمینی,tertiary,0.36,0.0,26.51,2.8,2.64,35.57,51.47,https://www.openstreetmap.org/?mlat=35.57151&mlon=51.46749#map=17/35.57151/51.46749,C
منطقه ۲۰ شهر تهران,تقی آباد,tehran:m2019,گلستان اول,residential,0.1,16.93,27.9,-24.2,9.03,35.57,51.47,https://www.openstreetmap.org/?mlat=35.57395&mlon=51.46774#map=17/35.57395/51.46774,C
منطقه ۲۰ شهر تهران,تقی آباد,tehran:m2019,کنار گذر ورامین - تهران,tertiary,1.57,118.08,36.83,0.0,36.89,35.58,51.46,https://www.openstreetmap.org/?mlat=35.57911&mlon=51.46165#map=17/35.57911/51.46165,C
منطقه ۲۰ شهر تهران,تقی آباد,tehran:m2019,عربخواری,tertiary,0.27,318.9,28.87,-21.6,49.11,35.58,51.46,https://www.openstreetmap.org/?mlat=35.58421&mlon=51.46261#map=17/35.58421/51.46261,C
منطقه ۲۰ شهر تهران,تقی آباد,tehran:m2019,دهقانی,residential,0.12,294.91,30.94,-16.0,49.13,35.59,51.46,https://www.openstreetmap.org/?mlat=35.58594&mlon=51.46087#map=17/35.58594/51.46087,C
منطقه ۲۰ شهر تهران,تقی آباد,tehran:m2019,حیدری,residential,0.12,331.08,31.48,-14.5,50.13,35.59,51.46,https://www.openstreetmap.org/?mlat=35.58563&mlon=51.46107#map=17/35.58563/51.46107,C
منطقه ۲۰ شهر تهران,تقی آباد,tehran:m2019,چهارم,residential,0.12,371.51,32.47,-11.8,51.24,35.58,51.46,https://www.openstreetmap.org/?mlat=35.58493&mlon=51.46144#map=17/35.58493/51.46144,C
منطقه ۲۰ شهر تهران,علایین,tehran:m2018,آزادی,residential,0.14,0.0,19.54,-42.6,2.17,35.58,51.45,https://www.openstreetmap.org/?mlat=35.57849&mlon=51.45126#map=17/35.57849/51.45126,A
منطقه ۲۰ شهر تهران,علایین,tehran:m2018,مریم,residential,0.11,0.0,22.91,-32.7,2.28,35.58,51.45,https://www.openstreetmap.org/?mlat=35.57891&mlon=51.45416#map=17/35.57891/51.45416,A
منطقه ۲۰ شهر تهران,علایین,tehran:m2018,ترانس,residential,0.44,0.0,26.31,-22.7,2.61,35.58,51.46,https://www.openstreetmap.org/?mlat=35.57729&mlon=51.45812#map=17/35.57729/51.45812,A
منطقه ۲۰ شهر تهران,علایین,tehran:m2018,خیابان ۲۲ بهمن,tertiary,0.19,0.0,32.86,-3.5,4.68,35.58,51.46,https://www.openstreetmap.org/?mlat=35.57624&mlon=51.46153#map=17/35.57624/51.46153,A
منطقه ۲۰ شهر تهران,علایین,tehran:m2018,شهید اصغری,residential,0.22,1.12,23.17,-32.0,4.75,35.58,51.45,https://www.openstreetmap.org/?mlat=35.57931&mlon=51.45329#map=17/35.57931/51.45329,A
منطقه ۲۰ شهر تهران,علایین,tehran:m2018,اقاقیا,residential,0.1,1.09,23.74,-30.3,4.78,35.58,51.45,https://www.openstreetmap.org/?mlat=35.57923&mlon=51.45398#map=17/35.57923/51.45398,A
منطقه ۲۰ شهر تهران,محله استخر شهرری,tehran:m2014,سوم شرقی,residential,0.14,85.27,44.72,-1.9,46.59,35.59,51.45,https://www.openstreetmap.org/?mlat=35.58994&mlon=51.44888#map=17/35.58994/51.44888,B
منطقه ۲۰ شهر تهران,محله استخر شهرری,tehran:m2014,ششم شرقی,residential,0.15,92.21,44.51,-2.4,47.87,35.59,51.45,https://www.openstreetmap.org/?mlat=35.58926&mlon=51.44878#map=17/35.58926/51.44878,B
منطقه ۲۰ شهر تهران,محله استخر شهرری,tehran:m2014,اکبری,residential,0.15,93.7,44.78,-1.8,49.0,35.59,51.45,https://www.openstreetmap.org/?mlat=35.58956&mlon=51.44882#map=17/35.58956/51.44882,B
منطقه ۲۰ شهر تهران,محله استخر شهرری,tehran:m2014,کریمی شیرازی,tertiary,0.14,126.01,44.28,-2.9,54.87,35.59,51.45,https://www.openstreetmap.org/?mlat=35.58858&mlon=51.44781#map=17/35.58858/51.44781,B
منطقه ۲۰ شهر تهران,محله استخر شهرری,tehran:m2014,صابونیها,tertiary,0.4,127.03,46.7,2.4,60.9,35.59,51.44,https://www.openstreetmap.org/?mlat=35.58847&mlon=51.44473#map=17/35.58847/51.44473,B
منطقه ۲۰ شهر تهران,محله استخر شهرری,tehran:m2014,سمیه,residential,0.12,183.25,43.44,-4.7,61.31,35.59,51.45,https://www.openstreetmap.org/?mlat=35.59161&mlon=51.45061#map=17/35.59161/51.45061,B
منطقه ۲۰ شهر تهران,ولی آباد,tehran:m2016,نیلوفر,residential,0.23,0.0,29.7,-36.9,3.49,35.58,51.43,https://www.openstreetmap.org/?mlat=35.57991&mlon=51.42564#map=17/35.57991/51.42564,A
منطقه ۲۰ شهر تهران,ولی آباد,tehran:m2016,جاده دولت آباد,tertiary,0.38,0.0,32.54,-30.9,4.54,35.58,51.43,https://www.openstreetmap.org/?mlat=35.58135&mlon=51.42587#map=17/35.58135/51.42587,A
منطقه ۲۰ شهر تهران,ولی آباد,tehran:m2016,علی اکبر رضایی,residential,0.16,0.0,37.24,-20.9,7.79,35.58,51.43,https://www.openstreetmap.org/?mlat=35.58307&mlon=51.42741#map=17/35.58307/51.42741,A
منطقه ۲۰ شهر تهران,ولی آباد,tehran:m2016,شهید منفرد,residential,0.1,0.0,37.72,-19.9,8.45,35.59,51.42,https://www.openstreetmap.org/?mlat=35.58518&mlon=51.42472#map=17/35.58518/51.42472,A
منطقه ۲۰ شهر تهران,ولی آباد,tehran:m2016,وهابی راد,service,0.41,0.0,37.86,-19.6,8.66,35.59,51.42,https://www.openstreetmap.org/?mlat=35.58624&mlon=51.42394#map=17/35.58624/51.42394,A
منطقه ۲۰ شهر تهران,ولی آباد,tehran:m2016,شهید منصور یزدی,residential,0.12,0.0,38.05,-19.2,8.99,35.59,51.42,https://www.openstreetmap.org/?mlat=35.58543&mlon=51.42474#map=17/35.58543/51.42474,A
منطقه ۲۰ شهر تهران,سرتخت,tehran:m2013,رجبی,residential,0.2,195.65,56.92,-36.1,86.73,35.59,51.43,https://www.openstreetmap.org/?mlat=35.58895&mlon=51.42849#map=17/35.58895/51.42849,C
منطقه ۲۰ شهر تهران,سرتخت,tehran:m2013,آتشنشانی,residential,0.11,195.65,57.06,-35.9,86.82,35.59,51.43,https://www.openstreetmap.org/?mlat=35.58954&mlon=51.42842#map=17/35.58954/51.42842,C
منطقه ۲۰ شهر تهران,سرتخت,tehran:m2013,عباس ظهیری,residential,0.13,195.65,63.69,-28.5,90.14,35.59,51.43,https://www.openstreetmap.org/?mlat=35.58951&mlon=51.42917#map=17/35.58951/51.42917,C
منطقه ۲۰ شهر تهران,سرتخت,tehran:m2013,جواد رجبی,residential,0.39,189.4,68.45,-23.1,90.5,35.59,51.43,https://www.openstreetmap.org/?mlat=35.59011&mlon=51.43023#map=17/35.59011/51.43023,C
منطقه ۲۰ شهر تهران,سرتخت,tehran:m2013,طراوت,residential,0.12,195.65,70.52,-20.8,91.43,35.59,51.43,https://www.openstreetmap.org/?mlat=35.58859&mlon=51.43022#map=17/35.58859/51.43022,C
منطقه ۲۰ شهر تهران,سرتخت,tehran:m2013,علی زند,residential,0.11,195.65,71.57,-19.6,91.53,35.59,51.43,https://www.openstreetmap.org/?mlat=35.58886&mlon=51.43026#map=17/35.58886/51.43026,C
منطقه ۲۰ شهر تهران,اقدسیه شهرری,tehran:m2011,حیدری,residential,0.18,73.04,42.71,-13.4,39.06,35.59,51.45,https://www.openstreetmap.org/?mlat=35.59304&mlon=51.45119#map=17/35.59304/51.45119,B
منطقه ۲۰ شهر تهران,اقدسیه شهرری,tehran:m2011,دوم,residential,0.18,64.68,48.55,-1.5,50.35,35.6,51.44,https://www.openstreetmap.org/?mlat=35.59530&mlon=51.44344#map=17/35.59530/51.44344,B
منطقه ۲۰ شهر تهران,اقدسیه شهرری,tehran:m2011,هشت متری یکم,residential,0.19,115.9,45.35,-8.0,56.0,35.6,51.45,https://www.openstreetmap.org/?mlat=35.59546&mlon=51.44504#map=17/35.59546/51.44504,B
منطقه ۲۰ شهر تهران,اقدسیه شهرری,tehran:m2011,مهاجری,residential,0.42,126.99,44.95,-8.8,56.78,35.59,51.45,https://www.openstreetmap.org/?mlat=35.59344&mlon=51.44690#map=17/35.59344/51.44690,B
منطقه ۲۰ شهر تهران,اقدسیه شهرری,tehran:m2011,اول,residential,0.62,129.19,45.05,-8.6,57.53,35.59,51.45,https://www.openstreetmap.org/?mlat=35.59380&mlon=51.44799#map=17/35.59380/51.44799,B
منطقه ۲۰ شهر تهران,اقدسیه شهرری,tehran:m2011,سمیه,residential,0.16,152.52,43.8,-11.2,58.11,35.59,51.45,https://www.openstreetmap.org/?mlat=35.59249&mlon=51.44974#map=17/35.59249/51.44974,B
منطقه ۲۰ شهر تهران,فیروز آبادی,tehran:m2012,معطری,residential,0.16,0.87,41.96,-23.6,21.13,35.6,51.43,https://www.openstreetmap.org/?mlat=35.59763&mlon=51.42821#map=17/35.59763/51.42821,C
منطقه ۲۰ شهر تهران,فیروز آبادی,tehran:m2012,مهربانی,residential,0.14,0.87,42.23,-23.1,21.85,35.6,51.43,https://www.openstreetmap.org/?mlat=35.59730&mlon=51.42815#map=17/35.59730/51.42815,C
منطقه ۲۰ شهر تهران,فیروز آبادی,tehran:m2012,علیخانی,residential,0.23,5.63,42.12,-23.3,22.78,35.6,51.43,https://www.openstreetmap.org/?mlat=35.59868&mlon=51.42854#map=17/35.59868/51.42854,C
منطقه ۲۰ شهر تهران,فیروز آبادی,tehran:m2012,قدمی,residential,0.32,0.87,43.1,-21.6,24.03,35.6,51.43,https://www.openstreetmap.org/?mlat=35.59687&mlon=51.42833#map=17/35.59687/51.42833,C
منطقه ۲۰ شهر تهران,فیروز آبادی,tehran:m2012,غلامی,residential,0.31,0.87,43.95,-20.0,25.95,35.6,51.43,https://www.openstreetmap.org/?mlat=35.59782&mlon=51.42941#map=17/35.59782/51.42941,C
منطقه ۲۰ شهر تهران,فیروز آبادی,tehran:m2012,علیرضا کلم فروش,residential,0.39,6.38,43.63,-20.6,26.62,35.6,51.43,https://www.openstreetmap.org/?mlat=35.59795&mlon=51.42925#map=17/35.59795/51.42925,C
منطقه ۲۰ شهر تهران,شهید غیوری,tehran:m2009,ابن بابویه,tertiary,0.78,100.36,52.42,0.2,66.17,35.6,51.44,https://www.openstreetmap.org/?mlat=35.60020&mlon=51.44261#map=17/35.60020/51.44261,C
منطقه ۲۰ شهر تهران,شهید غیوری,tehran:m2009,کوهی نژاد,residential,0.13,268.5,50.16,-4.1,81.3,35.61,51.44,https://www.openstreetmap.org/?mlat=35.60590&mlon=51.43883#map=17/35.60590/51.43883,C
منطقه ۲۰ شهر تهران,شهید غیوری,tehran:m2009,رضا محمدی,residential,0.34,290.93,50.77,-2.9,83.16,35.61,51.44,https://www.openstreetmap.org/?mlat=35.60613&mlon=51.44010#map=17/35.60613/51.44010,C
منطقه ۲۰ شهر تهران,شهید غیوری,tehran:m2009,احمد الفتی,residential,0.3,289.72,51.49,-1.5,84.46,35.61,51.44,https://www.openstreetmap.org/?mlat=35.60517&mlon=51.44008#map=17/35.60517/51.44008,C
منطقه ۲۰ شهر تهران,شهید غیوری,tehran:m2009,محبوبی,residential,0.19,297.9,51.44,-1.6,84.49,35.6,51.44,https://www.openstreetmap.org/?mlat=35.60499&mlon=51.43926#map=17/35.60499/51.43926,C
منطقه ۲۰ شهر تهران,شهید غیوری,tehran:m2009,عزت زاده,residential,0.2,283.78,51.64,-1.2,84.67,35.61,51.44,https://www.openstreetmap.org/?mlat=35.60545&mlon=51.44071#map=17/35.60545/51.44071,C
منطقه ۲۰ شهر تهران,دیلمان,tehran:m2008,علیرضا شرفی,residential,0.11,0.0,40.97,-10.5,15.96,35.6,51.43,https://www.openstreetmap.org/?mlat=35.60061&mlon=51.42774#map=17/35.60061/51.42774,A
منطقه ۲۰ شهر تهران,دیلمان,tehran:m2008,محمد رسولی,residential,0.13,0.0,41.03,-10.3,16.13,35.6,51.43,https://www.openstreetmap.org/?mlat=35.60107&mlon=51.42777#map=17/35.60107/51.42777,A
منطقه ۲۰ شهر تهران,دیلمان,tehran:m2008,سالاری,residential,0.24,0.0,41.05,-10.3,16.18,35.6,51.43,https://www.openstreetmap.org/?mlat=35.60230&mlon=51.42739#map=17/35.60230/51.42739,A
منطقه ۲۰ شهر تهران,دیلمان,tehran:m2008,رستمی فر,residential,0.16,0.0,41.06,-10.3,16.2,35.6,51.43,https://www.openstreetmap.org/?mlat=35.60153&mlon=51.42777#map=17/35.60153/51.42777,A
منطقه ۲۰ شهر تهران,دیلمان,tehran:m2008,علیرضا عباسی,residential,0.14,0.0,41.36,-9.6,17.1,35.6,51.43,https://www.openstreetmap.org/?mlat=35.60192&mlon=51.42805#map=17/35.60192/51.42805,A
منطقه ۲۰ شهر تهران,دیلمان,tehran:m2008,احمدرضا علیزاده,residential,0.2,0.0,41.88,-8.5,18.5,35.6,51.43,https://www.openstreetmap.org/?mlat=35.60268&mlon=51.42805#map=17/35.60268/51.42805,A
منطقه ۲۰ شهر تهران,منصوریه منگل,tehran:m2006,ابوالفضل دهقان آزاد,residential,0.19,87.97,43.4,-5.8,44.32,35.61,51.43,https://www.openstreetmap.org/?mlat=35.60837&mlon=51.43048#map=17/35.60837/51.43048,C
منطقه ۲۰ شهر تهران,منصوریه منگل,tehran:m2006,حسینعلی کریمی زاده,residential,0.1,90.02,43.65,-5.2,45.34,35.61,51.44,https://www.openstreetmap.org/?mlat=35.61053&mlon=51.43560#map=17/35.61053/51.43560,C
منطقه ۲۰ شهر تهران,منصوریه منگل,tehran:m2006,برنوس,residential,0.22,90.02,43.76,-5.0,45.58,35.61,51.44,https://www.openstreetmap.org/?mlat=35.61010&mlon=51.43502#map=17/35.61010/51.43502,C
منطقه ۲۰ شهر تهران,منصوریه منگل,tehran:m2006,حسین نوشادی,residential,0.22,90.02,44.17,-4.1,46.45,35.61,51.44,https://www.openstreetmap.org/?mlat=35.60969&mlon=51.43508#map=17/35.60969/51.43508,C
منطقه ۲۰ شهر تهران,منصوریه منگل,tehran:m2006,اصغر شیرمحمدی,residential,0.23,90.02,44.29,-3.8,46.69,35.61,51.44,https://www.openstreetmap.org/?mlat=35.61019&mlon=51.43622#map=17/35.61019/51.43622,C
منطقه ۲۰ شهر تهران,منصوریه منگل,tehran:m2006,محمدحسن وطن پرست,residential,0.2,90.02,44.82,-2.7,47.94,35.61,51.44,https://www.openstreetmap.org/?mlat=35.61031&mlon=51.43733#map=17/35.61031/51.43733,C
منطقه ۱۹ شهر تهران,دولتخواه جنوبی,tehran:m1911,سوم,residential,0.12,18.32,27.42,-10.8,9.19,35.63,51.34,https://www.openstreetmap.org/?mlat=35.62720&mlon=51.34193#map=17/35.62720/51.34193,C
منطقه ۱۹ شهر تهران,دولتخواه جنوبی,tehran:m1911,اول,residential,0.12,18.32,28.02,-8.8,9.36,35.63,51.34,https://www.openstreetmap.org/?mlat=35.62770&mlon=51.34190#map=17/35.62770/51.34190,C
منطقه ۱۹ شهر تهران,دولتخواه جنوبی,tehran:m1911,ابراهیم نژاد اکبر,residential,0.15,18.32,29.13,-5.2,9.69,35.62,51.34,https://www.openstreetmap.org/?mlat=35.62194&mlon=51.34292#map=17/35.62194/51.34292,C
منطقه ۱۹ شهر تهران,دولتخواه جنوبی,tehran:m1911,بیست و پنجم,residential,0.16,18.32,29.36,-4.5,9.76,35.62,51.34,https://www.openstreetmap.org/?mlat=35.62155&mlon=51.34298#map=17/35.62155/51.34298,C
منطقه ۱۹ شهر تهران,دولتخواه جنوبی,tehran:m1911,پونه,residential,0.27,18.32,29.38,-4.4,9.77,35.63,51.34,https://www.openstreetmap.org/?mlat=35.62870&mlon=51.34254#map=17/35.62870/51.34254,C
منطقه ۱۹ شهر تهران,دولتخواه جنوبی,tehran:m1911,نباتعلی ابراهیمی,residential,0.15,18.32,29.59,-3.7,9.83,35.62,51.34,https://www.openstreetmap.org/?mlat=35.62114&mlon=51.34304#map=17/35.62114/51.34304,C
منطقه ۱۹ شهر تهران,اسفندیاری و بستان,tehran:m1903,مطهری,residential,0.13,108.41,35.39,-21.8,33.37,35.64,51.38,https://www.openstreetmap.org/?mlat=35.63741&mlon=51.37971#map=17/35.63741/51.37971,A
منطقه ۱۹ شهر تهران,اسفندیاری و بستان,tehran:m1903,حسین جریان,residential,0.19,109.6,36.22,-20.0,34.17,35.64,51.38,https://www.openstreetmap.org/?mlat=35.63700&mlon=51.38007#map=17/35.63700/51.38007,A
منطقه ۱۹ شهر تهران,اسفندیاری و بستان,tehran:m1903,فرج الله بابایی,residential,0.19,109.6,37.13,-18.0,35.14,35.64,51.38,https://www.openstreetmap.org/?mlat=35.63648&mlon=51.38009#map=17/35.63648/51.38009,A
منطقه ۱۹ شهر تهران,اسفندیاری و بستان,tehran:m1903,سوم,residential,0.2,103.51,38.11,-15.8,35.2,35.64,51.38,https://www.openstreetmap.org/?mlat=35.63650&mlon=51.38223#map=17/35.63650/51.38223,A
منطقه ۱۹ شهر تهران,اسفندیاری و بستان,tehran:m1903,شهامت,residential,0.16,91.56,39.82,-12.1,35.76,35.64,51.39,https://www.openstreetmap.org/?mlat=35.63637&mlon=51.38562#map=17/35.63637/51.38562,A
منطقه ۱۹ شهر تهران,اسفندیاری و بستان,tehran:m1903,آذربایجان,residential,0.19,109.6,37.77,-16.6,36.01,35.64,51.38,https://www.openstreetmap.org/?mlat=35.63610&mlon=51.38010#map=17/35.63610/51.38010,A
منطقه ۱۸ شهر تهران,شهرک صادقیه,tehran:m1815,مهر,tertiary,0.48,180.58,43.5,-1.4,61.14,35.64,51.35,https://www.openstreetmap.org/?mlat=35.63809&mlon=51.34791#map=17/35.63809/51.34791,C
منطقه ۱۸ شهر تهران,شهرک صادقیه,tehran:m1815,طالقانی شمالی,tertiary,0.28,249.4,41.69,-5.5,61.44,35.64,51.35,https://www.openstreetmap.org/?mlat=35.63534&mlon=51.34698#map=17/35.63534/51.34698,C
منطقه ۱۸ شهر تهران,شهرک صادقیه,tehran:m1815,قهرمانی,residential,0.11,260.31,42.37,-3.9,63.92,35.63,51.35,https://www.openstreetmap.org/?mlat=35.63472&mlon=51.34824#map=17/35.63472/51.34824,C
منطقه ۱۸ شهر تهران,شهرک صادقیه,tehran:m1815,مصطفی یعقوبی,residential,0.17,260.31,42.42,-3.8,64.07,35.64,51.35,https://www.openstreetmap.org/?mlat=35.63650&mlon=51.34704#map=17/35.63650/51.34704,C
منطقه ۱۸ شهر تهران,شهرک صادقیه,tehran:m1815,علی همتی,residential,0.12,260.31,42.77,-3.0,64.93,35.64,51.35,https://www.openstreetmap.org/?mlat=35.63577&mlon=51.34739#map=17/35.63577/51.34739,C
منطقه ۱۸ شهر تهران,شهرک صادقیه,tehran:m1815,فرامرز عظیمی,residential,0.11,260.31,42.93,-2.7,65.36,35.64,51.35,https://www.openstreetmap.org/?mlat=35.63523&mlon=51.34788#map=17/35.63523/51.34788,C
منطقه ۱۷ شهر تهران,جلیلی,tehran:m1712,قدیر تنها,residential,0.17,1.6,35.41,-3.4,8.59,35.65,51.36,https://www.openstreetmap.org/?mlat=35.65163&mlon=51.36089#map=17/35.65163/51.36089,B
منطقه ۱۷ شهر تهران,جلیلی,tehran:m1712,رضا حسنی,residential,0.13,1.6,35.68,-2.7,8.8,35.65,51.36,https://www.openstreetmap.org/?mlat=35.65091&mlon=51.36068#map=17/35.65091/51.36068,B
منطقه ۱۷ شهر تهران,جلیلی,tehran:m1712,غلامحسین بهبودی,residential,0.47,1.2,35.85,-2.2,8.84,35.65,51.36,https://www.openstreetmap.org/?mlat=35.65196&mlon=51.35970#map=17/35.65196/51.35970,B
منطقه ۱۷ شهر تهران,جلیلی,tehran:m1712,حبیب قربانی,residential,0.11,1.6,35.8,-2.3,8.86,35.65,51.36,https://www.openstreetmap.org/?mlat=35.65212&mlon=51.36237#map=17/35.65212/51.36237,B
منطقه ۱۷ شهر تهران,جلیلی,tehran:m1712,علی اصغر طالعی,residential,0.11,1.6,35.83,-2.2,8.89,35.65,51.36,https://www.openstreetmap.org/?mlat=35.65245&mlon=51.36220#map=17/35.65245/51.36220,B
منطقه ۱۷ شهر تهران,جلیلی,tehran:m1712,باقر نیک نفس,residential,0.23,1.48,35.96,-1.9,8.99,35.65,51.36,https://www.openstreetmap.org/?mlat=35.65365&mlon=51.36007#map=17/35.65365/51.36007,B
منطقه ۱۷ شهر تهران,زهتابی,tehran:m1714,کنارکذر چراغی,residential,0.14,14.51,36.57,-7.0,12.4,35.64,51.37,https://www.openstreetmap.org/?mlat=35.64158&mlon=51.36533#map=17/35.64158/51.36533,B
منطقه ۱۷ شهر تهران,زهتابی,tehran:m1714,سپهر,residential,0.11,14.51,36.68,-6.7,12.52,35.64,51.37,https://www.openstreetmap.org/?mlat=35.64375&mlon=51.36761#map=17/35.64375/51.36761,B
منطقه ۱۷ شهر تهران,زهتابی,tehran:m1714,قاسم برزگری,residential,0.14,14.51,37.05,-5.7,12.92,35.64,51.36,https://www.openstreetmap.org/?mlat=35.64107&mlon=51.36322#map=17/35.64107/51.36322,B
منطقه ۱۷ شهر تهران,زهتابی,tehran:m1714,گل آرا,residential,0.1,14.51,37.06,-5.7,12.93,35.64,51.37,https://www.openstreetmap.org/?mlat=35.64279&mlon=51.36604#map=17/35.64279/51.36604,B
منطقه ۱۷ شهر تهران,زهتابی,tehran:m1714,سیزدهم,residential,0.14,14.51,37.14,-5.5,13.03,35.64,51.36,https://www.openstreetmap.org/?mlat=35.64078&mlon=51.36253#map=17/35.64078/51.36253,B
منطقه ۱۷ شهر تهران,زهتابی,tehran:m1714,دریا,residential,0.1,14.51,37.14,-5.5,13.04,35.64,51.36,https://www.openstreetmap.org/?mlat=35.64169&mlon=51.36430#map=17/35.64169/51.36430,B
منطقه ۱۷ شهر تهران,سجاد,tehran:m1709,حیدر اخلاقی,residential,0.31,0.4,36.15,-3.4,8.88,35.65,51.36,https://www.openstreetmap.org/?mlat=35.65186&mlon=51.35868#map=17/35.65186/51.35868,B
منطقه ۱۷ شهر تهران,سجاد,tehran:m1709,حمیدرضا متین,residential,0.18,0.04,36.48,-2.5,9.06,35.65,51.36,https://www.openstreetmap.org/?mlat=35.65462&mlon=51.35978#map=17/35.65462/51.35978,B
منطقه ۱۷ شهر تهران,سجاد,tehran:m1709,حسین آهنگری,residential,0.17,1.31,36.23,-3.2,9.19,35.65,51.36,https://www.openstreetmap.org/?mlat=35.65409&mlon=51.35974#map=17/35.65409/51.35974,B
منطقه ۱۷ شهر تهران,سجاد,tehran:m1709,غلامحسین محمدی,residential,0.21,0.04,36.74,-1.8,9.32,35.65,51.36,https://www.openstreetmap.org/?mlat=35.65415&mlon=51.35791#map=17/35.65415/51.35791,B
منطقه ۱۷ شهر تهران,سجاد,tehran:m1709,باقر نیک نفس,residential,0.17,0.04,36.77,-1.7,9.35,35.65,51.36,https://www.openstreetmap.org/?mlat=35.65451&mlon=51.35820#map=17/35.65451/51.35820,B
منطقه ۱۷ شهر تهران,سجاد,tehran:m1709,علی فرقانی,residential,0.14,0.04,37.04,-1.0,9.62,35.66,51.36,https://www.openstreetmap.org/?mlat=35.65520&mlon=51.35795#map=17/35.65520/51.35795,B
منطقه ۱۷ شهر تهران,گلچین,tehran:m1710,رضا جمال پور,residential,0.15,21.53,37.2,-2.2,14.54,35.65,51.37,https://www.openstreetmap.org/?mlat=35.65094&mlon=51.36529#map=17/35.65094/51.36529,A
منطقه ۱۷ شهر تهران,گلچین,tehran:m1710,سید داوود فراهانی,residential,0.37,18.85,37.53,-1.3,14.66,35.66,51.36,https://www.openstreetmap.org/?mlat=35.65590&mlon=51.36312#map=17/35.65590/51.36312,A
منطقه ۱۷ شهر تهران,گلچین,tehran:m1710,رحیم فتحی,tertiary,0.72,22.84,37.46,-1.5,15.09,35.65,51.37,https://www.openstreetmap.org/?mlat=35.65413&mlon=51.36521#map=17/35.65413/51.36521,A
منطقه ۱۷ شهر تهران,گلچین,tehran:m1710,مجید قباد,residential,0.15,24.85,37.1,-2.5,15.25,35.65,51.37,https://www.openstreetmap.org/?mlat=35.65166&mlon=51.36545#map=17/35.65166/51.36545,A
منطقه ۱۷ شهر تهران,گلچین,tehran:m1710,ناصر بشارت,residential,0.15,24.85,37.14,-2.4,15.31,35.65,51.37,https://www.openstreetmap.org/?mlat=35.65131&mlon=51.36538#map=17/35.65131/51.36538,A
منطقه ۱۷ شهر تهران,گلچین,tehran:m1710,علی نوران,residential,0.11,26.73,37.13,-2.4,15.7,35.65,51.36,https://www.openstreetmap.org/?mlat=35.65496&mlon=51.36366#map=17/35.65496/51.36366,A
منطقه ۱۱ شهر تهران,انبار نفت,tehran:m1116,جعفری,residential,0.1,135.13,45.56,-14.3,59.7,35.66,51.39,https://www.openstreetmap.org/?mlat=35.66053&mlon=51.38635#map=17/35.66053/51.38635,B
منطقه ۱۱ شهر تهران,انبار نفت,tehran:m1116,معماریان,residential,0.14,135.13,49.74,-6.4,68.35,35.66,51.39,https://www.openstreetmap.org/?mlat=35.66263&mlon=51.38968#map=17/35.66263/51.38968,B
منطقه ۱۱ شهر تهران,انبار نفت,tehran:m1116,فاتح چهر,tertiary,0.51,127.17,50.53,-4.9,68.49,35.67,51.39,https://www.openstreetmap.org/?mlat=35.66539&mlon=51.38922#map=17/35.66539/51.38922,B
منطقه ۱۱ شهر تهران,انبار نفت,tehran:m1116,صادقیان,residential,0.11,135.13,49.88,-6.1,68.61,35.66,51.39,https://www.openstreetmap.org/?mlat=35.66130&mlon=51.39006#map=17/35.66130/51.39006,B
منطقه ۱۱ شهر تهران,انبار نفت,tehran:m1116,مصباح,residential,0.14,135.13,50.49,-5.0,69.76,35.66,51.39,https://www.openstreetmap.org/?mlat=35.66112&mlon=51.39029#map=17/35.66112/51.39029,B
منطقه ۱۱ شهر تهران,انبار نفت,tehran:m1116,نور قربانی,residential,0.11,135.13,50.91,-4.2,70.54,35.66,51.39,https://www.openstreetmap.org/?mlat=35.66468&mlon=51.38978#map=17/35.66468/51.38978,B
منطقه ۱۱ شهر تهران,عباسی,tehran:m1115,نادر زربافیان,residential,0.23,102.43,43.86,-11.8,49.19,35.66,51.38,https://www.openstreetmap.org/?mlat=35.65954&mlon=51.38435#map=17/35.65954/51.38435,B
منطقه ۱۱ شهر تهران,عباسی,tehran:m1115,غلامرضا کریم نژاد,residential,0.13,101.44,45.06,-9.4,51.82,35.66,51.38,https://www.openstreetmap.org/?mlat=35.66004&mlon=51.38374#map=17/35.66004/51.38374,B
منطقه ۱۱ شهر تهران,عباسی,tehran:m1115,جوانشیر بخشی ثمرین,residential,0.12,101.44,46.03,-7.4,54.15,35.66,51.38,https://www.openstreetmap.org/?mlat=35.66131&mlon=51.38446#map=17/35.66131/51.38446,B
منطقه ۱۱ شهر تهران,عباسی,tehran:m1115,نوح علی احدی,residential,0.29,101.44,46.09,-7.3,54.33,35.66,51.38,https://www.openstreetmap.org/?mlat=35.66161&mlon=51.38491#map=17/35.66161/51.38491,B
منطقه ۱۱ شهر تهران,عباسی,tehran:m1115,تیمور ابراهیمی,tertiary,0.51,101.44,46.25,-7.0,54.66,35.66,51.38,https://www.openstreetmap.org/?mlat=35.66160&mlon=51.38375#map=17/35.66160/51.38375,B
منطقه ۱۱ شهر تهران,عباسی,tehran:m1115,مومنی,residential,0.12,101.44,46.38,-6.7,54.95,35.66,51.39,https://www.openstreetmap.org/?mlat=35.66157&mlon=51.38572#map=17/35.66157/51.38572,B
منطقه ۱۷ شهر تهران,مقدم,tehran:m1705,هشت متری رضایی,residential,0.13,42.94,37.0,-11.0,19.11,35.65,51.37,https://www.openstreetmap.org/?mlat=35.65215&mlon=51.37216#map=17/35.65215/51.37216,C
منطقه ۱۷ شهر تهران,مقدم,tehran:m1705,رضا صیادی,residential,0.14,50.88,39.68,-4.6,25.81,35.66,51.37,https://www.openstreetmap.org/?mlat=35.66022&mlon=51.37243#map=17/35.66022/51.37243,C
منطقه ۱۷ شهر تهران,مقدم,tehran:m1705,باقر یوسفی,residential,0.18,67.28,40.22,-3.3,31.2,35.66,51.37,https://www.openstreetmap.org/?mlat=35.65985&mlon=51.37280#map=17/35.65985/51.37280,C
منطقه ۱۷ شهر تهران,مقدم,tehran:m1705,مجتبی متین,tertiary,0.22,99.58,37.99,-8.7,33.93,35.65,51.37,https://www.openstreetmap.org/?mlat=35.65302&mlon=51.37255#map=17/35.65302/51.37255,C
منطقه ۱۷ شهر تهران,مقدم,tehran:m1705,حامد آرامش,residential,0.19,110.6,38.68,-7.0,37.95,35.65,51.37,https://www.openstreetmap.org/?mlat=35.65354&mlon=51.37189#map=17/35.65354/51.37189,C
منطقه ۱۷ شهر تهران,مقدم,tehran:m1705,برادران مقدم,tertiary,0.34,110.6,38.7,-7.0,38.01,35.65,51.37,https://www.openstreetmap.org/?mlat=35.65357&mlon=51.37254#map=17/35.65357/51.37254,C
منطقه ۱۷ شهر تهران,ابوذر شرقی,tehran:m1706,استادی,residential,0.15,30.09,37.9,-3.1,17.36,35.66,51.37,https://www.openstreetmap.org/?mlat=35.66079&mlon=51.36889#map=17/35.66079/51.36889,B
منطقه ۱۷ شهر تهران,ابوذر شرقی,tehran:m1706,تاجیک,residential,0.19,35.28,37.98,-2.8,18.81,35.66,51.37,https://www.openstreetmap.org/?mlat=35.66067&mlon=51.36920#map=17/35.66067/51.36920,B
منطقه ۱۷ شهر تهران,ابوذر شرقی,tehran:m1706,داداشی,residential,0.22,39.96,38.11,-2.5,20.21,35.66,51.37,https://www.openstreetmap.org/?mlat=35.66053&mlon=51.36951#map=17/35.66053/51.36951,B
منطقه ۱۷ شهر تهران,ابوذر شرقی,tehran:m1706,نظری,residential,0.13,45.5,38.22,-2.2,21.4,35.66,51.37,https://www.openstreetmap.org/?mlat=35.66060&mlon=51.36904#map=17/35.66060/51.36904,B
منطقه ۱۷ شهر تهران,ابوذر شرقی,tehran:m1706,حبیب الله گل محمدی,residential,0.11,42.67,38.57,-1.3,21.49,35.66,51.37,https://www.openstreetmap.org/?mlat=35.65940&mlon=51.36960#map=17/35.65940/51.36960,B
منطقه ۱۷ شهر تهران,ابوذر شرقی,tehran:m1706,مصطفی کلانتری,residential,0.14,42.67,38.72,-1.0,21.79,35.66,51.37,https://www.openstreetmap.org/?mlat=35.66051&mlon=51.36744#map=17/35.66051/51.36744,B
منطقه ۱۷ شهر تهران,آذری,tehran:m1701,خوش قدم,residential,0.1,67.55,41.15,-3.6,33.95,35.67,51.35,https://www.openstreetmap.org/?mlat=35.66931&mlon=51.35195#map=17/35.66931/51.35195,B
منطقه ۱۷ شهر تهران,آذری,tehran:m1701,دوم حجره,residential,0.11,76.03,41.05,-3.8,35.37,35.67,51.35,https://www.openstreetmap.org/?mlat=35.66905&mlon=51.35198#map=17/35.66905/51.35198,B
منطقه ۱۷ شهر تهران,آذری,tehran:m1701,ژاله,residential,0.16,76.03,41.08,-3.8,35.47,35.67,51.35,https://www.openstreetmap.org/?mlat=35.66896&mlon=51.35345#map=17/35.66896/51.35345,B
منطقه ۱۷ شهر تهران,آذری,tehran:m1701,برادران چالی,residential,0.16,76.03,41.1,-3.7,35.52,35.67,51.35,https://www.openstreetmap.org/?mlat=35.66865&mlon=51.35350#map=17/35.66865/51.35350,B
منطقه ۱۷ شهر تهران,آذری,tehran:m1701,هشت متری صاحب الزمان,residential,0.14,76.03,41.15,-3.6,35.68,35.67,51.35,https://www.openstreetmap.org/?mlat=35.66873&mlon=51.35180#map=17/35.66873/51.35180,B
منطقه ۱۷ شهر تهران,آذری,tehran:m1701,قدرت پاکی,residential,0.7,74.17,41.46,-2.9,36.1,35.67,51.35,https://www.openstreetmap.org/?mlat=35.66734&mlon=51.35279#map=17/35.66734/51.35279,B
منطقه ۱۷ شهر تهران,یافت آباد شمالی,tehran:m1708,حسن جعفری,residential,0.22,16.25,39.71,-1.6,18.28,35.66,51.35,https://www.openstreetmap.org/?mlat=35.65940&mlon=51.35250#map=17/35.65940/51.35250,B
منطقه ۱۷ شهر تهران,یافت آباد شمالی,tehran:m1708,سیدرضا هاشمی,residential,0.15,32.73,38.15,-5.5,18.6,35.66,51.35,https://www.openstreetmap.org/?mlat=35.65661&mlon=51.35226#map=17/35.65661/51.35226,B
منطقه ۱۷ شهر تهران,یافت آباد شمالی,tehran:m1708,بشیری,residential,0.24,16.25,39.97,-1.0,18.95,35.66,51.35,https://www.openstreetmap.org/?mlat=35.65976&mlon=51.35222#map=17/35.65976/51.35222,B
منطقه ۱۷ شهر تهران,یافت آباد شمالی,tehran:m1708,علیرضا قدیمی,residential,0.24,16.35,40.13,-0.6,19.42,35.66,51.35,https://www.openstreetmap.org/?mlat=35.65997&mlon=51.35208#map=17/35.65997/51.35208,B
منطقه ۱۷ شهر تهران,یافت آباد شمالی,tehran:m1708,رضا ارزن زرین,residential,0.25,16.54,40.28,-0.2,19.86,35.66,51.35,https://www.openstreetmap.org/?mlat=35.66017&mlon=51.35196#map=17/35.66017/51.35196,B
منطقه ۱۷ شهر تهران,یافت آباد شمالی,tehran:m1708,محرم شکاری,residential,0.33,16.25,40.36,0.0,20.08,35.66,51.35,https://www.openstreetmap.org/?mlat=35.66040&mlon=51.35320#map=17/35.66040/51.35320,B
منطقه ۱۸ شهر تهران,شهرک ولیعصر جنوبی,tehran:m1814,سجاد شمالی,residential,0.13,0.0,28.81,-13.3,3.24,35.64,51.33,https://www.openstreetmap.org/?mlat=35.64174&mlon=51.33446#map=17/35.64174/51.33446,A
منطقه ۱۸ شهر تهران,شهرک ولیعصر جنوبی,tehran:m1814,علی طلایی,residential,0.21,0.0,29.59,-10.9,3.46,35.64,51.34,https://www.openstreetmap.org/?mlat=35.64217&mlon=51.33547#map=17/35.64217/51.33547,A
منطقه ۱۸ شهر تهران,شهرک ولیعصر جنوبی,tehran:m1814,علیرضا آخوندی,residential,0.45,0.0,29.9,-10.0,3.55,35.64,51.34,https://www.openstreetmap.org/?mlat=35.64199&mlon=51.33672#map=17/35.64199/51.33672,A
منطقه ۱۸ شهر تهران,شهرک ولیعصر جنوبی,tehran:m1814,میدان مفتح,tertiary,0.33,0.0,30.57,-7.9,3.78,35.64,51.34,https://www.openstreetmap.org/?mlat=35.64318&mlon=51.33585#map=17/35.64318/51.33585,A
منطقه ۱۸ شهر تهران,شهرک ولیعصر جنوبی,tehran:m1814,امام حسین,residential,0.47,0.0,31.01,-6.6,3.92,35.64,51.34,https://www.openstreetmap.org/?mlat=35.64370&mlon=51.33789#map=17/35.64370/51.33789,A
منطقه ۱۸ شهر تهران,شهرک ولیعصر جنوبی,tehran:m1814,شهدای دانش آموز,residential,0.24,0.0,31.16,-6.2,3.98,35.64,51.33,https://www.openstreetmap.org/?mlat=35.64472&mlon=51.33416#map=17/35.64472/51.33416,A
منطقه ۱۸ شهر تهران,تولید دارو,tehran:m1805,چمران,residential,0.15,0.0,35.81,-14.5,6.34,35.66,51.33,https://www.openstreetmap.org/?mlat=35.66158&mlon=51.33386#map=17/35.66158/51.33386,C
منطقه ۱۸ شهر تهران,تولید دارو,tehran:m1805,امام رضا,residential,0.12,0.0,35.94,-14.2,6.46,35.66,51.33,https://www.openstreetmap.org/?mlat=35.66198&mlon=51.33415#map=17/35.66198/51.33415,C
منطقه ۱۸ شهر تهران,تولید دارو,tehran:m1805,صفار مهرابی,residential,0.14,0.0,36.18,-13.6,6.64,35.66,51.33,https://www.openstreetmap.org/?mlat=35.66221&mlon=51.33279#map=17/35.66221/51.33279,C
منطقه ۱۸ شهر تهران,تولید دارو,tehran:m1805,امینی امشی,residential,0.14,0.0,36.23,-13.5,6.7,35.66,51.33,https://www.openstreetmap.org/?mlat=35.66123&mlon=51.33251#map=17/35.66123/51.33251,C
منطقه ۱۸ شهر تهران,تولید دارو,tehran:m1805,اکبر حیدری,residential,0.14,0.0,36.24,-13.5,6.73,35.66,51.33,https://www.openstreetmap.org/?mlat=35.66280&mlon=51.33294#map=17/35.66280/51.33294,C
منطقه ۱۸ شهر تهران,تولید دارو,tehran:m1805,خسروبیگی,residential,0.12,0.0,36.24,-13.5,6.73,35.66,51.33,https://www.openstreetmap.org/?mlat=35.66256&mlon=51.33430#map=17/35.66256/51.33430,C
منطقه ۹ شهر تهران,شمشیری,tehran:m907,محمدرضا افشار,residential,0.13,0.0,40.32,-8.1,14.12,35.67,51.34,https://www.openstreetmap.org/?mlat=35.67313&mlon=51.33760#map=17/35.67313/51.33760,B
منطقه ۹ شهر تهران,شمشیری,tehran:m907,محمود علی کرمی,residential,0.28,6.95,40.23,-8.3,17.86,35.67,51.34,https://www.openstreetmap.org/?mlat=35.67320&mlon=51.33689#map=17/35.67320/51.33689,B
منطقه ۹ شهر تهران,شمشیری,tehran:m907,حسینی مهربانی,residential,0.17,0.0,42.02,-4.3,18.9,35.67,51.34,https://www.openstreetmap.org/?mlat=35.67185&mlon=51.33769#map=17/35.67185/51.33769,B
منطقه ۹ شهر تهران,شمشیری,tehran:m907,اسماعیل ترابی پور,residential,0.2,0.0,42.2,-3.9,19.35,35.67,51.34,https://www.openstreetmap.org/?mlat=35.67212&mlon=51.33925#map=17/35.67212/51.33925,B
منطقه ۹ شهر تهران,شمشیری,tehran:m907,جمشید میرزایی,residential,0.19,0.0,42.72,-2.7,20.66,35.67,51.34,https://www.openstreetmap.org/?mlat=35.67181&mlon=51.33922#map=17/35.67181/51.33922,B
منطقه ۹ شهر تهران,شمشیری,tehran:m907,عباس پالیزگیر,residential,0.19,0.0,43.29,-1.4,22.08,35.67,51.34,https://www.openstreetmap.org/?mlat=35.67146&mlon=51.33918#map=17/35.67146/51.33918,B
منطقه ۱۷ شهر تهران,امام زاده حسن,tehran:m1702,مهمان نوازان,residential,0.37,56.14,39.62,-7.0,27.07,35.66,51.37,https://www.openstreetmap.org/?mlat=35.66339&mlon=51.36597#map=17/35.66339/51.36597,B
منطقه ۱۷ شهر تهران,امام زاده حسن,tehran:m1702,نشاطی,residential,0.13,62.76,40.88,-4.0,31.82,35.66,51.36,https://www.openstreetmap.org/?mlat=35.66499&mlon=51.36440#map=17/35.66499/51.36440,B
منطقه ۱۷ شهر تهران,امام زاده حسن,tehran:m1702,قدرت الله غضنفری,residential,0.13,77.91,40.01,-6.1,32.93,35.66,51.37,https://www.openstreetmap.org/?mlat=35.66272&mlon=51.36554#map=17/35.66272/51.36554,B
منطقه ۱۷ شهر تهران,امام زاده حسن,tehran:m1702,حسین محمدزاده,residential,0.12,78.79,39.93,-6.3,32.94,35.66,51.37,https://www.openstreetmap.org/?mlat=35.66241&mlon=51.36567#map=17/35.66241/51.36567,B
منطقه ۱۷ شهر تهران,امام زاده حسن,tehran:m1702,ساسان,tertiary,0.26,57.71,42.99,0.9,36.54,35.66,51.36,https://www.openstreetmap.org/?mlat=35.66347&mlon=51.35598#map=17/35.66347/51.35598,B
منطقه ۱۷ شهر تهران,امام زاده حسن,tehran:m1702,احمد برزگر فارسیان,residential,0.13,95.44,40.11,-5.8,37.44,35.66,51.37,https://www.openstreetmap.org/?mlat=35.66302&mlon=51.36538#map=17/35.66302/51.36538,B
منطقه ۱۷ شهر تهران,باغ خزانه,tehran:m1703,بهمنی,residential,0.11,4.94,37.11,-3.7,11.09,35.66,51.37,https://www.openstreetmap.org/?mlat=35.66457&mlon=51.36998#map=17/35.66457/51.36998,B
منطقه ۱۷ شهر تهران,باغ خزانه,tehran:m1703,عاطفی,residential,0.24,4.94,37.3,-3.2,11.31,35.66,51.37,https://www.openstreetmap.org/?mlat=35.66416&mlon=51.36934#map=17/35.66416/51.36934,B
منطقه ۱۷ شهر تهران,باغ خزانه,tehran:m1703,خواجه محمدی,residential,0.11,4.94,37.33,-3.1,11.35,35.66,51.37,https://www.openstreetmap.org/?mlat=35.66494&mlon=51.36995#map=17/35.66494/51.36995,B
منطقه ۱۷ شهر تهران,باغ خزانه,tehran:m1703,قاسمی,residential,0.24,4.94,37.38,-3.0,11.42,35.66,51.37,https://www.openstreetmap.org/?mlat=35.66379&mlon=51.36938#map=17/35.66379/51.36938,B
منطقه ۱۷ شهر تهران,باغ خزانه,tehran:m1703,فتح الله مصباح,residential,0.24,4.94,37.45,-2.8,11.53,35.66,51.37,https://www.openstreetmap.org/?mlat=35.66344&mlon=51.36942#map=17/35.66344/51.36942,B
منطقه ۱۷ شهر تهران,باغ خزانه,tehran:m1703,نظرالله اصیل ادب,residential,0.24,4.94,37.54,-2.6,11.65,35.66,51.37,https://www.openstreetmap.org/?mlat=35.66304&mlon=51.36947#map=17/35.66304/51.36947,B
منطقه ۱۱ شهر تهران,هلال احمر,tehran:m1114,هلال احمر,tertiary,0.18,103.04,52.21,-1.0,66.58,35.67,51.38,https://www.openstreetmap.org/?mlat=35.66821&mlon=51.38255#map=17/35.66821/51.38255,B
منطقه ۱۱ شهر تهران,هلال احمر,tehran:m1114,امامی,residential,0.14,124.12,51.68,-2.1,70.06,35.67,51.39,https://www.openstreetmap.org/?mlat=35.66827&mlon=51.38596#map=17/35.66827/51.38596,B
منطقه ۱۱ شهر تهران,هلال احمر,tehran:m1114,طالشی,residential,0.15,124.12,51.7,-2.0,70.09,35.67,51.39,https://www.openstreetmap.org/?mlat=35.66854&mlon=51.38650#map=17/35.66854/51.38650,B
منطقه ۱۱ شهر تهران,هلال احمر,tehran:m1114,خط اتوبوس,service,0.88,156.98,50.09,-5.1,72.05,35.67,51.4,https://www.openstreetmap.org/?mlat=35.67108&mlon=51.39508#map=17/35.67108/51.39508,B
منطقه ۱۱ شهر تهران,هلال احمر,tehran:m1114,دوم,service,0.13,134.9,52.26,-0.9,73.02,35.67,51.39,https://www.openstreetmap.org/?mlat=35.66929&mlon=51.38654#map=17/35.66929/51.38654,B
منطقه ۱۱ شهر تهران,هلال احمر,tehran:m1114,یکم,service,0.2,138.27,52.0,-1.4,73.17,35.67,51.39,https://www.openstreetmap.org/?mlat=35.66929&mlon=51.38729#map=17/35.66929/51.38729,B
منطقه ۱۷ شهر تهران,بلورسازی,tehran:m1704,سرخوش بهاری,residential,0.2,62.59,38.76,-14.3,26.41,35.66,51.38,https://www.openstreetmap.org/?mlat=35.65517&mlon=51.37988#map=17/35.65517/51.37988,B
منطقه ۱۷ شهر تهران,بلورسازی,tehran:m1704,رفیعیان,residential,0.53,61.49,39.79,-12.0,28.5,35.66,51.38,https://www.openstreetmap.org/?mlat=35.65600&mlon=51.38096#map=17/35.65600/51.38096,B
منطقه ۱۷ شهر تهران,بلورسازی,tehran:m1704,دشتی,residential,0.17,62.59,39.71,-12.2,28.53,35.66,51.38,https://www.openstreetmap.org/?mlat=35.65544&mlon=51.37960#map=17/35.65544/51.37960,B
منطقه ۱۷ شهر تهران,بلورسازی,tehran:m1704,امیر حسنی,residential,0.16,62.59,40.67,-10.1,31.2,35.66,51.38,https://www.openstreetmap.org/?mlat=35.65574&mlon=51.37945#map=17/35.65574/51.37945,B
منطقه ۱۷ شهر تهران,بلورسازی,tehran:m1704,برادران حسنی,tertiary,0.24,62.59,40.69,-10.0,31.24,35.66,51.38,https://www.openstreetmap.org/?mlat=35.65556&mlon=51.37858#map=17/35.65556/51.37858,B
منطقه ۱۷ شهر تهران,بلورسازی,tehran:m1704,حسن بهادرنژاد,residential,0.41,55.32,41.43,-8.4,32.0,35.67,51.38,https://www.openstreetmap.org/?mlat=35.66526&mlon=51.37558#map=17/35.66526/51.37558,B
منطقه ۱۱ شهر تهران,خرمشهر,tehran:m1109,سلطان لو,residential,0.1,64.16,48.71,-4.4,50.54,35.68,51.38,https://www.openstreetmap.org/?mlat=35.68058&mlon=51.38324#map=17/35.68058/51.38324,B
منطقه ۱۱ شهر تهران,خرمشهر,tehran:m1109,پنج متری اول,residential,0.12,64.16,48.85,-4.2,50.81,35.68,51.38,https://www.openstreetmap.org/?mlat=35.68021&mlon=51.38331#map=17/35.68021/51.38331,B
منطقه ۱۱ شهر تهران,خرمشهر,tehran:m1109,کاوه,residential,0.13,64.16,48.94,-4.0,50.99,35.68,51.38,https://www.openstreetmap.org/?mlat=35.67999&mlon=51.38333#map=17/35.67999/51.38333,B
منطقه ۱۱ شهر تهران,خرمشهر,tehran:m1109,چهار متری,residential,0.11,66.53,48.69,-4.5,51.0,35.68,51.38,https://www.openstreetmap.org/?mlat=35.68085&mlon=51.38313#map=17/35.68085/51.38313,B
منطقه ۱۱ شهر تهران,خرمشهر,tehran:m1109,وفاخواه,residential,0.15,64.16,49.11,-3.6,51.35,35.68,51.38,https://www.openstreetmap.org/?mlat=35.67953&mlon=51.38341#map=17/35.67953/51.38341,B
منطقه ۱۱ شهر تهران,خرمشهر,tehran:m1109,نخعی,residential,0.15,72.52,49.11,-3.7,53.06,35.68,51.38,https://www.openstreetmap.org/?mlat=35.67897&mlon=51.38369#map=17/35.67897/51.38369,B
منطقه ۱۰ شهر تهران,سلیمانی - تیموری,tehran:m1008,احمد عبداللهی,residential,0.15,28.97,36.77,-2.8,15.69,35.68,51.36,https://www.openstreetmap.org/?mlat=35.67945&mlon=51.36171#map=17/35.67945/51.36171,B
منطقه ۱۰ شهر تهران,سلیمانی - تیموری,tehran:m1008,عقاب نشین,residential,0.14,35.6,35.42,-6.4,16.03,35.68,51.36,https://www.openstreetmap.org/?mlat=35.67647&mlon=51.36212#map=17/35.67647/51.36212,B
منطقه ۱۰ شهر تهران,سلیمانی - تیموری,tehran:m1008,مصطفی آذرخش,residential,0.2,35.6,35.49,-6.2,16.12,35.68,51.36,https://www.openstreetmap.org/?mlat=35.67608&mlon=51.36120#map=17/35.67608/51.36120,B
منطقه ۱۰ شهر تهران,سلیمانی - تیموری,tehran:m1008,حاج محمدی,residential,0.14,35.6,35.54,-6.1,16.17,35.68,51.36,https://www.openstreetmap.org/?mlat=35.67614&mlon=51.36200#map=17/35.67614/51.36200,B
منطقه ۱۰ شهر تهران,سلیمانی - تیموری,tehran:m1008,قاسم خواجه زاده,residential,0.31,33.43,36.19,-4.3,16.22,35.68,51.36,https://www.openstreetmap.org/?mlat=35.67844&mlon=51.36227#map=17/35.67844/51.36227,B
منطقه ۱۰ شهر تهران,سلیمانی - تیموری,tehran:m1008,قاسمی,residential,0.13,28.97,37.26,-1.5,16.26,35.68,51.36,https://www.openstreetmap.org/?mlat=35.68008&mlon=51.36181#map=17/35.68008/51.36181,B
منطقه ۱۰ شهر تهران,جی,tehran:m1007,عیسی مطهری,residential,0.15,15.0,36.85,-4.2,12.88,35.68,51.36,https://www.openstreetmap.org/?mlat=35.67555&mlon=51.35855#map=17/35.67555/51.35855,B
منطقه ۱۰ شهر تهران,جی,tehran:m1007,شهید علی بختیاری,tertiary,1.11,15.0,36.94,-4.0,12.96,35.68,51.36,https://www.openstreetmap.org/?mlat=35.67885&mlon=51.35771#map=17/35.67885/51.35771,B
منطقه ۱۰ شهر تهران,جی,tehran:m1007,سیلاخوری,residential,0.15,15.0,37.08,-3.6,13.14,35.68,51.36,https://www.openstreetmap.org/?mlat=35.67527&mlon=51.35845#map=17/35.67527/51.35845,B
منطقه ۱۰ شهر تهران,جی,tehran:m1007,راهب ممی نژاد,residential,0.3,15.0,37.11,-3.5,13.17,35.68,51.36,https://www.openstreetmap.org/?mlat=35.67736&mlon=51.35683#map=17/35.67736/51.35683,B
منطقه ۱۰ شهر تهران,جی,tehran:m1007,محمد بیدوا,residential,0.46,17.11,36.95,-4.0,13.53,35.68,51.36,https://www.openstreetmap.org/?mlat=35.67669&mlon=51.35740#map=17/35.67669/51.35740,B
منطقه ۱۰ شهر تهران,جی,tehran:m1007,محمدباقر رجبی,residential,0.49,18.47,36.73,-4.5,13.61,35.68,51.36,https://www.openstreetmap.org/?mlat=35.67725&mlon=51.35749#map=17/35.67725/51.35749,B
منطقه ۹ شهر تهران,مهرآباد جنوبی,tehran:m906,مددپور,residential,0.17,65.38,38.81,0.4,27.3,35.68,51.34,https://www.openstreetmap.org/?mlat=35.67526&mlon=51.33767#map=17/35.67526/51.33767,A
منطقه ۹ شهر تهران,مهرآباد جنوبی,tehran:m906,احمد درخشنده,residential,0.11,90.17,35.47,-8.2,28.67,35.68,51.33,https://www.openstreetmap.org/?mlat=35.67847&mlon=51.33316#map=17/35.67847/51.33316,A
منطقه ۹ شهر تهران,مهرآباد جنوبی,tehran:m906,شهید بیگلری,residential,0.11,90.17,35.85,-7.2,28.96,35.68,51.33,https://www.openstreetmap.org/?mlat=35.67829&mlon=51.33258#map=17/35.67829/51.33258,A
منطقه ۹ شهر تهران,مهرآباد جنوبی,tehran:m906,توحید,residential,0.17,74.84,38.81,0.4,29.28,35.68,51.34,https://www.openstreetmap.org/?mlat=35.67662&mlon=51.34107#map=17/35.67662/51.34107,A
منطقه ۹ شهر تهران,مهرآباد جنوبی,tehran:m906,محسن نجفی,residential,0.39,90.17,36.22,-6.3,29.28,35.68,51.33,https://www.openstreetmap.org/?mlat=35.67801&mlon=51.33407#map=17/35.67801/51.33407,A
منطقه ۹ شهر تهران,مهرآباد جنوبی,tehran:m906,محمدی,residential,0.16,76.87,38.55,-0.3,29.33,35.68,51.34,https://www.openstreetmap.org/?mlat=35.67708&mlon=51.34126#map=17/35.67708/51.34126,A
منطقه ۹ شهر تهران,امام زاده عبدالله,tehran:m905,ده متری امامزاده عبدالله,tertiary,0.13,15.0,41.62,-0.1,23.39,35.67,51.35,https://www.openstreetmap.org/?mlat=35.67331&mlon=51.35334#map=17/35.67331/51.35334,A
منطقه ۹ شهر تهران,امام زاده عبدالله,tehran:m905,هرمزان,tertiary,0.4,54.4,38.23,-8.2,23.76,35.68,51.35,https://www.openstreetmap.org/?mlat=35.68108&mlon=51.35433#map=17/35.68108/51.35433,A
منطقه ۹ شهر تهران,امام زاده عبدالله,tehran:m905,سلیمی,residential,0.26,62.99,39.96,-4.1,29.28,35.68,51.35,https://www.openstreetmap.org/?mlat=35.67837&mlon=51.34523#map=17/35.67837/51.34523,A
منطقه ۹ شهر تهران,امام زاده عبدالله,tehran:m905,فتح آبادی,residential,0.37,62.99,40.03,-3.9,29.49,35.68,51.35,https://www.openstreetmap.org/?mlat=35.67876&mlon=51.34560#map=17/35.67876/51.34560,A
منطقه ۹ شهر تهران,امام زاده عبدالله,tehran:m905,امامزاده عبدالله,tertiary,0.22,43.26,41.82,0.4,30.07,35.67,51.35,https://www.openstreetmap.org/?mlat=35.67190&mlon=51.35257#map=17/35.67190/51.35257,A
منطقه ۹ شهر تهران,امام زاده عبدالله,tehran:m905,سلیمان غرقی,residential,0.2,62.99,40.38,-3.1,30.52,35.68,51.35,https://www.openstreetmap.org/?mlat=35.67737&mlon=51.34547#map=17/35.67737/51.34547,A
منطقه ۹ شهر تهران,دستغیب,tehran:m904,عباس کریمی,residential,0.13,132.54,34.14,-17.8,37.36,35.69,51.34,https://www.openstreetmap.org/?mlat=35.68805&mlon=51.34127#map=17/35.68805/51.34127,B
منطقه ۹ شهر تهران,دستغیب,tehran:m904,دوسنگانی,residential,0.28,132.54,34.73,-16.4,37.64,35.69,51.34,https://www.openstreetmap.org/?mlat=35.68590&mlon=51.34198#map=17/35.68590/51.34198,B
منطقه ۹ شهر تهران,دستغیب,tehran:m904,محمود امیری,residential,0.17,129.07,35.64,-14.2,37.66,35.69,51.34,https://www.openstreetmap.org/?mlat=35.68787&mlon=51.34205#map=17/35.68787/51.34205,B
منطقه ۹ شهر تهران,دستغیب,tehran:m904,قره گوزلو,residential,0.21,132.54,35.97,-13.4,38.52,35.69,51.34,https://www.openstreetmap.org/?mlat=35.68746&mlon=51.34228#map=17/35.68746/51.34228,B
منطقه ۹ شهر تهران,دستغیب,tehran:m904,علی دمیرچی,residential,0.13,132.54,36.23,-12.8,38.75,35.69,51.34,https://www.openstreetmap.org/?mlat=35.68548&mlon=51.34273#map=17/35.68548/51.34273,B
منطقه ۹ شهر تهران,دستغیب,tehran:m904,غلامرضا ویری,residential,0.14,132.54,36.23,-12.8,38.75,35.69,51.34,https://www.openstreetmap.org/?mlat=35.68586&mlon=51.34268#map=17/35.68586/51.34268,B
منطقه ۱۰ شهر تهران,هاشمی,tehran:m1006,شهدا,residential,0.21,27.57,37.15,-7.4,15.86,35.68,51.36,https://www.openstreetmap.org/?mlat=35.68078&mlon=51.35772#map=17/35.68078/51.35772,A
منطقه ۱۰ شهر تهران,هاشمی,tehran:m1006,همتی,residential,0.16,31.26,37.18,-7.3,16.74,35.68,51.36,https://www.openstreetmap.org/?mlat=35.68117&mlon=51.35737#map=17/35.68117/51.35737,A
منطقه ۱۰ شهر تهران,هاشمی,tehran:m1006,عیسی شاه محمدی,residential,0.25,31.26,37.33,-6.9,16.92,35.68,51.36,https://www.openstreetmap.org/?mlat=35.68122&mlon=51.35650#map=17/35.68122/51.35650,A
منطقه ۱۰ شهر تهران,هاشمی,tehran:m1006,زارع,residential,0.19,31.26,37.36,-6.9,16.97,35.68,51.36,https://www.openstreetmap.org/?mlat=35.68142&mlon=51.35748#map=17/35.68142/51.35748,A
منطقه ۱۰ شهر تهران,هاشمی,tehran:m1006,فرجی,residential,0.19,31.26,37.41,-6.7,17.04,35.68,51.36,https://www.openstreetmap.org/?mlat=35.68113&mlon=51.35544#map=17/35.68113/51.35544,A
منطقه ۱۰ شهر تهران,هاشمی,tehran:m1006,توانا,residential,0.13,31.26,37.57,-6.3,17.33,35.68,51.36,https://www.openstreetmap.org/?mlat=35.68158&mlon=51.35574#map=17/35.68158/51.35574,A
منطقه ۹ شهر تهران,استاد معین,tehran:m902,یاری,residential,0.18,28.85,35.5,-9.5,14.5,35.69,51.34,https://www.openstreetmap.org/?mlat=35.68989&mlon=51.34153#map=17/35.68989/51.34153,B
منطقه ۹ شهر تهران,استاد معین,tehran:m902,سلیم پور,residential,0.16,28.85,35.89,-8.5,14.81,35.69,51.34,https://www.openstreetmap.org/?mlat=35.69258&mlon=51.34139#map=17/35.69258/51.34139,B
منطقه ۹ شهر تهران,استاد معین,tehran:m902,رضاجانی,residential,0.15,28.85,36.41,-7.2,15.31,35.69,51.34,https://www.openstreetmap.org/?mlat=35.69326&mlon=51.34186#map=17/35.69326/51.34186,B
منطقه ۹ شهر تهران,استاد معین,tehran:m902,مبینی,tertiary,0.55,37.4,35.1,-10.5,16.38,35.69,51.34,https://www.openstreetmap.org/?mlat=35.69055&mlon=51.34117#map=17/35.69055/51.34117,B
منطقه ۹ شهر تهران,استاد معین,tehran:m902,غیاثوند,residential,0.3,28.85,37.4,-4.7,16.4,35.69,51.34,https://www.openstreetmap.org/?mlat=35.69322&mlon=51.34273#map=17/35.69322/51.34273,B
منطقه ۹ شهر تهران,استاد معین,tehran:m902,سیدحسن محمودی,residential,0.11,28.85,37.66,-4.0,16.8,35.69,51.34,https://www.openstreetmap.org/?mlat=35.69210&mlon=51.34309#map=17/35.69210/51.34309,B
منطقه ۹ شهر تهران,دکتر هوشیار,tehran:m903,هاشمی نیا,residential,0.12,0.0,37.1,-7.4,7.62,35.69,51.35,https://www.openstreetmap.org/?mlat=35.69411&mlon=51.34811#map=17/35.69411/51.34811,A
منطقه ۹ شهر تهران,دکتر هوشیار,tehran:m903,علی‌ اصغر لطفی,residential,0.1,0.0,37.17,-7.3,7.71,35.69,51.35,https://www.openstreetmap.org/?mlat=35.69341&mlon=51.34945#map=17/35.69341/51.34945,A
منطقه ۹ شهر تهران,دکتر هوشیار,tehran:m903,کاشی,residential,0.12,0.0,37.46,-6.6,8.1,35.69,51.35,https://www.openstreetmap.org/?mlat=35.69432&mlon=51.34816#map=17/35.69432/51.34816,A
منطقه ۹ شهر تهران,دکتر هوشیار,tehran:m903,کاظم گودرزی,residential,0.17,0.0,37.54,-6.3,8.22,35.69,51.35,https://www.openstreetmap.org/?mlat=35.69314&mlon=51.34990#map=17/35.69314/51.34990,A
منطقه ۹ شهر تهران,دکتر هوشیار,tehran:m903,شاه محمدی,residential,0.23,0.0,37.59,-6.2,8.3,35.69,51.35,https://www.openstreetmap.org/?mlat=35.69275&mlon=51.34833#map=17/35.69275/51.34833,A
منطقه ۹ شهر تهران,دکتر هوشیار,tehran:m903,موسوی مطلق,residential,0.24,0.0,37.65,-6.1,8.35,35.69,51.35,https://www.openstreetmap.org/?mlat=35.69268&mlon=51.34749#map=17/35.69268/51.34749,A
منطقه ۱۰ شهر تهران,زنجان جنوبی,tehran:m1001,قاسمی,residential,0.15,23.24,39.97,-1.9,20.33,35.69,51.36,https://www.openstreetmap.org/?mlat=35.69321&mlon=51.36000#map=17/35.69321/51.36000,B
منطقه ۱۰ شهر تهران,زنجان جنوبی,tehran:m1001,اصفهانی,residential,0.16,23.24,40.03,-1.8,20.5,35.69,51.36,https://www.openstreetmap.org/?mlat=35.69328&mlon=51.35910#map=17/35.69328/51.35910,B
منطقه ۱۰ شهر تهران,زنجان جنوبی,tehran:m1001,محمودی,residential,0.21,23.24,40.14,-1.5,20.79,35.69,51.36,https://www.openstreetmap.org/?mlat=35.69177&mlon=51.35977#map=17/35.69177/51.35977,B
منطقه ۱۰ شهر تهران,زنجان جنوبی,tehran:m1001,چهاردوری,residential,0.17,23.24,40.16,-1.5,20.83,35.69,51.36,https://www.openstreetmap.org/?mlat=35.69187&mlon=51.35939#map=17/35.69187/51.35939,B
منطقه ۱۰ شهر تهران,زنجان جنوبی,tehran:m1001,مؤیدی,residential,0.19,23.24,40.16,-1.5,20.83,35.69,51.36,https://www.openstreetmap.org/?mlat=35.69141&mlon=51.35999#map=17/35.69141/51.35999,B
منطقه ۱۰ شهر تهران,زنجان جنوبی,tehran:m1001,پاییزی,residential,0.21,23.24,40.18,-1.4,20.9,35.69,51.36,https://www.openstreetmap.org/?mlat=35.69115&mlon=51.36027#map=17/35.69115/51.36027,B
منطقه ۲ شهر تهران,تیموری,tehran:m229,سارا,residential,0.15,64.76,49.83,-11.7,53.0,35.71,51.35,https://www.openstreetmap.org/?mlat=35.71138&mlon=51.35280#map=17/35.71138/51.35280,B
منطقه ۲ شهر تهران,تیموری,tehran:m229,گلنار,residential,0.11,85.86,51.34,-9.1,60.45,35.71,51.35,https://www.openstreetmap.org/?mlat=35.70983&mlon=51.34983#map=17/35.70983/51.34983,B
منطقه ۲ شهر تهران,تیموری,tehran:m229,ذوقی,residential,0.4,159.56,47.62,-15.7,67.55,35.71,51.35,https://www.openstreetmap.org/?mlat=35.71277&mlon=51.35032#map=17/35.71277/51.35032,B
منطقه ۲ شهر تهران,تیموری,tehran:m229,لاله سرخ,residential,0.2,158.02,47.72,-15.5,67.58,35.71,51.35,https://www.openstreetmap.org/?mlat=35.71226&mlon=51.34835#map=17/35.71226/51.34835,B
منطقه ۲ شهر تهران,تیموری,tehran:m229,اتحاد,residential,0.12,158.02,47.89,-15.2,67.89,35.71,51.35,https://www.openstreetmap.org/?mlat=35.71230&mlon=51.34924#map=17/35.71230/51.34924,B
منطقه ۲ شهر تهران,تیموری,tehran:m229,مظاهری کرمانی,residential,0.3,160.35,48.63,-13.9,69.6,35.71,51.35,https://www.openstreetmap.org/?mlat=35.71206&mlon=51.35113#map=17/35.71206/51.35113,B
منطقه ۲ شهر تهران,طرشت,tehran:m228,باغ کاج,residential,0.23,51.95,46.93,-18.5,44.19,35.71,51.34,https://www.openstreetmap.org/?mlat=35.71098&mlon=51.34362#map=17/35.71098/51.34362,B
منطقه ۲ شهر تهران,طرشت,tehran:m228,مختار,residential,0.1,51.95,47.39,-17.7,45.13,35.71,51.34,https://www.openstreetmap.org/?mlat=35.71196&mlon=51.34433#map=17/35.71196/51.34433,B
منطقه ۲ شهر تهران,طرشت,tehran:m228,بیات,residential,0.16,51.95,47.6,-17.4,45.56,35.71,51.35,https://www.openstreetmap.org/?mlat=35.71074&mlon=51.34578#map=17/35.71074/51.34578,B
منطقه ۲ شهر تهران,طرشت,tehran:m228,محمدی,residential,0.34,66.5,48.8,-15.3,51.23,35.71,51.34,https://www.openstreetmap.org/?mlat=35.70947&mlon=51.34372#map=17/35.70947/51.34372,B
منطقه ۲ شهر تهران,طرشت,tehran:m228,درویش‌ وند,residential,0.38,51.95,50.68,-12.0,51.56,35.71,51.35,https://www.openstreetmap.org/?mlat=35.70946&mlon=51.34719#map=17/35.70946/51.34719,B
منطقه ۲ شهر تهران,طرشت,tehran:m228,دوم شرقی,residential,0.1,88.05,48.01,-16.6,54.5,35.71,51.34,https://www.openstreetmap.org/?mlat=35.71085&mlon=51.34042#map=17/35.71085/51.34042,B
منطقه ۲ شهر تهران,چوب تراش,tehran:m227,مجید حساس,residential,0.27,14.72,45.54,-6.1,32.67,35.72,51.35,https://www.openstreetmap.org/?mlat=35.71529&mlon=51.35041#map=17/35.71529/51.35041,B
منطقه ۲ شهر تهران,چوب تراش,tehran:m227,محسن شیخ عباسی,residential,0.12,14.72,45.66,-5.9,32.99,35.72,51.35,https://www.openstreetmap.org/?mlat=35.71565&mlon=51.34987#map=17/35.71565/51.34987,B
منطقه ۲ شهر تهران,چوب تراش,tehran:m227,حمیدرضا ارجمند,residential,0.14,14.72,45.66,-5.9,33.02,35.72,51.35,https://www.openstreetmap.org/?mlat=35.71819&mlon=51.35005#map=17/35.71819/51.35005,B
منطقه ۲ شهر تهران,چوب تراش,tehran:m227,پنجم,residential,0.11,14.72,45.96,-5.2,33.65,35.72,51.35,https://www.openstreetmap.org/?mlat=35.71616&mlon=51.34851#map=17/35.71616/51.34851,B
منطقه ۲ شهر تهران,چوب تراش,tehran:m227,برادران میرزمانی,residential,0.35,21.65,45.91,-5.4,34.96,35.72,51.35,https://www.openstreetmap.org/?mlat=35.71505&mlon=51.34895#map=17/35.71505/51.34895,B
منطقه ۲ شهر تهران,چوب تراش,tehran:m227,علی حسین مردی,residential,0.65,14.72,46.55,-4.0,35.02,35.72,51.35,https://www.openstreetmap.org/?mlat=35.71588&mlon=51.34742#map=17/35.71588/51.34742,B
منطقه ۱۱ شهر تهران,جمالزاده,tehran:m1102,دیلمان,tertiary,0.34,0.0,48.54,-3.7,33.52,35.7,51.39,https://www.openstreetmap.org/?mlat=35.69802&mlon=51.38729#map=17/35.69802/51.38729,C
منطقه ۱۱ شهر تهران,جمالزاده,tehran:m1102,کاج,residential,0.22,0.0,48.97,-2.9,34.4,35.7,51.39,https://www.openstreetmap.org/?mlat=35.69861&mlon=51.39021#map=17/35.69861/51.39021,C
منطقه ۱۱ شهر تهران,جمالزاده,tehran:m1102,وزیری,residential,0.14,0.0,49.03,-2.8,34.49,35.7,51.39,https://www.openstreetmap.org/?mlat=35.69722&mlon=51.38865#map=17/35.69722/51.38865,C
منطقه ۱۱ شهر تهران,جمالزاده,tehran:m1102,فاتح,residential,0.15,0.0,49.39,-2.0,35.29,35.7,51.39,https://www.openstreetmap.org/?mlat=35.69847&mlon=51.38524#map=17/35.69847/51.38524,C
منطقه ۱۱ شهر تهران,جمالزاده,tehran:m1102,حسن نوفلاح,tertiary,0.5,0.0,49.42,-2.0,35.34,35.7,51.39,https://www.openstreetmap.org/?mlat=35.69859&mlon=51.38767#map=17/35.69859/51.38767,C
منطقه ۱۱ شهر تهران,جمالزاده,tehran:m1102,یدالله کلهر,tertiary,0.38,0.0,49.42,-2.0,35.35,35.7,51.39,https://www.openstreetmap.org/?mlat=35.69903&mlon=51.38650#map=17/35.69903/51.38650,C
منطقه ۱۱ شهر تهران,جمهوری,tehran:m1101,استاد کریم طاهر بهزاد,tertiary,0.11,9.92,52.08,-3.0,44.75,35.7,51.39,https://www.openstreetmap.org/?mlat=35.69558&mlon=51.38548#map=17/35.69558/51.38548,C
منطقه ۱۱ شهر تهران,جمهوری,tehran:m1101,شهید رسول زارع,residential,0.13,24.3,50.51,-5.9,44.98,35.7,51.38,https://www.openstreetmap.org/?mlat=35.69898&mlon=51.38436#map=17/35.69898/51.38436,C
منطقه ۱۱ شهر تهران,جمهوری,tehran:m1101,پلیکان,residential,0.16,25.12,51.16,-4.7,46.43,35.7,51.38,https://www.openstreetmap.org/?mlat=35.69829&mlon=51.38357#map=17/35.69829/51.38357,C
منطقه ۱۱ شهر تهران,جمهوری,tehran:m1101,باستان شمالی,tertiary,0.17,25.12,51.47,-4.1,46.98,35.7,51.38,https://www.openstreetmap.org/?mlat=35.69743&mlon=51.38365#map=17/35.69743/51.38365,C
منطقه ۱۱ شهر تهران,جمهوری,tehran:m1101,ناصری,residential,0.11,29.27,51.32,-4.4,47.46,35.7,51.38,https://www.openstreetmap.org/?mlat=35.69702&mlon=51.38408#map=17/35.69702/51.38408,C
منطقه ۱۱ شهر تهران,جمهوری,tehran:m1101,نوری,residential,0.18,25.12,52.04,-3.0,48.04,35.7,51.38,https://www.openstreetmap.org/?mlat=35.69614&mlon=51.38444#map=17/35.69614/51.38444,C
منطقه ۲ شهر تهران,شادمان,tehran:m225,شفیق بلخی,residential,0.15,3.81,42.78,-11.5,24.03,35.71,51.36,https://www.openstreetmap.org/?mlat=35.71072&mlon=51.36412#map=17/35.71072/51.36412,B
منطقه ۲ شهر تهران,شادمان,tehran:m225,حمید حبیبی,residential,0.15,3.81,43.46,-10.1,25.67,35.71,51.36,https://www.openstreetmap.org/?mlat=35.71089&mlon=51.36354#map=17/35.71089/51.36354,B
منطقه ۲ شهر تهران,شادمان,tehran:m225,یحیی ذوالفقاری,residential,0.39,3.81,43.82,-9.4,26.47,35.71,51.36,https://www.openstreetmap.org/?mlat=35.71133&mlon=51.36459#map=17/35.71133/51.36459,B
منطقه ۲ شهر تهران,شادمان,tehran:m225,مهرگان,residential,0.18,3.81,44.05,-8.9,26.91,35.71,51.36,https://www.openstreetmap.org/?mlat=35.71220&mlon=51.36449#map=17/35.71220/51.36449,B
منطقه ۲ شهر تهران,شادمان,tehran:m225,آبدیده,residential,0.11,3.81,44.24,-8.5,27.36,35.71,51.37,https://www.openstreetmap.org/?mlat=35.71160&mlon=51.36547#map=17/35.71160/51.36547,B
منطقه ۲ شهر تهران,شادمان,tehran:m225,قاسم احمدی,residential,0.13,3.81,44.4,-8.2,27.67,35.71,51.36,https://www.openstreetmap.org/?mlat=35.71103&mlon=51.36263#map=17/35.71103/51.36263,B
منطقه ۲ شهر تهران,توحید,tehran:m224,مهرداد یوسفی نیا,residential,0.28,9.42,48.84,-11.0,38.48,35.71,51.37,https://www.openstreetmap.org/?mlat=35.70665&mlon=51.36869#map=17/35.70665/51.36869,C
منطقه ۲ شهر تهران,توحید,tehran:m224,امیر,residential,0.13,9.42,49.04,-10.7,38.88,35.71,51.37,https://www.openstreetmap.org/?mlat=35.70643&mlon=51.36879#map=17/35.70643/51.36879,C
منطقه ۲ شهر تهران,توحید,tehran:m224,منوچهر صالحیان,residential,0.16,9.42,50.29,-8.4,41.38,35.71,51.37,https://www.openstreetmap.org/?mlat=35.70776&mlon=51.36951#map=17/35.70776/51.36951,C
منطقه ۲ شهر تهران,توحید,tehran:m224,قطبی,residential,0.17,9.42,50.3,-8.4,41.4,35.71,51.37,https://www.openstreetmap.org/?mlat=35.70703&mlon=51.36946#map=17/35.70703/51.36946,C
منطقه ۲ شهر تهران,توحید,tehran:m224,الهی,residential,0.13,9.42,50.4,-8.2,41.59,35.7,51.37,https://www.openstreetmap.org/?mlat=35.70478&mlon=51.36891#map=17/35.70478/51.36891,C
منطقه ۲ شهر تهران,توحید,tehran:m224,مازیار,residential,0.22,9.42,50.54,-7.9,41.87,35.7,51.37,https://www.openstreetmap.org/?mlat=35.70462&mlon=51.36777#map=17/35.70462/51.36777,C
منطقه ۱۱ شهر تهران,فلسطین - انقلاب,tehran:m1103,درخشان,residential,0.12,0.0,49.7,-7.1,35.93,35.7,51.39,https://www.openstreetmap.org/?mlat=35.69764&mlon=51.39247#map=17/35.69764/51.39247,C
منطقه ۱۱ شهر تهران,فلسطین - انقلاب,tehran:m1103,بهشت آئین,residential,0.15,0.0,50.32,-6.0,37.09,35.7,51.39,https://www.openstreetmap.org/?mlat=35.69766&mlon=51.39396#map=17/35.69766/51.39396,C
منطقه ۱۱ شهر تهران,فلسطین - انقلاب,tehran:m1103,نوروز,residential,0.16,0.0,50.38,-5.9,37.2,35.7,51.39,https://www.openstreetmap.org/?mlat=35.69870&mlon=51.39374#map=17/35.69870/51.39374,C
منطقه ۱۱ شهر تهران,فلسطین - انقلاب,tehran:m1103,منیری جاوید,tertiary,0.53,0.0,50.59,-5.5,37.62,35.7,51.39,https://www.openstreetmap.org/?mlat=35.69848&mlon=51.39288#map=17/35.69848/51.39288,C
منطقه ۱۱ شهر تهران,فلسطین - انقلاب,tehran:m1103,صابر,residential,0.11,0.0,51.13,-4.5,38.64,35.7,51.39,https://www.openstreetmap.org/?mlat=35.69648&mlon=51.39243#map=17/35.69648/51.39243,C
منطقه ۱۱ شهر تهران,فلسطین - انقلاب,tehran:m1103,الوندی,residential,0.11,0.0,51.32,-4.1,38.95,35.7,51.4,https://www.openstreetmap.org/?mlat=35.69752&mlon=51.39543#map=17/35.69752/51.39543,C
منطقه ۷ شهر تهران,خواجه نصیر,tehran:m714,روشن,residential,0.18,13.05,48.68,-3.5,38.76,35.7,51.44,https://www.openstreetmap.org/?mlat=35.70222&mlon=51.43574#map=17/35.70222/51.43574,B
منطقه ۷ شهر تهران,خواجه نصیر,tehran:m714,مستوفی المالک,residential,0.11,16.61,48.8,-3.3,39.98,35.7,51.43,https://www.openstreetmap.org/?mlat=35.70382&mlon=51.43494#map=17/35.70382/51.43494,B
منطقه ۷ شهر تهران,خواجه نصیر,tehran:m714,شریف,residential,0.13,16.61,48.84,-3.2,40.07,35.7,51.43,https://www.openstreetmap.org/?mlat=35.70300&mlon=51.43397#map=17/35.70300/51.43397,B
منطقه ۷ شهر تهران,خواجه نصیر,tehran:m714,کریمی,residential,0.11,16.61,48.92,-3.0,40.24,35.7,51.43,https://www.openstreetmap.org/?mlat=35.70441&mlon=51.43383#map=17/35.70441/51.43383,B
منطقه ۷ شهر تهران,خواجه نصیر,tehran:m714,مشایخی,residential,0.19,16.61,48.95,-3.0,40.27,35.71,51.43,https://www.openstreetmap.org/?mlat=35.70511&mlon=51.43375#map=17/35.70511/51.43375,B
منطقه ۷ شهر تهران,خواجه نصیر,tehran:m714,نوبخت,residential,0.15,16.61,48.99,-2.9,40.35,35.7,51.43,https://www.openstreetmap.org/?mlat=35.70244&mlon=51.43302#map=17/35.70244/51.43302,B
منطقه ۶ شهر تهران,دانشگاه تهران,tehran:m616,ادوارد براون,tertiary,0.23,0.0,52.6,-9.4,41.26,35.7,51.39,https://www.openstreetmap.org/?mlat=35.70288&mlon=51.39217#map=17/35.70288/51.39217,C
منطقه ۶ شهر تهران,دانشگاه تهران,tehran:m616,فروزانفر,residential,0.21,0.0,52.71,-9.2,41.46,35.7,51.39,https://www.openstreetmap.org/?mlat=35.70346&mlon=51.39201#map=17/35.70346/51.39201,C
منطقه ۶ شهر تهران,دانشگاه تهران,tehran:m616,۱۶ آذر,tertiary,0.75,0.0,52.92,-8.9,41.8,35.7,51.39,https://www.openstreetmap.org/?mlat=35.70426&mlon=51.39283#map=17/35.70426/51.39283,C
منطقه ۶ شهر تهران,دانشگاه تهران,tehran:m616,داوود طاهری,residential,0.13,0.0,52.99,-8.8,41.96,35.71,51.39,https://www.openstreetmap.org/?mlat=35.70631&mlon=51.39117#map=17/35.70631/51.39117,C
منطقه ۶ شهر تهران,دانشگاه تهران,tehran:m616,جندی شاپور,service,0.35,0.0,53.76,-7.4,43.1,35.7,51.4,https://www.openstreetmap.org/?mlat=35.70382&mlon=51.39508#map=17/35.70382/51.39508,C
منطقه ۶ شهر تهران,دانشگاه تهران,tehran:m616,جلالیه,residential,0.1,0.0,54.14,-6.8,43.69,35.71,51.39,https://www.openstreetmap.org/?mlat=35.70701&mlon=51.39369#map=17/35.70701/51.39369,C
منطقه ۷ شهر تهران,امجدیه,tehran:m712,وارسته,residential,0.1,50.12,49.15,-7.8,47.98,35.71,51.43,https://www.openstreetmap.org/?mlat=35.71250&mlon=51.43027#map=17/35.71250/51.43027,C
منطقه ۷ شهر تهران,امجدیه,tehran:m712,سلماسی,residential,0.24,46.78,50.19,-5.8,49.23,35.71,51.43,https://www.openstreetmap.org/?mlat=35.70998&mlon=51.42945#map=17/35.70998/51.42945,C
منطقه ۷ شهر تهران,امجدیه,tehran:m712,کوثر,residential,0.2,50.12,50.0,-6.2,49.71,35.71,51.43,https://www.openstreetmap.org/?mlat=35.71295&mlon=51.42983#map=17/35.71295/51.42983,C
منطقه ۷ شهر تهران,امجدیه,tehran:m712,بهشت,residential,0.22,50.12,50.27,-5.7,50.19,35.71,51.43,https://www.openstreetmap.org/?mlat=35.71212&mlon=51.42953#map=17/35.71212/51.42953,C
منطقه ۷ شهر تهران,امجدیه,tehran:m712,طالبیان,residential,0.11,23.41,53.97,1.3,50.66,35.71,51.43,https://www.openstreetmap.org/?mlat=35.70664&mlon=51.42821#map=17/35.70664/51.42821,C
منطقه ۷ شهر تهران,امجدیه,tehran:m712,خاقانی,residential,0.42,23.41,54.25,1.8,51.08,35.7,51.43,https://www.openstreetmap.org/?mlat=35.70362&mlon=51.42748#map=17/35.70362/51.42748,C
منطقه ۶ شهر تهران,ایرانشهر,tehran:m618,نجومی,residential,0.11,17.75,56.72,-9.8,52.62,35.7,51.43,https://www.openstreetmap.org/?mlat=35.70285&mlon=51.42530#map=17/35.70285/51.42530,C
منطقه ۶ شهر تهران,ایرانشهر,tehran:m618,فرید کریمی,residential,0.28,17.75,57.58,-8.5,53.31,35.7,51.42,https://www.openstreetmap.org/?mlat=35.70296&mlon=51.42470#map=17/35.70296/51.42470,C
منطقه ۶ شهر تهران,ایرانشهر,tehran:m618,شیک,residential,0.12,17.75,59.07,-6.1,54.31,35.7,51.42,https://www.openstreetmap.org/?mlat=35.70380&mlon=51.42401#map=17/35.70380/51.42401,C
منطقه ۶ شهر تهران,ایرانشهر,tehran:m618,نیک,residential,0.28,17.75,59.3,-5.7,54.46,35.7,51.42,https://www.openstreetmap.org/?mlat=35.70484&mlon=51.42439#map=17/35.70484/51.42439,C
منطقه ۶ شهر تهران,ایرانشهر,tehran:m618,بهبهان,residential,0.33,17.75,59.38,-5.6,54.5,35.7,51.42,https://www.openstreetmap.org/?mlat=35.70451&mlon=51.42416#map=17/35.70451/51.42416,C
منطقه ۶ شهر تهران,ایرانشهر,tehran:m618,علی اکبر محمدآقا,residential,0.3,17.75,59.65,-5.2,54.64,35.7,51.42,https://www.openstreetmap.org/?mlat=35.70287&mlon=51.42306#map=17/35.70287/51.42306,C
منطقه ۶ شهر تهران,سنائی,tehran:m611,بیست ویکم,residential,0.13,0.0,56.06,-6.6,45.8,35.72,51.42,https://www.openstreetmap.org/?mlat=35.72338&mlon=51.41713#map=17/35.72338/51.41713,C
منطقه ۶ شهر تهران,سنائی,tehran:m611,بیست وششم,residential,0.16,0.0,56.37,-6.1,46.1,35.72,51.42,https://www.openstreetmap.org/?mlat=35.72343&mlon=51.41873#map=17/35.72343/51.41873,C
منطقه ۶ شهر تهران,سنائی,tehran:m611,مسیحی (نوزدهم),residential,0.17,19.69,55.59,-7.4,51.87,35.72,51.42,https://www.openstreetmap.org/?mlat=35.72266&mlon=51.41701#map=17/35.72266/51.41701,C
منطقه ۶ شهر تهران,سنائی,tehran:m611,بیست وچهارم,residential,0.18,19.69,55.87,-7.0,52.18,35.72,51.42,https://www.openstreetmap.org/?mlat=35.72272&mlon=51.41894#map=17/35.72272/51.41894,C
منطقه ۶ شهر تهران,سنائی,tehran:m611,هفدهم,residential,0.18,19.69,56.16,-6.5,52.46,35.72,51.42,https://www.openstreetmap.org/?mlat=35.72192&mlon=51.41703#map=17/35.72192/51.41703,C
منطقه ۶ شهر تهران,سنائی,tehran:m611,شهرام,residential,0.16,19.69,56.53,-5.9,52.78,35.72,51.42,https://www.openstreetmap.org/?mlat=35.72201&mlon=51.41926#map=17/35.72201/51.41926,C
منطقه ۶ شهر تهران,بهجت‌آباد,tehran:m612,جهانسوز,residential,0.2,6.68,54.6,-7.3,48.1,35.72,51.41,https://www.openstreetmap.org/?mlat=35.72307&mlon=51.41262#map=17/35.72307/51.41262,C
منطقه ۶ شهر تهران,بهجت‌آباد,tehran:m612,بیست ودوم,residential,0.2,6.68,55.25,-6.2,48.83,35.72,51.41,https://www.openstreetmap.org/?mlat=35.72274&mlon=51.41483#map=17/35.72274/51.41483,C
منطقه ۶ شهر تهران,بهجت‌آباد,tehran:m612,بیست وچهارم,residential,0.2,6.77,55.47,-5.8,49.09,35.72,51.41,https://www.openstreetmap.org/?mlat=35.72317&mlon=51.41497#map=17/35.72317/51.41497,C
منطقه ۶ شهر تهران,بهجت‌آباد,tehran:m612,میرزای شیرازی ۲۰,residential,0.21,6.68,55.6,-5.6,49.22,35.72,51.41,https://www.openstreetmap.org/?mlat=35.72230&mlon=51.41469#map=17/35.72230/51.41469,C
منطقه ۶ شهر تهران,بهجت‌آباد,tehran:m612,مرادحسین حسینی راد,residential,0.34,14.61,54.38,-7.7,49.34,35.72,51.41,https://www.openstreetmap.org/?mlat=35.72277&mlon=51.41170#map=17/35.72277/51.41170,C
منطقه ۶ شهر تهران,بهجت‌آباد,tehran:m612,هیجدهم,residential,0.1,6.68,55.76,-5.3,49.37,35.72,51.41,https://www.openstreetmap.org/?mlat=35.72200&mlon=51.41397#map=17/35.72200/51.41397,C
منطقه ۶ شهر تهران,کشاورز - پارک لاله,tehran:m613,شهید علیزاده (پنجم),residential,0.25,63.03,51.98,-9.6,56.42,35.72,51.4,https://www.openstreetmap.org/?mlat=35.71713&mlon=51.40155#map=17/35.71713/51.40155,C
منطقه ۶ شهر تهران,کشاورز - پارک لاله,tehran:m613,میرزایی بی غش,residential,0.29,63.03,52.37,-9.0,57.19,35.72,51.4,https://www.openstreetmap.org/?mlat=35.71745&mlon=51.40249#map=17/35.71745/51.40249,C
منطقه ۶ شهر تهران,کشاورز - پارک لاله,tehran:m613,رامندی ۳,residential,0.3,63.03,53.43,-7.1,58.94,35.72,51.4,https://www.openstreetmap.org/?mlat=35.71769&mlon=51.40339#map=17/35.71769/51.40339,C
منطقه ۶ شهر تهران,کشاورز - پارک لاله,tehran:m613,میرهادی,residential,0.1,63.03,53.81,-6.5,59.43,35.72,51.41,https://www.openstreetmap.org/?mlat=35.71940&mlon=51.40524#map=17/35.71940/51.40524,C
منطقه ۶ شهر تهران,کشاورز - پارک لاله,tehran:m613,محمد طباطبایی,residential,0.22,63.03,54.16,-5.9,59.99,35.72,51.4,https://www.openstreetmap.org/?mlat=35.71860&mlon=51.40482#map=17/35.71860/51.40482,C
منطقه ۶ شهر تهران,کشاورز - پارک لاله,tehran:m613,خیری هولیقی,residential,0.32,63.3,54.41,-5.4,60.38,35.72,51.4,https://www.openstreetmap.org/?mlat=35.71792&mlon=51.40426#map=17/35.71792/51.40426,C
منطقه ۶ شهر تهران,ولیعصر,tehran:m617,رحیم زاده,residential,0.25,124.69,76.86,6.6,82.17,35.71,51.41,https://www.openstreetmap.org/?mlat=35.70581&mlon=51.40711#map=17/35.70581/51.40711,C
منطقه ۶ شهر تهران,ولیعصر,tehran:m617,سعید,residential,0.18,142.44,72.58,0.7,85.08,35.7,51.41,https://www.openstreetmap.org/?mlat=35.70220&mlon=51.40857#map=17/35.70220/51.40857,C
منطقه ۶ شهر تهران,ولیعصر,tehran:m617,بالاور,residential,0.25,146.43,70.97,-1.6,85.33,35.7,51.41,https://www.openstreetmap.org/?mlat=35.70235&mlon=51.40632#map=17/35.70235/51.40632,C
منطقه ۶ شهر تهران,ولیعصر,tehran:m617,نیایی,residential,0.21,153.97,67.55,-6.3,85.81,35.7,51.42,https://www.openstreetmap.org/?mlat=35.70251&mlon=51.41703#map=17/35.70251/51.41703,C
منطقه ۶ شهر تهران,ولیعصر,tehran:m617,سپاس,residential,0.25,149.87,73.16,1.5,86.07,35.71,51.41,https://www.openstreetmap.org/?mlat=35.70916&mlon=51.41399#map=17/35.70916/51.41399,C
منطقه ۶ شهر تهران,ولیعصر,tehran:m617,سوسن,residential,0.12,159.09,70.27,-2.6,86.87,35.71,51.42,https://www.openstreetmap.org/?mlat=35.70768&mlon=51.41773#map=17/35.70768/51.41773,C
منطقه ۶ شهر تهران,ساعی,tehran:m604,پردیس,residential,0.13,120.64,62.06,-9.2,79.38,35.73,51.41,https://www.openstreetmap.org/?mlat=35.72849&mlon=51.41384#map=17/35.72849/51.41384,B
منطقه ۶ شهر تهران,ساعی,tehran:m604,زرین,residential,0.14,132.38,61.83,-9.5,81.38,35.73,51.41,https://www.openstreetmap.org/?mlat=35.72815&mlon=51.41404#map=17/35.72815/51.41404,B
منطقه ۶ شهر تهران,ساعی,tehran:m604,ساعی دوم,residential,0.12,136.36,61.6,-9.9,81.9,35.74,51.41,https://www.openstreetmap.org/?mlat=35.73912&mlon=51.41005#map=17/35.73912/51.41005,B
منطقه ۶ شهر تهران,ساعی,tehran:m604,سی و دوم,residential,0.13,136.52,61.81,-9.5,82.0,35.74,51.41,https://www.openstreetmap.org/?mlat=35.74070&mlon=51.41054#map=17/35.74070/51.41054,B
منطقه ۶ شهر تهران,ساعی,tehran:m604,ساعی یکم,residential,0.32,137.9,62.48,-8.6,82.43,35.74,51.41,https://www.openstreetmap.org/?mlat=35.73829&mlon=51.41032#map=17/35.73829/51.41032,B
منطقه ۶ شهر تهران,ساعی,tehran:m604,اشکانی,residential,0.17,140.46,63.41,-7.2,83.2,35.74,51.41,https://www.openstreetmap.org/?mlat=35.74003&mlon=51.41077#map=17/35.74003/51.41077,B
منطقه ۶ شهر تهران,یوسف آباد,tehran:m605,چهل وهشتم,residential,0.12,12.05,50.03,-0.7,41.37,35.74,51.4,https://www.openstreetmap.org/?mlat=35.73936&mlon=51.40480#map=17/35.73936/51.40480,B
منطقه ۶ شهر تهران,یوسف آباد,tehran:m605,چهل وسوم,residential,0.11,12.05,50.25,-0.3,41.76,35.74,51.41,https://www.openstreetmap.org/?mlat=35.73943&mlon=51.40607#map=17/35.73943/51.40607,B
منطقه ۶ شهر تهران,یوسف آباد,tehran:m605,پنجاهم,residential,0.12,12.05,50.38,0.0,42.01,35.74,51.4,https://www.openstreetmap.org/?mlat=35.74001&mlon=51.40474#map=17/35.74001/51.40474,B
منطقه ۶ شهر تهران,یوسف آباد,tehran:m605,چهل و نهم,residential,0.25,12.05,50.41,0.0,42.07,35.74,51.4,https://www.openstreetmap.org/?mlat=35.74009&mlon=51.40378#map=17/35.74009/51.40378,B
منطقه ۶ شهر تهران,یوسف آباد,tehran:m605,شهریار,tertiary,0.15,76.75,44.28,-12.1,43.64,35.73,51.4,https://www.openstreetmap.org/?mlat=35.72787&mlon=51.40297#map=17/35.72787/51.40297,B
منطقه ۶ شهر تهران,یوسف آباد,tehran:m605,سهیل,residential,0.21,73.05,44.77,-11.2,43.8,35.73,51.4,https://www.openstreetmap.org/?mlat=35.72954&mlon=51.40326#map=17/35.72954/51.40326,B
منطقه ۶ شهر تهران,امیرآباد,tehran:m601,فرشی مقدم,residential,0.61,94.96,43.83,-20.9,47.16,35.73,51.39,https://www.openstreetmap.org/?mlat=35.73299&mlon=51.39146#map=17/35.73299/51.39146,A
منطقه ۶ شهر تهران,امیرآباد,tehran:m601,ابراهیمی (۱۷),residential,0.39,110.34,45.04,-18.8,53.78,35.73,51.39,https://www.openstreetmap.org/?mlat=35.73386&mlon=51.38875#map=17/35.73386/51.38875,A
منطقه ۶ شهر تهران,امیرآباد,tehran:m601,زره پوش (۱۸),residential,0.4,110.34,46.12,-16.8,56.36,35.73,51.39,https://www.openstreetmap.org/?mlat=35.73464&mlon=51.38864#map=17/35.73464/51.38864,A
منطقه ۶ شهر تهران,امیرآباد,tehran:m601,هدهد,residential,0.13,110.34,46.52,-16.1,57.32,35.74,51.39,https://www.openstreetmap.org/?mlat=35.73525&mlon=51.38879#map=17/35.73525/51.38879,A
منطقه ۶ شهر تهران,امیرآباد,tehran:m601,ابطحی غربی (۲۰),residential,0.39,110.34,47.1,-15.0,58.48,35.74,51.39,https://www.openstreetmap.org/?mlat=35.73548&mlon=51.38875#map=17/35.73548/51.38875,A
منطقه ۶ شهر تهران,امیرآباد,tehran:m601,نادر ابراهیمی,residential,1.4,155.04,44.31,-20.1,59.37,35.73,51.39,https://www.openstreetmap.org/?mlat=35.73389&mlon=51.39409#map=17/35.73389/51.39409,A
منطقه ۶ شهر تهران,دکتر شهید سیدحسین فاطمی,tehran:m607,دانش,service,0.25,136.38,52.32,-1.1,73.4,35.72,51.38,https://www.openstreetmap.org/?mlat=35.72021&mlon=51.38040#map=17/35.72021/51.38040,B
منطقه ۶ شهر تهران,دکتر شهید سیدحسین فاطمی,tehran:m607,تدبیر,service,0.43,130.54,53.42,1.0,74.36,35.72,51.38,https://www.openstreetmap.org/?mlat=35.72089&mlon=51.37938#map=17/35.72089/51.37938,B
منطقه ۶ شهر تهران,دکتر شهید سیدحسین فاطمی,tehran:m607,نیایش,unclassified,0.46,151.85,51.81,-2.0,74.66,35.72,51.38,https://www.openstreetmap.org/?mlat=35.71956&mlon=51.38119#map=17/35.71956/51.38119,B
منطقه ۶ شهر تهران,دکتر شهید سیدحسین فاطمی,tehran:m607,چهارم,residential,0.1,158.11,51.43,-2.8,74.76,35.72,51.38,https://www.openstreetmap.org/?mlat=35.71827&mlon=51.38366#map=17/35.71827/51.38366,B
منطقه ۶ شهر تهران,دکتر شهید سیدحسین فاطمی,tehran:m607,اکبر فتاح الجنان,residential,0.21,158.11,51.76,-2.1,75.33,35.72,51.38,https://www.openstreetmap.org/?mlat=35.71818&mlon=51.38426#map=17/35.71818/51.38426,B
منطقه ۶ شهر تهران,دکتر شهید سیدحسین فاطمی,tehran:m607,افسرمنش,residential,0.21,158.11,52.06,-1.6,75.9,35.72,51.38,https://www.openstreetmap.org/?mlat=35.71737&mlon=51.38456#map=17/35.71737/51.38456,B
منطقه ۲ شهر تهران,شهرآرا - پاتریس,tehran:m223,سی وهشتم,residential,0.19,104.46,50.95,-4.4,64.74,35.72,51.37,https://www.openstreetmap.org/?mlat=35.72418&mlon=51.37156#map=17/35.72418/51.37156,A
منطقه ۲ شهر تهران,شهرآرا - پاتریس,tehran:m223,گلعزار,living_street,0.11,104.82,50.97,-4.3,64.86,35.72,51.37,https://www.openstreetmap.org/?mlat=35.72459&mlon=51.37122#map=17/35.72459/51.37122,A
منطقه ۲ شهر تهران,شهرآرا - پاتریس,tehran:m223,اخوان,residential,0.11,107.3,50.8,-4.7,65.13,35.72,51.37,https://www.openstreetmap.org/?mlat=35.72055&mlon=51.37118#map=17/35.72055/51.37118,A
منطقه ۲ شهر تهران,شهرآرا - پاتریس,tehran:m223,هجدهم,residential,0.13,107.3,51.0,-4.3,65.5,35.72,51.37,https://www.openstreetmap.org/?mlat=35.72046&mlon=51.37188#map=17/35.72046/51.37188,A
منطقه ۲ شهر تهران,شهرآرا - پاتریس,tehran:m223,گل پرور,living_street,0.11,105.83,51.27,-3.8,65.58,35.72,51.37,https://www.openstreetmap.org/?mlat=35.72493&mlon=51.37132#map=17/35.72493/51.37132,A
منطقه ۲ شهر تهران,شهرآرا - پاتریس,tehran:m223,سی ودوم,residential,0.19,118.87,49.93,-6.3,66.07,35.72,51.37,https://www.openstreetmap.org/?mlat=35.72287&mlon=51.37119#map=17/35.72287/51.37119,A
منطقه ۲ شهر تهران,تهران ویلا,tehran:m222,علی توحیدی,residential,0.18,88.46,47.15,-5.2,52.93,35.72,51.36,https://www.openstreetmap.org/?mlat=35.72004&mlon=51.36156#map=17/35.72004/51.36156,B
منطقه ۲ شهر تهران,تهران ویلا,tehran:m222,هورسر,residential,0.15,98.97,47.21,-5.0,55.78,35.72,51.36,https://www.openstreetmap.org/?mlat=35.72067&mlon=51.36136#map=17/35.72067/51.36136,B
منطقه ۲ شهر تهران,تهران ویلا,tehran:m222,حسن علی بیگی,residential,0.15,89.91,49.01,-1.4,56.85,35.72,51.37,https://www.openstreetmap.org/?mlat=35.72345&mlon=51.36765#map=17/35.72345/51.36765,B
منطقه ۲ شهر تهران,تهران ویلا,tehran:m222,هفدهم,residential,0.13,89.91,49.04,-1.4,56.93,35.72,51.37,https://www.openstreetmap.org/?mlat=35.72271&mlon=51.36934#map=17/35.72271/51.36934,B
منطقه ۲ شهر تهران,تهران ویلا,tehran:m222,امیری,residential,0.11,89.91,49.06,-1.3,56.98,35.72,51.37,https://www.openstreetmap.org/?mlat=35.72277&mlon=51.36752#map=17/35.72277/51.36752,B
منطقه ۲ شهر تهران,تهران ویلا,tehran:m222,امیرمنصور کلوپ,residential,0.17,89.91,49.14,-1.2,57.14,35.72,51.37,https://www.openstreetmap.org/?mlat=35.72470&mlon=51.36820#map=17/35.72470/51.36820,B
منطقه ۲ شهر تهران,حبیب الله,tehran:m226,عباس مرتضوی,residential,0.19,52.03,44.19,-2.2,38.04,35.72,51.36,https://www.openstreetmap.org/?mlat=35.71866&mlon=51.35594#map=17/35.71866/51.35594,C
منطقه ۲ شهر تهران,حبیب الله,tehran:m226,اعتباریان,residential,0.2,52.03,44.31,-1.9,38.18,35.72,51.36,https://www.openstreetmap.org/?mlat=35.71909&mlon=51.35597#map=17/35.71909/51.35597,C
منطقه ۲ شهر تهران,حبیب الله,tehran:m226,دستبند شرقی,residential,0.16,52.03,44.33,-1.9,38.22,35.72,51.36,https://www.openstreetmap.org/?mlat=35.71795&mlon=51.35586#map=17/35.71795/51.35586,C
منطقه ۲ شهر تهران,حبیب الله,tehran:m226,دوازده متری آریا,residential,0.17,52.03,44.36,-1.8,38.36,35.72,51.36,https://www.openstreetmap.org/?mlat=35.71882&mlon=51.35703#map=17/35.71882/51.35703,C
منطقه ۲ شهر تهران,حبیب الله,tehran:m226,درویش,residential,0.11,52.03,44.51,-1.5,38.61,35.72,51.36,https://www.openstreetmap.org/?mlat=35.71893&mlon=51.35758#map=17/35.71893/51.35758,C
منطقه ۲ شهر تهران,حبیب الله,tehran:m226,همایون پور,residential,0.15,52.03,44.61,-1.2,38.9,35.72,51.36,https://www.openstreetmap.org/?mlat=35.71699&mlon=51.35734#map=17/35.71699/51.35734,C
منطقه ۲ شهر تهران,ستارخان,tehran:m221,دوم,residential,0.14,81.03,45.71,-4.0,48.11,35.72,51.36,https://www.openstreetmap.org/?mlat=35.72129&mlon=51.35660#map=17/35.72129/51.35660,B
منطقه ۲ شهر تهران,ستارخان,tehran:m221,غلامی,residential,0.24,81.03,45.95,-3.5,48.68,35.72,51.36,https://www.openstreetmap.org/?mlat=35.72124&mlon=51.35849#map=17/35.72124/51.35849,B
منطقه ۲ شهر تهران,ستارخان,tehran:m221,رئیسی,residential,0.31,81.03,46.0,-3.4,48.82,35.72,51.36,https://www.openstreetmap.org/?mlat=35.72137&mlon=51.35849#map=17/35.72137/51.35849,B
منطقه ۲ شهر تهران,ستارخان,tehran:m221,تکبیری,residential,0.41,81.03,46.02,-3.3,48.85,35.72,51.36,https://www.openstreetmap.org/?mlat=35.72301&mlon=51.35639#map=17/35.72301/51.35639,B
منطقه ۲ شهر تهران,ستارخان,tehran:m221,مسعود جلدی,residential,0.15,81.03,46.13,-3.1,49.1,35.72,51.36,https://www.openstreetmap.org/?mlat=35.72255&mlon=51.35542#map=17/35.72255/51.35542,B
منطقه ۲ شهر تهران,ستارخان,tehran:m221,دوم غربی,residential,0.16,81.03,46.24,-2.9,49.35,35.72,51.36,https://www.openstreetmap.org/?mlat=35.72317&mlon=51.35658#map=17/35.72317/51.35658,B
منطقه ۲ شهر تهران,صادقیه,tehran:m220,حسین مردی,residential,0.15,59.13,46.45,-8.3,44.85,35.72,51.35,https://www.openstreetmap.org/?mlat=35.71944&mlon=51.34934#map=17/35.71944/51.34934,B
منطقه ۲ شهر تهران,صادقیه,tehran:m220,کریمی,residential,0.2,59.02,48.0,-5.3,47.89,35.72,51.35,https://www.openstreetmap.org/?mlat=35.72064&mlon=51.34803#map=17/35.72064/51.34803,B
منطقه ۲ شهر تهران,صادقیه,tehran:m220,۲۱ شرقی,residential,0.12,62.42,47.72,-5.8,48.08,35.72,51.35,https://www.openstreetmap.org/?mlat=35.72014&mlon=51.34739#map=17/35.72014/51.34739,B
منطقه ۲ شهر تهران,صادقیه,tehran:m220,خادم,residential,0.13,84.11,46.28,-8.7,50.14,35.72,51.35,https://www.openstreetmap.org/?mlat=35.71780&mlon=51.34775#map=17/35.71780/51.34775,B
منطقه ۲ شهر تهران,صادقیه,tehran:m220,حمید اسدی,residential,0.48,63.22,48.84,-3.6,50.46,35.72,51.34,https://www.openstreetmap.org/?mlat=35.72149&mlon=51.34387#map=17/35.72149/51.34387,B
منطقه ۲ شهر تهران,صادقیه,tehran:m220,بیست و پنجم شرقی,residential,0.26,84.11,46.47,-8.3,50.56,35.72,51.35,https://www.openstreetmap.org/?mlat=35.71870&mlon=51.34763#map=17/35.71870/51.34763,B
منطقه ۵ شهر تهران,اباذر,tehran:m525,گلستان  ۱۹,residential,0.1,155.9,48.47,-8.7,68.6,35.73,51.33,https://www.openstreetmap.org/?mlat=35.73403&mlon=51.33292#map=17/35.73403/51.33292,A
منطقه ۵ شهر تهران,اباذر,tehran:m525,گلستان ۱۴,residential,0.23,155.9,48.5,-8.6,68.66,35.73,51.33,https://www.openstreetmap.org/?mlat=35.73222&mlon=51.33242#map=17/35.73222/51.33242,A
منطقه ۵ شهر تهران,اباذر,tehran:m525,گلستان ۲۱,residential,0.11,155.9,48.59,-8.5,68.86,35.73,51.33,https://www.openstreetmap.org/?mlat=35.73459&mlon=51.33281#map=17/35.73459/51.33281,A
منطقه ۵ شهر تهران,اباذر,tehran:m525,گلستان ۱۶,residential,0.12,155.9,48.83,-8.0,69.35,35.73,51.33,https://www.openstreetmap.org/?mlat=35.73293&mlon=51.33196#map=17/35.73293/51.33196,A
منطقه ۵ شهر تهران,اباذر,tehran:m525,گلستان ۲۰,residential,0.18,155.9,48.87,-7.9,69.45,35.73,51.33,https://www.openstreetmap.org/?mlat=35.73428&mlon=51.33234#map=17/35.73428/51.33234,A
منطقه ۵ شهر تهران,اباذر,tehran:m525,گلستان ۲۲,residential,0.18,155.9,49.01,-7.7,69.69,35.73,51.33,https://www.openstreetmap.org/?mlat=35.73492&mlon=51.33230#map=17/35.73492/51.33230,A
منطقه ۲ شهر تهران,شهرک هما,tehran:m215,سیمرغ ۳,residential,0.11,32.59,32.87,-29.0,14.12,35.75,51.34,https://www.openstreetmap.org/?mlat=35.75021&mlon=51.33929#map=17/35.75021/51.33929,A
منطقه ۲ شهر تهران,شهرک هما,tehran:m215,سیمرغ ۱,residential,0.32,32.59,34.59,-25.3,14.99,35.75,51.34,https://www.openstreetmap.org/?mlat=35.75061&mlon=51.33855#map=17/35.75061/51.33855,A
منطقه ۲ شهر تهران,شهرک هما,tehran:m215,سیمرغ ۲,residential,0.17,32.59,35.48,-23.4,15.52,35.75,51.34,https://www.openstreetmap.org/?mlat=35.75011&mlon=51.33777#map=17/35.75011/51.33777,A
منطقه ۲ شهر تهران,شهرک هما,tehran:m215,بوستان ۱,residential,0.1,32.59,35.61,-23.1,15.62,35.75,51.34,https://www.openstreetmap.org/?mlat=35.74960&mlon=51.33744#map=17/35.74960/51.33744,A
منطقه ۲ شهر تهران,شهرک هما,tehran:m215,گلستان,residential,0.18,38.01,36.8,-20.6,17.93,35.75,51.34,https://www.openstreetmap.org/?mlat=35.74978&mlon=51.33687#map=17/35.74978/51.33687,A
منطقه ۲ شهر تهران,شهرک هما,tehran:m215,بوستان,residential,0.16,56.55,34.39,-25.8,20.38,35.75,51.34,https://www.openstreetmap.org/?mlat=35.74941&mlon=51.33801#map=17/35.74941/51.33801,A
منطقه ۵ شهر تهران,باغ فیض,tehran:m515,نهم غربی,residential,0.14,0.0,43.81,-5.5,23.26,35.75,51.32,https://www.openstreetmap.org/?mlat=35.74946&mlon=51.31832#map=17/35.74946/51.31832,A
منطقه ۵ شهر تهران,باغ فیض,tehran:m515,هفتم غربی,residential,0.14,0.0,44.22,-4.7,24.12,35.75,51.32,https://www.openstreetmap.org/?mlat=35.74989&mlon=51.31833#map=17/35.74989/51.31833,A
منطقه ۵ شهر تهران,باغ فیض,tehran:m515,شکوفه هشتم,residential,0.1,0.0,44.3,-4.5,24.26,35.75,51.32,https://www.openstreetmap.org/?mlat=35.74923&mlon=51.31694#map=17/35.74923/51.31694,A
منطقه ۵ شهر تهران,باغ فیض,tehran:m515,شکوفه دهم,residential,0.1,0.0,44.57,-3.9,24.87,35.75,51.32,https://www.openstreetmap.org/?mlat=35.74971&mlon=51.31696#map=17/35.74971/51.31696,A
منطقه ۵ شهر تهران,باغ فیض,tehran:m515,چهارم شرقی,residential,0.11,0.0,44.64,-3.7,25.06,35.75,51.32,https://www.openstreetmap.org/?mlat=35.75017&mlon=51.31975#map=17/35.75017/51.31975,A
منطقه ۵ شهر تهران,باغ فیض,tehran:m515,پنجم غربی,residential,0.14,0.0,44.67,-3.7,25.15,35.75,51.32,https://www.openstreetmap.org/?mlat=35.75038&mlon=51.31834#map=17/35.75038/51.31834,A
منطقه ۲ شهر تهران,شهرک آزمایش,tehran:m219,گلدیس چهاردهم,residential,0.13,95.5,47.13,-3.6,54.76,35.73,51.36,https://www.openstreetmap.org/?mlat=35.73390&mlon=51.35879#map=17/35.73390/51.35879,C
منطقه ۲ شهر تهران,شهرک آزمایش,tehran:m219,گلدیس دوازدهم,residential,0.14,95.5,47.19,-3.5,54.9,35.73,51.36,https://www.openstreetmap.org/?mlat=35.73325&mlon=51.35884#map=17/35.73325/51.35884,C
منطقه ۲ شهر تهران,شهرک آزمایش,tehran:m219,گلدیس سوم,residential,0.18,95.5,47.19,-3.5,54.93,35.73,51.36,https://www.openstreetmap.org/?mlat=35.73136&mlon=51.35713#map=17/35.73136/51.35713,C
منطقه ۲ شهر تهران,شهرک آزمایش,tehran:m219,گلدیس پنج (کربلائی),residential,0.18,95.5,47.2,-3.5,54.94,35.73,51.36,https://www.openstreetmap.org/?mlat=35.73201&mlon=51.35709#map=17/35.73201/51.35709,C
منطقه ۲ شهر تهران,شهرک آزمایش,tehran:m219,گلدیس هفتم,residential,0.19,95.5,47.22,-3.4,54.96,35.73,51.36,https://www.openstreetmap.org/?mlat=35.73322&mlon=51.35700#map=17/35.73322/51.35700,C
منطقه ۲ شهر تهران,شهرک آزمایش,tehran:m219,گلدیس دهم,residential,0.15,95.5,47.22,-3.4,54.97,35.73,51.36,https://www.openstreetmap.org/?mlat=35.73288&mlon=51.35892#map=17/35.73288/51.35892,C
منطقه ۲۰ شهر تهران,صفاییه,tehran:m2005,حاج سعید تراب,residential,0.19,0.54,31.24,-40.0,6.34,35.6,51.45,https://www.openstreetmap.org/?mlat=35.60042&mlon=51.45130#map=17/35.60042/51.45130,B
منطقه ۲۰ شهر تهران,صفاییه,tehran:m2005,ابوذر,residential,0.54,2.83,32.57,-37.5,7.46,35.6,51.45,https://www.openstreetmap.org/?mlat=35.60176&mlon=51.45052#map=17/35.60176/51.45052,B
منطقه ۲۰ شهر تهران,صفاییه,tehran:m2005,ابراهیم خلیل,residential,0.53,4.33,33.31,-36.1,8.23,35.6,51.45,https://www.openstreetmap.org/?mlat=35.60257&mlon=51.45032#map=17/35.60257/51.45032,B
منطقه ۲۰ شهر تهران,صفاییه,tehran:m2005,دژ رشکان,service,0.37,1.98,35.01,-32.8,8.39,35.61,51.45,https://www.openstreetmap.org/?mlat=35.60678&mlon=51.45130#map=17/35.60678/51.45130,B
منطقه ۲۰ شهر تهران,صفاییه,tehran:m2005,مطهری,residential,0.1,2.17,40.11,-23.0,16.23,35.6,51.45,https://www.openstreetmap.org/?mlat=35.60269&mlon=51.44849#map=17/35.60269/51.44849,B
منطقه ۲۰ شهر تهران,صفاییه,tehran:m2005,میدان گلیسیرین,tertiary,0.14,5.28,47.06,-9.7,34.16,35.6,51.45,https://www.openstreetmap.org/?mlat=35.60495&mlon=51.44829#map=17/35.60495/51.44829,B
منطقه ۲۰ شهر تهران,شهادت,tehran:m2004,سرلک,residential,0.12,0.0,26.34,-38.4,2.61,35.61,51.46,https://www.openstreetmap.org/?mlat=35.61321&mlon=51.45841#map=17/35.61321/51.45841,B
منطقه ۲۰ شهر تهران,شهادت,tehran:m2004,دوازدهم,residential,0.24,0.0,27.72,-35.1,2.91,35.61,51.46,https://www.openstreetmap.org/?mlat=35.61346&mlon=51.45832#map=17/35.61346/51.45832,B
منطقه ۲۰ شهر تهران,شهادت,tehran:m2004,نهم فرعی,residential,0.11,0.0,28.79,-32.6,3.24,35.61,51.46,https://www.openstreetmap.org/?mlat=35.61313&mlon=51.45745#map=17/35.61313/51.45745,B
منطقه ۲۰ شهر تهران,شهادت,tehran:m2004,سی ام,residential,0.22,0.0,31.6,-26.1,4.11,35.61,51.46,https://www.openstreetmap.org/?mlat=35.61384&mlon=51.45729#map=17/35.61384/51.45729,B
منطقه ۲۰ شهر تهران,شهادت,tehran:m2004,برادران بیگدلی,residential,0.38,1.6,25.09,-41.3,5.0,35.61,51.46,https://www.openstreetmap.org/?mlat=35.61334&mlon=51.45903#map=17/35.61334/51.45903,B
منطقه ۲۰ شهر تهران,شهادت,tehran:m2004,گلمهر,residential,0.18,0.0,33.98,-20.5,5.24,35.61,51.45,https://www.openstreetmap.org/?mlat=35.61148&mlon=51.45459#map=17/35.61148/51.45459,B
منطقه ۲۰ شهر تهران,ظهیر آباد,tehran:m2010,میرعروجعلی,residential,0.12,0.0,30.62,-30.3,3.8,35.59,51.45,https://www.openstreetmap.org/?mlat=35.59486&mlon=51.45444#map=17/35.59486/51.45444,B
منطقه ۲۰ شهر تهران,ظهیر آباد,tehran:m2010,بهشتی,residential,0.22,0.0,32.25,-26.5,4.41,35.59,51.45,https://www.openstreetmap.org/?mlat=35.59287&mlon=51.45495#map=17/35.59287/51.45495,B
منطقه ۲۰ شهر تهران,ظهیر آباد,tehran:m2010,سحر,residential,0.1,0.0,32.26,-26.5,4.42,35.59,51.45,https://www.openstreetmap.org/?mlat=35.59460&mlon=51.45416#map=17/35.59460/51.45416,B
منطقه ۲۰ شهر تهران,ظهیر آباد,tehran:m2010,اسلام,residential,0.29,0.0,33.16,-24.5,4.83,35.59,51.45,https://www.openstreetmap.org/?mlat=35.59405&mlon=51.45419#map=17/35.59405/51.45419,B
منطقه ۲۰ شهر تهران,ظهیر آباد,tehran:m2010,کوثر چهارم غربی,residential,0.15,0.0,35.31,-19.6,5.97,35.6,51.45,https://www.openstreetmap.org/?mlat=35.59569&mlon=51.45282#map=17/35.59569/51.45282,B
منطقه ۲۰ شهر تهران,ظهیر آباد,tehran:m2010,حسینیه قائم,residential,0.27,0.0,37.71,-14.1,8.44,35.6,51.45,https://www.openstreetmap.org/?mlat=35.59813&mlon=51.45033#map=17/35.59813/51.45033,B
منطقه ۲۰ شهر تهران,حمزه آباد,tehran:m2007,بوستان ششم غربی,residential,0.11,38.69,36.45,-5.8,17.75,35.6,51.42,https://www.openstreetmap.org/?mlat=35.60091&mlon=51.42237#map=17/35.60091/51.42237,A
منطقه ۲۰ شهر تهران,حمزه آباد,tehran:m2007,جودتی,residential,0.32,38.69,36.45,-5.8,17.76,35.6,51.42,https://www.openstreetmap.org/?mlat=35.60220&mlon=51.42228#map=17/35.60220/51.42228,A
منطقه ۲۰ شهر تهران,حمزه آباد,tehran:m2007,علی ابن ابی طالب,residential,0.18,38.69,36.99,-4.4,18.33,35.6,51.42,https://www.openstreetmap.org/?mlat=35.59954&mlon=51.42255#map=17/35.59954/51.42255,A
منطقه ۲۰ شهر تهران,حمزه آباد,tehran:m2007,احمد محمودی,residential,0.45,38.69,37.38,-3.4,18.82,35.6,51.42,https://www.openstreetmap.org/?mlat=35.60188&mlon=51.42305#map=17/35.60188/51.42305,A
منطقه ۲۰ شهر تهران,حمزه آباد,tehran:m2007,ملک زاده,residential,0.44,38.69,38.07,-1.6,19.86,35.6,51.42,https://www.openstreetmap.org/?mlat=35.60154&mlon=51.42402#map=17/35.60154/51.42402,A
منطقه ۲۰ شهر تهران,حمزه آباد,tehran:m2007,دشتستان,residential,0.32,38.69,38.4,-0.7,20.43,35.6,51.42,https://www.openstreetmap.org/?mlat=35.60126&mlon=51.42443#map=17/35.60126/51.42443,A
منطقه ۲۰ شهر تهران,شهید بهشتی,tehran:m2015,ثانی,tertiary,0.24,0.0,22.29,-30.1,2.24,35.57,51.42,https://www.openstreetmap.org/?mlat=35.57405&mlon=51.42344#map=17/35.57405/51.42344,B
منطقه ۲۰ شهر تهران,شهید بهشتی,tehran:m2015,عرب براتی,residential,0.15,0.0,25.57,-19.8,2.51,35.58,51.42,https://www.openstreetmap.org/?mlat=35.57559&mlon=51.42259#map=17/35.57559/51.42259,B
منطقه ۲۰ شهر تهران,شهید بهشتی,tehran:m2015,رزمندگان,residential,0.14,0.0,27.55,-13.6,2.88,35.58,51.42,https://www.openstreetmap.org/?mlat=35.57660&mlon=51.42220#map=17/35.57660/51.42220,B
منطقه ۲۰ شهر تهران,شهید بهشتی,tehran:m2015,حسین خلیل آبادی,residential,0.13,0.0,28.17,-11.7,3.05,35.58,51.42,https://www.openstreetmap.org/?mlat=35.57691&mlon=51.42207#map=17/35.57691/51.42207,B
منطقه ۲۰ شهر تهران,شهید بهشتی,tehran:m2015,دو متری,tertiary,0.9,0.0,32.43,1.7,4.49,35.58,51.42,https://www.openstreetmap.org/?mlat=35.58106&mlon=51.42283#map=17/35.58106/51.42283,B
منطقه ۲۰ شهر تهران,شهید بهشتی,tehran:m2015,بهرام تاجیک,residential,0.11,0.0,32.76,2.7,4.65,35.58,51.42,https://www.openstreetmap.org/?mlat=35.58107&mlon=51.42156#map=17/35.58107/51.42156,B
منطقه ۱۸ شهر تهران,بهداشت,tehran:m1806,کرمیاری,residential,0.16,4.71,36.88,2.6,10.78,35.66,51.34,https://www.openstreetmap.org/?mlat=35.65977&mlon=51.33863#map=17/35.65977/51.33863,B
منطقه ۱۸ شهر تهران,بهداشت,tehran:m1806,بافان,residential,0.66,30.61,33.8,-6.0,13.92,35.66,51.33,https://www.openstreetmap.org/?mlat=35.65745&mlon=51.33472#map=17/35.65745/51.33472,B
منطقه ۱۸ شهر تهران,بهداشت,tehran:m1806,مهدی عباسی,residential,0.27,5.38,38.83,8.0,14.0,35.66,51.34,https://www.openstreetmap.org/?mlat=35.65606&mlon=51.34246#map=17/35.65606/51.34246,B
منطقه ۱۸ شهر تهران,بهداشت,tehran:m1806,برادران یارم طاقلو,residential,0.27,5.38,38.86,8.1,14.08,35.66,51.34,https://www.openstreetmap.org/?mlat=35.65563&mlon=51.34262#map=17/35.65563/51.34262,B
منطقه ۱۸ شهر تهران,بهداشت,tehran:m1806,اذن الله یوسفی,residential,0.27,5.38,38.88,8.1,14.12,35.66,51.34,https://www.openstreetmap.org/?mlat=35.65517&mlon=51.34279#map=17/35.65517/51.34279,B
منطقه ۱۸ شهر تهران,بهداشت,tehran:m1806,نایبی,living_street,0.15,4.71,39.03,8.6,14.26,35.66,51.34,https://www.openstreetmap.org/?mlat=35.65973&mlon=51.34032#map=17/35.65973/51.34032,B
منطقه ۱۹ شهر تهران,نعمت آباد,tehran:m1909,سیزدهم,residential,0.12,10.3,37.98,-5.2,13.37,35.63,51.36,https://www.openstreetmap.org/?mlat=35.63176&mlon=51.35837#map=17/35.63176/51.35837,A
منطقه ۱۹ شهر تهران,نعمت آباد,tehran:m1909,یازدهم,residential,0.1,10.3,38.08,-5.0,13.49,35.63,51.36,https://www.openstreetmap.org/?mlat=35.63131&mlon=51.35802#map=17/35.63131/51.35802,A
منطقه ۱۹ شهر تهران,نعمت آباد,tehran:m1909,پانزدهم,residential,0.14,10.3,38.93,-2.8,15.19,35.63,51.36,https://www.openstreetmap.org/?mlat=35.63193&mlon=51.35742#map=17/35.63193/51.35742,A
منطقه ۱۹ شهر تهران,نعمت آباد,tehran:m1909,علی نعمتی,residential,0.31,10.3,39.13,-2.3,15.57,35.63,51.35,https://www.openstreetmap.org/?mlat=35.63096&mlon=51.35251#map=17/35.63096/51.35251,A
منطقه ۱۹ شهر تهران,نعمت آباد,tehran:m1909,هفدهم,residential,0.15,10.3,39.15,-2.3,15.6,35.63,51.36,https://www.openstreetmap.org/?mlat=35.63215&mlon=51.35732#map=17/35.63215/51.35732,A
منطقه ۱۹ شهر تهران,نعمت آباد,tehran:m1909,ایوب سعادت یار,residential,0.27,10.3,39.36,-1.8,16.09,35.63,51.36,https://www.openstreetmap.org/?mlat=35.62979&mlon=51.35701#map=17/35.62979/51.35701,A
منطقه ۵ شهر تهران,سازمان آب,tehran:m519,محمد رسول زاده فرساد,tertiary,1.72,73.34,44.38,-1.8,42.91,35.74,51.29,https://www.openstreetmap.org/?mlat=35.73948&mlon=51.28892#map=17/35.73948/51.28892,B
منطقه ۵ شهر تهران,سازمان آب,tehran:m519,گلستان یکم غربی,residential,0.15,73.34,44.8,-0.9,43.94,35.74,51.29,https://www.openstreetmap.org/?mlat=35.74110&mlon=51.29390#map=17/35.74110/51.29390,B
منطقه ۵ شهر تهران,سازمان آب,tehran:m519,ورودی فاز یک شهرک بهاران,residential,0.36,73.34,45.0,-0.4,44.47,35.74,51.29,https://www.openstreetmap.org/?mlat=35.74365&mlon=51.29276#map=17/35.74365/51.29276,B
منطقه ۵ شهر تهران,سازمان آب,tehran:m519,فرامرز جندقی,residential,0.17,73.34,45.0,-0.4,44.48,35.74,51.29,https://www.openstreetmap.org/?mlat=35.73981&mlon=51.29454#map=17/35.73981/51.29454,B
منطقه ۵ شهر تهران,سازمان آب,tehran:m519,شهرک بهاران فاز ۲,residential,0.37,73.34,45.08,-0.2,44.66,35.74,51.29,https://www.openstreetmap.org/?mlat=35.74134&mlon=51.29481#map=17/35.74134/51.29481,B
منطقه ۵ شهر تهران,سازمان آب,tehran:m519,حسن زاده,residential,0.15,87.48,45.22,0.1,48.3,35.74,51.29,https://www.openstreetmap.org/?mlat=35.73917&mlon=51.29449#map=17/35.73917/51.29449,B
منطقه ۵ شهر تهران,ارم,tehran:m521,پارکینگ حکیم غرب,service,0.35,185.35,28.88,-44.2,42.31,35.74,51.28,https://www.openstreetmap.org/?mlat=35.73891&mlon=51.27568#map=17/35.73891/51.27568,B
منطقه ۵ شهر تهران,ارم,tehran:m521,دوازده متری سوم,residential,0.19,164.11,35.25,-31.9,42.44,35.74,51.28,https://www.openstreetmap.org/?mlat=35.73825&mlon=51.27912#map=17/35.73825/51.27912,B
منطقه ۵ شهر تهران,ارم,tehran:m521,ورودی بازار سنگ,service,0.41,181.37,31.07,-40.0,42.66,35.74,51.28,https://www.openstreetmap.org/?mlat=35.73849&mlon=51.27718#map=17/35.73849/51.27718,B
منطقه ۵ شهر تهران,ارم,tehran:m521,دوازده متری اول,residential,0.2,169.55,36.46,-29.6,44.26,35.74,51.28,https://www.openstreetmap.org/?mlat=35.73849&mlon=51.27955#map=17/35.73849/51.27955,B
منطقه ۵ شهر تهران,ارم,tehran:m521,دوازده متری چهارم,residential,0.11,223.74,34.96,-32.5,47.75,35.74,51.28,https://www.openstreetmap.org/?mlat=35.73952&mlon=51.27844#map=17/35.73952/51.27844,B
منطقه ۵ شهر تهران,ارم,tehran:m521,آهو,residential,0.16,268.93,38.95,-24.8,55.27,35.73,51.28,https://www.openstreetmap.org/?mlat=35.73330&mlon=51.28166#map=17/35.73330/51.28166,B
منطقه ۵ شهر تهران,فردوس,tehran:m526,صفوی,residential,0.24,95.75,47.93,-6.8,56.4,35.72,51.32,https://www.openstreetmap.org/?mlat=35.72150&mlon=51.32219#map=17/35.72150/51.32219,A
منطقه ۵ شهر تهران,فردوس,tehran:m526,رز شرقی,residential,0.24,97.43,47.85,-6.9,56.55,35.72,51.32,https://www.openstreetmap.org/?mlat=35.72083&mlon=51.32188#map=17/35.72083/51.32188,A
منطقه ۵ شهر تهران,فردوس,tehran:m526,پناهنده,residential,0.24,95.75,48.07,-6.5,56.65,35.72,51.32,https://www.openstreetmap.org/?mlat=35.72218&mlon=51.32251#map=17/35.72218/51.32251,A
منطقه ۵ شهر تهران,فردوس,tehran:m526,شهید محسن رفیعی,residential,0.18,95.75,48.61,-5.4,57.64,35.72,51.32,https://www.openstreetmap.org/?mlat=35.72363&mlon=51.32219#map=17/35.72363/51.32219,A
منطقه ۵ شهر تهران,فردوس,tehran:m526,میدان گلستان شمالی,residential,0.15,95.75,49.44,-3.8,59.38,35.72,51.32,https://www.openstreetmap.org/?mlat=35.72460&mlon=51.32155#map=17/35.72460/51.32155,A
منطقه ۵ شهر تهران,فردوس,tehran:m526,رفیعی,residential,0.24,95.75,49.58,-3.6,59.67,35.72,51.32,https://www.openstreetmap.org/?mlat=35.72408&mlon=51.32280#map=17/35.72408/51.32280,A
منطقه ۵ شهر تهران,شهرک پرواز,tehran:m523,دهم,tertiary,0.35,112.61,48.32,-4.7,61.41,35.73,51.31,https://www.openstreetmap.org/?mlat=35.73137&mlon=51.30620#map=17/35.73137/51.30620,B
منطقه ۵ شهر تهران,شهرک پرواز,tehran:m523,نهم,residential,0.16,112.61,48.38,-4.6,61.52,35.73,51.31,https://www.openstreetmap.org/?mlat=35.73183&mlon=51.30644#map=17/35.73183/51.30644,B
منطقه ۵ شهر تهران,شهرک پرواز,tehran:m523,سیزدهم,residential,0.19,111.97,48.52,-4.3,61.67,35.73,51.31,https://www.openstreetmap.org/?mlat=35.72993&mlon=51.30591#map=17/35.72993/51.30591,B
منطقه ۵ شهر تهران,شهرک پرواز,tehran:m523,یازدهم,residential,0.17,112.61,48.51,-4.4,61.74,35.73,51.31,https://www.openstreetmap.org/?mlat=35.73083&mlon=51.30625#map=17/35.73083/51.30625,B
منطقه ۵ شهر تهران,شهرک پرواز,tehran:m523,دوازدهم,residential,0.17,112.61,48.54,-4.3,61.81,35.73,51.31,https://www.openstreetmap.org/?mlat=35.73037&mlon=51.30613#map=17/35.73037/51.30613,B
منطقه ۵ شهر تهران,شهرک پرواز,tehran:m523,چهاردهم,residential,0.19,112.61,48.58,-4.2,61.89,35.73,51.31,https://www.openstreetmap.org/?mlat=35.72946&mlon=51.30579#map=17/35.72946/51.30579,B
منطقه ۵ شهر تهران,سازمان برنامه جنوبی,tehran:m522,نهم شرقی,residential,0.23,63.97,46.72,-3.5,46.65,35.73,51.3,https://www.openstreetmap.org/?mlat=35.73180&mlon=51.30360#map=17/35.73180/51.30360,B
منطقه ۵ شهر تهران,سازمان برنامه جنوبی,tehran:m522,یازدهم شرقی,residential,0.22,104.91,46.74,-3.5,56.63,35.73,51.3,https://www.openstreetmap.org/?mlat=35.73028&mlon=51.30286#map=17/35.73028/51.30286,B
منطقه ۵ شهر تهران,سازمان برنامه جنوبی,tehran:m522,سازمان برنامه مرکزی,tertiary,0.37,104.91,46.76,-3.4,56.66,35.73,51.3,https://www.openstreetmap.org/?mlat=35.73011&mlon=51.30137#map=17/35.73011/51.30137,B
منطقه ۵ شهر تهران,سازمان برنامه جنوبی,tehran:m522,منصور بهاردوست,residential,0.26,104.91,46.76,-3.4,56.67,35.73,51.3,https://www.openstreetmap.org/?mlat=35.73098&mlon=51.30326#map=17/35.73098/51.30326,B
منطقه ۵ شهر تهران,سازمان برنامه جنوبی,tehran:m522,چهاردهم مرکزی,residential,0.17,108.1,46.48,-4.0,56.81,35.73,51.3,https://www.openstreetmap.org/?mlat=35.73207&mlon=51.30107#map=17/35.73207/51.30107,B
منطقه ۵ شهر تهران,سازمان برنامه جنوبی,tehran:m522,مظفری,residential,0.16,109.27,46.79,-3.4,57.62,35.73,51.3,https://www.openstreetmap.org/?mlat=35.73140&mlon=51.30082#map=17/35.73140/51.30082,B
منطقه ۲ شهر تهران,کوی نصر,tehran:m218,سی و پنجم,residential,0.47,33.18,43.15,-14.4,31.29,35.74,51.37,https://www.openstreetmap.org/?mlat=35.73805&mlon=51.37338#map=17/35.73805/51.37338,A
منطقه ۲ شهر تهران,کوی نصر,tehran:m218,سی و سوم,residential,0.47,33.18,43.49,-13.7,32.08,35.74,51.37,https://www.openstreetmap.org/?mlat=35.73746&mlon=51.37358#map=17/35.73746/51.37358,A
منطقه ۲ شهر تهران,کوی نصر,tehran:m218,محمد مرادی,residential,0.48,33.18,43.88,-12.9,32.89,35.74,51.37,https://www.openstreetmap.org/?mlat=35.73686&mlon=51.37373#map=17/35.73686/51.37373,A
منطقه ۲ شهر تهران,کوی نصر,tehran:m218,محمدمهدی ولی زاده,residential,0.47,45.68,42.74,-15.2,32.94,35.74,51.37,https://www.openstreetmap.org/?mlat=35.73867&mlon=51.37321#map=17/35.73867/51.37321,A
منطقه ۲ شهر تهران,کوی نصر,tehran:m218,برادران کارگری (۲۹),residential,0.43,33.18,43.96,-12.7,33.07,35.74,51.37,https://www.openstreetmap.org/?mlat=35.73632&mlon=51.37420#map=17/35.73632/51.37420,A
منطقه ۲ شهر تهران,کوی نصر,tehran:m218,محمد یوسفی,residential,0.47,33.18,44.48,-11.7,34.18,35.74,51.37,https://www.openstreetmap.org/?mlat=35.73569&mlon=51.37419#map=17/35.73569/51.37419,A
منطقه ۲۰ شهر تهران,سیزده آبان,tehran:m2001,بیدمشک ۴,residential,0.12,44.02,25.07,-17.9,14.28,35.6,51.41,https://www.openstreetmap.org/?mlat=35.60244&mlon=51.41239#map=17/35.60244/51.41239,A
منطقه ۲۰ شهر تهران,سیزده آبان,tehran:m2001,پردیس,residential,0.14,44.02,25.58,-16.2,14.35,35.6,51.41,https://www.openstreetmap.org/?mlat=35.60179&mlon=51.41304#map=17/35.60179/51.41304,A
منطقه ۲۰ شهر تهران,سیزده آبان,tehran:m2001,بیدمشک ۲,residential,0.13,44.02,25.69,-15.8,14.37,35.6,51.41,https://www.openstreetmap.org/?mlat=35.60302&mlon=51.41233#map=17/35.60302/51.41233,A
منطقه ۲۰ شهر تهران,سیزده آبان,tehran:m2001,محمد عربی,residential,0.55,44.02,26.0,-14.8,14.4,35.6,51.41,https://www.openstreetmap.org/?mlat=35.60362&mlon=51.41191#map=17/35.60362/51.41191,A
منطقه ۲۰ شهر تهران,سیزده آبان,tehran:m2001,بیدمشک ۳,residential,0.12,44.02,26.54,-13.1,14.45,35.6,51.41,https://www.openstreetmap.org/?mlat=35.60163&mlon=51.41368#map=17/35.60163/51.41368,A
منطقه ۲۰ شهر تهران,سیزده آبان,tehran:m2001,بیدمشک ۵,residential,0.11,44.02,26.37,-13.6,14.46,35.6,51.41,https://www.openstreetmap.org/?mlat=35.60120&mlon=51.41366#map=17/35.60120/51.41366,A
منطقه ۱۹ شهر تهران,خانی آباد جنوبی,tehran:m1906,نیک نژاد,residential,0.23,0.0,38.03,-2.1,8.95,35.62,51.4,https://www.openstreetmap.org/?mlat=35.62217&mlon=51.39610#map=17/35.62217/51.39610,B
منطقه ۱۹ شهر تهران,خانی آباد جنوبی,tehran:m1906,نوبخت نجفی,residential,0.24,0.0,38.09,-1.9,9.06,35.62,51.4,https://www.openstreetmap.org/?mlat=35.62261&mlon=51.39589#map=17/35.62261/51.39589,B
منطقه ۱۹ شهر تهران,خانی آباد جنوبی,tehran:m1906,آزاده جنوبی,residential,0.1,0.0,38.1,-1.9,9.08,35.62,51.4,https://www.openstreetmap.org/?mlat=35.62124&mlon=51.39634#map=17/35.62124/51.39634,B
منطقه ۱۹ شهر تهران,خانی آباد جنوبی,tehran:m1906,آرش,residential,0.16,0.0,38.32,-1.3,9.4,35.62,51.4,https://www.openstreetmap.org/?mlat=35.62008&mlon=51.39738#map=17/35.62008/51.39738,B
منطقه ۱۹ شهر تهران,خانی آباد جنوبی,tehran:m1906,شصت وپنجم,residential,0.15,0.0,38.34,-1.3,9.45,35.62,51.4,https://www.openstreetmap.org/?mlat=35.61981&mlon=51.39536#map=17/35.61981/51.39536,B
منطقه ۱۹ شهر تهران,خانی آباد جنوبی,tehran:m1906,شصت وسوم,residential,0.14,0.0,38.36,-1.2,9.49,35.62,51.4,https://www.openstreetmap.org/?mlat=35.62026&mlon=51.39513#map=17/35.62026/51.39513,B
منطقه ۱۹ شهر تهران,بوستان ولایت,tehran:m1901,سراج,residential,0.41,138.61,36.32,0.0,39.78,35.64,51.38,https://www.openstreetmap.org/?mlat=35.63725&mlon=51.38116#map=17/35.63725/51.38116,C
منطقه ۱۹ شهر تهران,شهید کاظمی,tehran:m1912,حسینی,residential,0.47,99.31,34.77,-13.5,30.58,35.62,51.36,https://www.openstreetmap.org/?mlat=35.62159&mlon=51.36034#map=17/35.62159/51.36034,B
منطقه ۱۹ شهر تهران,شهید کاظمی,tehran:m1912,فاطمه زهرا,residential,0.29,95.97,36.32,-9.7,30.88,35.62,51.36,https://www.openstreetmap.org/?mlat=35.62221&mlon=51.35960#map=17/35.62221/51.35960,B
منطقه ۱۹ شهر تهران,شهید کاظمی,tehran:m1912,ملت,residential,0.16,95.97,36.39,-9.5,30.96,35.62,51.36,https://www.openstreetmap.org/?mlat=35.62473&mlon=51.36003#map=17/35.62473/51.36003,B
منطقه ۱۹ شهر تهران,شهید کاظمی,tehran:m1912,همت,residential,0.16,95.97,36.85,-8.4,31.44,35.62,51.36,https://www.openstreetmap.org/?mlat=35.62449&mlon=51.35973#map=17/35.62449/51.35973,B
منطقه ۱۹ شهر تهران,شهید کاظمی,tehran:m1912,پلارک,residential,0.17,95.97,37.19,-7.5,31.78,35.62,51.36,https://www.openstreetmap.org/?mlat=35.62436&mlon=51.35951#map=17/35.62436/51.35951,B
منطقه ۱۹ شهر تهران,شهید کاظمی,tehran:m1912,شوشتری,residential,0.16,95.97,37.83,-5.9,32.67,35.62,51.36,https://www.openstreetmap.org/?mlat=35.62421&mlon=51.35909#map=17/35.62421/51.35909,B
منطقه ۹ شهر تهران,سرآسیاب - مهرآباد,tehran:m908,رحیمی,residential,0.13,0.0,40.22,-2.6,13.8,35.67,51.33,https://www.openstreetmap.org/?mlat=35.67059&mlon=51.33188#map=17/35.67059/51.33188,C
منطقه ۹ شهر تهران,سرآسیاب - مهرآباد,tehran:m908,اسلامی,residential,0.19,0.0,40.9,-0.9,15.76,35.67,51.33,https://www.openstreetmap.org/?mlat=35.67069&mlon=51.33298#map=17/35.67069/51.33298,C
منطقه ۹ شهر تهران,سرآسیاب - مهرآباد,tehran:m908,نیک سیرت اقدم,residential,0.15,9.27,39.46,-4.4,16.17,35.67,51.33,https://www.openstreetmap.org/?mlat=35.66947&mlon=51.33094#map=17/35.66947/51.33094,C
منطقه ۹ شهر تهران,سرآسیاب - مهرآباد,tehran:m908,پناهی,residential,0.15,0.0,41.24,-0.1,16.75,35.67,51.33,https://www.openstreetmap.org/?mlat=35.67066&mlon=51.33349#map=17/35.67066/51.33349,C
منطقه ۹ شهر تهران,سرآسیاب - مهرآباد,tehran:m908,ساروخانی,residential,0.15,10.22,39.86,-3.5,17.26,35.67,51.33,https://www.openstreetmap.org/?mlat=35.66943&mlon=51.33156#map=17/35.66943/51.33156,C
منطقه ۹ شهر تهران,سرآسیاب - مهرآباد,tehran:m908,دانشگاه هوایی جنوبی,tertiary,0.58,0.0,41.46,0.4,17.4,35.67,51.34,https://www.openstreetmap.org/?mlat=35.67186&mlon=51.33602#map=17/35.67186/51.33602,C
منطقه ۱۸ شهر تهران,حسینی,tehran:m1804,شریعتی,residential,0.14,0.0,35.74,-5.2,6.28,35.66,51.33,https://www.openstreetmap.org/?mlat=35.66446&mlon=51.33180#map=17/35.66446/51.33180,A
منطقه ۱۸ شهر تهران,حسینی,tehran:m1804,صاحب الزمان,residential,0.14,0.0,35.78,-5.0,6.32,35.66,51.33,https://www.openstreetmap.org/?mlat=35.66413&mlon=51.33172#map=17/35.66413/51.33172,A
منطقه ۱۸ شهر تهران,حسینی,tehran:m1804,معراجی نیا,residential,0.14,0.0,35.84,-4.9,6.37,35.66,51.33,https://www.openstreetmap.org/?mlat=35.66381&mlon=51.33164#map=17/35.66381/51.33164,A
منطقه ۱۸ شهر تهران,حسینی,tehran:m1804,احمد محمدخانی,residential,0.14,0.0,36.61,-2.9,7.07,35.67,51.33,https://www.openstreetmap.org/?mlat=35.66556&mlon=51.33164#map=17/35.66556/51.33164,A
منطقه ۱۸ شهر تهران,حسینی,tehran:m1804,غلامی,residential,0.11,0.0,36.88,-2.1,7.39,35.67,51.33,https://www.openstreetmap.org/?mlat=35.66540&mlon=51.33221#map=17/35.66540/51.33221,A
منطقه ۱۸ شهر تهران,حسینی,tehran:m1804,درخشان,residential,0.11,0.0,37.42,-0.7,8.06,35.67,51.33,https://www.openstreetmap.org/?mlat=35.66581&mlon=51.33232#map=17/35.66581/51.33232,A
منطقه ۲۱ شهر تهران,شهرک فرهنگیان,tehran:m2109,بشارتی,tertiary,0.7,210.65,44.53,-13.7,66.16,35.7,51.28,https://www.openstreetmap.org/?mlat=35.70499&mlon=51.27993#map=17/35.70499/51.27993,B
منطقه ۲۱ شهر تهران,شهرک فرهنگیان,tehran:m2109,تیر یکم,residential,0.27,225.8,48.44,-6.1,75.42,35.71,51.27,https://www.openstreetmap.org/?mlat=35.71430&mlon=51.27251#map=17/35.71430/51.27251,B
منطقه ۲۱ شهر تهران,شهرک فرهنگیان,tehran:m2109,فرهنگ هفتم,living_street,0.35,162.67,51.7,0.2,76.06,35.71,51.28,https://www.openstreetmap.org/?mlat=35.71053&mlon=51.28304#map=17/35.71053/51.28304,B
منطقه ۲۱ شهر تهران,شهرک فرهنگیان,tehran:m2109,تیر سوم,residential,0.73,225.8,49.17,-4.7,76.91,35.71,51.28,https://www.openstreetmap.org/?mlat=35.71453&mlon=51.27513#map=17/35.71453/51.27513,B
منطقه ۲۱ شهر تهران,شهرک فرهنگیان,tehran:m2109,تیر پنجم غربی,residential,0.18,225.8,49.34,-4.4,77.29,35.71,51.28,https://www.openstreetmap.org/?mlat=35.71497&mlon=51.27676#map=17/35.71497/51.27676,B
منطقه ۲۱ شهر تهران,شهرک فرهنگیان,tehran:m2109,تختی,tertiary,0.18,237.24,49.83,-3.4,78.88,35.71,51.27,https://www.openstreetmap.org/?mlat=35.71396&mlon=51.27394#map=17/35.71396/51.27394,B
منطقه ۵ شهر تهران,شهرک آپادانا,tehran:m527,کوی لاله,living_street,0.29,13.22,41.0,-23.1,21.03,35.71,51.32,https://www.openstreetmap.org/?mlat=35.70974&mlon=51.32315#map=17/35.70974/51.32315,B
منطقه ۵ شهر تهران,شهرک آپادانا,tehran:m527,کوی میخک,living_street,0.35,13.22,41.71,-21.8,23.1,35.71,51.32,https://www.openstreetmap.org/?mlat=35.71019&mlon=51.32410#map=17/35.71019/51.32410,B
منطقه ۵ شهر تهران,شهرک آپادانا,tehran:m527,یاس,living_street,0.31,22.37,41.28,-22.6,23.8,35.71,51.32,https://www.openstreetmap.org/?mlat=35.71125&mlon=51.32209#map=17/35.71125/51.32209,B
منطقه ۵ شهر تهران,شهرک آپادانا,tehran:m527,شبنم,living_street,0.1,24.3,41.24,-22.6,24.29,35.71,51.32,https://www.openstreetmap.org/?mlat=35.71042&mlon=51.32116#map=17/35.71042/51.32116,B
منطقه ۵ شهر تهران,شهرک آپادانا,tehran:m527,زنبق,living_street,0.11,13.22,43.34,-18.7,27.24,35.71,51.32,https://www.openstreetmap.org/?mlat=35.71287&mlon=51.32162#map=17/35.71287/51.32162,B
منطقه ۵ شهر تهران,شهرک آپادانا,tehran:m527,کوی نرگس,living_street,0.28,13.22,43.57,-18.3,27.75,35.71,51.33,https://www.openstreetmap.org/?mlat=35.71077&mlon=51.32529#map=17/35.71077/51.32529,B
منطقه ۵ شهر تهران,اکباتان,tehran:m529,بزرگراه لشگری,service,0.2,555.19,35.73,-24.0,53.92,35.7,51.29,https://www.openstreetmap.org/?mlat=35.70157&mlon=51.29321#map=17/35.70157/51.29321,B
منطقه ۵ شهر تهران,اکباتان,tehran:m529,گلزار,tertiary,2.22,424.81,43.37,-7.8,69.51,35.71,51.3,https://www.openstreetmap.org/?mlat=35.70653&mlon=51.30430#map=17/35.70653/51.30430,B
منطقه ۵ شهر تهران,اکباتان,tehran:m529,شکوری شرقی,residential,0.73,297.74,45.96,-2.3,73.56,35.71,51.32,https://www.openstreetmap.org/?mlat=35.71349&mlon=51.31832#map=17/35.71349/51.31832,B
منطقه ۵ شهر تهران,اکباتان,tehran:m529,محقق سعید,tertiary,0.6,474.1,45.62,-3.0,74.92,35.71,51.31,https://www.openstreetmap.org/?mlat=35.70801&mlon=51.30554#map=17/35.70801/51.30554,B
منطقه ۵ شهر تهران,اکباتان,tehran:m529,میدان صارمی,tertiary,0.12,474.1,46.37,-1.4,76.65,35.7,51.31,https://www.openstreetmap.org/?mlat=35.70395&mlon=51.30743#map=17/35.70395/51.30743,B
منطقه ۵ شهر تهران,اکباتان,tehran:m529,ذاکر حسینی,service,0.96,474.1,46.49,-1.2,76.94,35.71,51.31,https://www.openstreetmap.org/?mlat=35.70574&mlon=51.30927#map=17/35.70574/51.30927,B
منطقه ۱۸ شهر تهران,سعید آباد,tehran:m1809,کوچه میرحجازی,unclassified,0.51,46.93,23.0,-32.3,14.72,35.65,51.3,https://www.openstreetmap.org/?mlat=35.65384&mlon=51.29588#map=17/35.65384/51.29588,C
منطقه ۱۸ شهر تهران,سعید آباد,tehran:m1809,نارنجستان,residential,0.23,46.93,26.17,-22.9,15.04,35.65,51.3,https://www.openstreetmap.org/?mlat=35.65320&mlon=51.29856#map=17/35.65320/51.29856,C
منطقه ۱۸ شهر تهران,سعید آباد,tehran:m1809,پنجم,residential,0.23,47.77,25.11,-26.1,15.14,35.65,51.3,https://www.openstreetmap.org/?mlat=35.65491&mlon=51.29768#map=17/35.65491/51.29768,C
منطقه ۱۸ شهر تهران,سعید آباد,tehran:m1809,سوم,residential,0.13,50.24,27.49,-19.0,16.1,35.65,51.3,https://www.openstreetmap.org/?mlat=35.65491&mlon=51.29920#map=17/35.65491/51.29920,C
منطقه ۱۸ شهر تهران,سعید آباد,tehran:m1809,نامور,residential,0.17,46.93,31.87,-6.2,16.67,35.66,51.3,https://www.openstreetmap.org/?mlat=35.65855&mlon=51.29990#map=17/35.65855/51.29990,C
منطقه ۱۸ شهر تهران,سعید آباد,tehran:m1809,سلیمانی,residential,0.16,48.51,30.97,-8.8,16.69,35.66,51.3,https://www.openstreetmap.org/?mlat=35.65787&mlon=51.30009#map=17/35.65787/51.30009,C
منطقه ۱۸ شهر تهران,یافت آباد جنوبی,tehran:m1812,عرب احمدی,tertiary,0.22,35.27,30.42,0.8,13.67,35.64,51.3,https://www.openstreetmap.org/?mlat=35.64460&mlon=51.30287#map=17/35.64460/51.30287,B
منطقه ۱۸ شهر تهران,یافت آباد جنوبی,tehran:m1812,باقری,tertiary,0.78,45.44,30.45,0.9,15.9,35.64,51.31,https://www.openstreetmap.org/?mlat=35.64434&mlon=51.30767#map=17/35.64434/51.30767,B
منطقه ۱۸ شهر تهران,یافت آباد جنوبی,tehran:m1812,مجید محمدیان,residential,0.14,51.12,26.83,-11.1,16.24,35.64,51.31,https://www.openstreetmap.org/?mlat=35.64019&mlon=51.30908#map=17/35.64019/51.30908,B
منطقه ۱۸ شهر تهران,یافت آباد جنوبی,tehran:m1812,زارعی,residential,0.17,45.96,31.63,4.8,16.41,35.65,51.31,https://www.openstreetmap.org/?mlat=35.64563&mlon=51.30768#map=17/35.64563/51.30768,B
منطقه ۱۸ شهر تهران,یافت آباد جنوبی,tehran:m1812,امام خمینی,residential,0.13,51.12,27.54,-8.7,16.42,35.64,51.31,https://www.openstreetmap.org/?mlat=35.64110&mlon=51.30853#map=17/35.64110/51.30853,B
منطقه ۱۸ شهر تهران,یافت آباد جنوبی,tehran:m1812,مجید فتوحی,residential,0.13,51.12,27.86,-7.7,16.53,35.64,51.31,https://www.openstreetmap.org/?mlat=35.64156&mlon=51.30823#map=17/35.64156/51.30823,B
منطقه ۱۸ شهر تهران,هفده شهریور,tehran:m1802,بن بست شیرین سوم,residential,0.12,16.85,40.5,-3.4,20.69,35.66,51.31,https://www.openstreetmap.org/?mlat=35.66350&mlon=51.30778#map=17/35.66350/51.30778,A
منطقه ۱۸ شهر تهران,هفده شهریور,tehran:m1802,برادران اصغری,tertiary,0.11,16.85,40.63,-3.1,21.03,35.66,51.3,https://www.openstreetmap.org/?mlat=35.66354&mlon=51.30296#map=17/35.66354/51.30296,A
منطقه ۱۸ شهر تهران,هفده شهریور,tehran:m1802,بلوار برادران اصغری,tertiary,0.19,30.9,39.9,-4.9,21.81,35.66,51.3,https://www.openstreetmap.org/?mlat=35.66263&mlon=51.30312#map=17/35.66263/51.30312,A
منطقه ۱۸ شهر تهران,هفده شهریور,tehran:m1802,شقایق دوم,residential,0.1,16.85,40.94,-2.4,21.87,35.66,51.31,https://www.openstreetmap.org/?mlat=35.66365&mlon=51.30647#map=17/35.66365/51.30647,A
منطقه ۱۸ شهر تهران,هفده شهریور,tehran:m1802,بیانلو,residential,0.13,16.85,40.95,-2.3,21.94,35.67,51.3,https://www.openstreetmap.org/?mlat=35.66788&mlon=51.30361#map=17/35.66788/51.30361,A
منطقه ۱۸ شهر تهران,هفده شهریور,tehran:m1802,بن بست شیرین دوم (بیت اله شکوری),residential,0.12,16.85,40.97,-2.3,21.99,35.66,51.31,https://www.openstreetmap.org/?mlat=35.66393&mlon=51.30765#map=17/35.66393/51.30765,A
منطقه ۱۸ شهر تهران,شهرک امام خمینی,tehran:m1803,شمس,service,0.22,0.0,34.03,-8.3,5.26,35.66,51.32,https://www.openstreetmap.org/?mlat=35.65796&mlon=51.31685#map=17/35.65796/51.31685,A
منطقه ۱۸ شهر تهران,شهرک امام خمینی,tehran:m1803,سلمان,residential,0.26,0.0,35.37,-4.6,6.02,35.66,51.31,https://www.openstreetmap.org/?mlat=35.65713&mlon=51.31386#map=17/35.65713/51.31386,A
منطقه ۱۸ شهر تهران,شهرک امام خمینی,tehran:m1803,صدوقی,residential,0.17,0.0,35.45,-4.4,6.06,35.66,51.31,https://www.openstreetmap.org/?mlat=35.65647&mlon=51.31359#map=17/35.65647/51.31359,A
منطقه ۱۸ شهر تهران,شهرک امام خمینی,tehran:m1803,ابوذر,residential,0.24,0.0,35.51,-4.3,6.12,35.66,51.31,https://www.openstreetmap.org/?mlat=35.65735&mlon=51.31362#map=17/35.65735/51.31362,A
منطقه ۱۸ شهر تهران,شهرک امام خمینی,tehran:m1803,حسن مظفری,tertiary,0.63,0.0,35.77,-3.6,6.31,35.66,51.31,https://www.openstreetmap.org/?mlat=35.65595&mlon=51.31253#map=17/35.65595/51.31253,A
منطقه ۱۸ شهر تهران,شهرک امام خمینی,tehran:m1803,فتاح خان,residential,0.22,0.0,36.22,-2.3,6.69,35.65,51.31,https://www.openstreetmap.org/?mlat=35.65389&mlon=51.31184#map=17/35.65389/51.31184,A
منطقه ۱۵ شهر تهران,مینایی,tehran:m1503,سعدی,residential,0.18,25.98,36.65,-12.5,15.03,35.65,51.45,https://www.openstreetmap.org/?mlat=35.64804&mlon=51.45317#map=17/35.64804/51.45317,A
منطقه ۱۵ شهر تهران,مینایی,tehran:m1503,سلیمانی,residential,0.16,25.98,36.94,-11.8,15.35,35.65,51.45,https://www.openstreetmap.org/?mlat=35.64676&mlon=51.45421#map=17/35.64676/51.45421,A
منطقه ۱۵ شهر تهران,مینایی,tehran:m1503,حسین شیاسی آرانی,residential,0.54,25.98,37.0,-11.6,15.4,35.65,51.45,https://www.openstreetmap.org/?mlat=35.64698&mlon=51.45465#map=17/35.64698/51.45465,A
منطقه ۱۵ شهر تهران,مینایی,tehran:m1503,میر باقری,residential,0.14,25.98,37.08,-11.5,15.5,35.65,51.45,https://www.openstreetmap.org/?mlat=35.64779&mlon=51.45409#map=17/35.64779/51.45409,A
منطقه ۱۵ شهر تهران,مینایی,tehran:m1503,امام خمینی,residential,0.22,25.98,37.21,-11.1,15.65,35.65,51.46,https://www.openstreetmap.org/?mlat=35.64596&mlon=51.45612#map=17/35.64596/51.45612,A
منطقه ۱۵ شهر تهران,مینایی,tehran:m1503,قربعلی,residential,0.28,25.98,37.47,-10.5,16.04,35.65,51.45,https://www.openstreetmap.org/?mlat=35.64843&mlon=51.45416#map=17/35.64843/51.45416,A
منطقه ۱۵ شهر تهران,هاشم آباد,tehran:m1507,اسلامی,residential,0.11,42.15,39.55,-3.1,23.51,35.65,51.47,https://www.openstreetmap.org/?mlat=35.64533&mlon=51.46683#map=17/35.64533/51.46683,A
منطقه ۱۵ شهر تهران,هاشم آباد,tehran:m1507,شهید محمد کرکرانک,residential,0.12,55.13,38.0,-6.9,23.54,35.65,51.47,https://www.openstreetmap.org/?mlat=35.64783&mlon=51.46690#map=17/35.64783/51.46690,A
منطقه ۱۵ شهر تهران,هاشم آباد,tehran:m1507,قشقایی,residential,0.3,55.13,38.31,-6.2,24.03,35.65,51.47,https://www.openstreetmap.org/?mlat=35.64744&mlon=51.46749#map=17/35.64744/51.46749,A
منطقه ۱۵ شهر تهران,هاشم آباد,tehran:m1507,شمس,residential,0.32,56.78,38.23,-6.4,24.19,35.65,51.47,https://www.openstreetmap.org/?mlat=35.64852&mlon=51.46870#map=17/35.64852/51.46870,A
منطقه ۱۵ شهر تهران,هاشم آباد,tehran:m1507,دوستان,residential,0.14,55.13,38.61,-5.4,24.64,35.65,51.47,https://www.openstreetmap.org/?mlat=35.64682&mlon=51.46681#map=17/35.64682/51.46681,A
منطقه ۱۵ شهر تهران,هاشم آباد,tehran:m1507,اعظمی,residential,0.27,62.92,38.1,-6.7,25.23,35.65,51.47,https://www.openstreetmap.org/?mlat=35.64742&mlon=51.46994#map=17/35.64742/51.46994,A
منطقه ۱۵ شهر تهران,شهرک رضویه,tehran:m1518,فلاحی شرقی,residential,0.35,0.0,25.3,-22.5,2.46,35.61,51.5,https://www.openstreetmap.org/?mlat=35.60631&mlon=51.50281#map=17/35.60631/51.50281,B
منطقه ۱۵ شهر تهران,شهرک رضویه,tehran:m1518,اسکندرلو,residential,0.21,0.0,25.56,-21.7,2.51,35.61,51.5,https://www.openstreetmap.org/?mlat=35.60639&mlon=51.50187#map=17/35.60639/51.50187,B
منطقه ۱۵ شهر تهران,شهرک رضویه,tehran:m1518,مسجد,residential,0.18,0.0,26.45,-19.0,2.63,35.61,51.5,https://www.openstreetmap.org/?mlat=35.60667&mlon=51.49852#map=17/35.60667/51.49852,B
منطقه ۱۵ شهر تهران,شهرک رضویه,tehran:m1518,باهنر شرقی,residential,0.18,0.0,26.46,-19.0,2.64,35.61,51.5,https://www.openstreetmap.org/?mlat=35.60703&mlon=51.50248#map=17/35.60703/51.50248,B
منطقه ۱۵ شهر تهران,شهرک رضویه,tehran:m1518,سوم شرقی,residential,0.18,0.0,26.7,-18.2,2.68,35.61,51.5,https://www.openstreetmap.org/?mlat=35.60684&mlon=51.49890#map=17/35.60684/51.49890,B
منطقه ۱۵ شهر تهران,شهرک رضویه,tehran:m1518,شورای شمالی,residential,0.16,0.0,27.02,-17.3,2.73,35.61,51.5,https://www.openstreetmap.org/?mlat=35.60740&mlon=51.50149#map=17/35.60740/51.50149,B
منطقه ۱۵ شهر تهران,مسعودیه,tehran:m1515,نیکچه فراهانی,residential,0.36,0.0,22.47,-23.5,2.25,35.62,51.5,https://www.openstreetmap.org/?mlat=35.62268&mlon=51.50148#map=17/35.62268/51.50148,A
منطقه ۱۵ شهر تهران,مسعودیه,tehran:m1515,امیر,residential,0.76,0.0,22.56,-23.2,2.26,35.63,51.5,https://www.openstreetmap.org/?mlat=35.62800&mlon=51.50273#map=17/35.62800/51.50273,A
منطقه ۱۵ شهر تهران,مسعودیه,tehran:m1515,حشمت الله ایزدی,residential,0.76,0.0,22.97,-21.8,2.28,35.63,51.5,https://www.openstreetmap.org/?mlat=35.62836&mlon=51.50266#map=17/35.62836/51.50266,A
منطقه ۱۵ شهر تهران,مسعودیه,tehran:m1515,سی و چهارم شرقی,residential,0.16,0.0,23.17,-21.2,2.29,35.62,51.5,https://www.openstreetmap.org/?mlat=35.62215&mlon=51.50156#map=17/35.62215/51.50156,A
منطقه ۱۵ شهر تهران,مسعودیه,tehran:m1515,مالی,residential,0.6,0.0,23.72,-19.3,2.33,35.62,51.5,https://www.openstreetmap.org/?mlat=35.62221&mlon=51.50166#map=17/35.62221/51.50166,A
منطقه ۱۵ شهر تهران,مسعودیه,tehran:m1515,دولتی,residential,0.29,0.0,24.61,-16.2,2.41,35.63,51.5,https://www.openstreetmap.org/?mlat=35.62730&mlon=51.50023#map=17/35.62730/51.50023,A
منطقه ۱۹ شهر تهران,اسماعیل آباد,tehran:m1910,رحمت علی شیرجنگ,residential,0.11,62.38,29.27,4.4,19.41,35.62,51.34,https://www.openstreetmap.org/?mlat=35.62032&mlon=51.34169#map=17/35.62032/51.34169,B
منطقه ۱۹ شهر تهران,اسماعیل آباد,tehran:m1910,پرویز کردلو,residential,0.11,62.38,29.56,5.5,19.49,35.62,51.34,https://www.openstreetmap.org/?mlat=35.61989&mlon=51.34175#map=17/35.61989/51.34175,B
منطقه ۱۹ شهر تهران,اسماعیل آباد,tehran:m1910,بیست و هشتم,residential,0.11,62.38,29.73,6.1,19.55,35.62,51.34,https://www.openstreetmap.org/?mlat=35.61964&mlon=51.34178#map=17/35.61964/51.34178,B
منطقه ۱۹ شهر تهران,اسماعیل آباد,tehran:m1910,سجیعی,residential,0.11,77.07,28.42,1.4,22.58,35.62,51.34,https://www.openstreetmap.org/?mlat=35.62148&mlon=51.34152#map=17/35.62148/51.34152,B
منطقه ۱۹ شهر تهران,اسماعیل آباد,tehran:m1910,صادق اسدزاده,residential,0.11,77.07,28.72,2.5,22.67,35.62,51.34,https://www.openstreetmap.org/?mlat=35.62107&mlon=51.34158#map=17/35.62107/51.34158,B
منطقه ۱۹ شهر تهران,اسماعیل آباد,tehran:m1910,قاسم دهقان منش,residential,0.11,77.07,29.0,3.5,22.75,35.62,51.34,https://www.openstreetmap.org/?mlat=35.62069&mlon=51.34164#map=17/35.62069/51.34164,B
منطقه ۱۸ شهر تهران,شهید رجایی,tehran:m1816,نرگس,residential,0.17,0.0,19.7,-33.9,2.17,35.64,51.33,https://www.openstreetmap.org/?mlat=35.63517&mlon=51.33149#map=17/35.63517/51.33149,A
منطقه ۱۸ شهر تهران,شهید رجایی,tehran:m1816,نبوت,residential,0.11,0.0,22.5,-24.5,2.25,35.64,51.33,https://www.openstreetmap.org/?mlat=35.63637&mlon=51.33376#map=17/35.63637/51.33376,A
منطقه ۱۸ شهر تهران,شهید رجایی,tehran:m1816,ایثار,unclassified,0.81,0.0,23.17,-22.3,2.3,35.63,51.33,https://www.openstreetmap.org/?mlat=35.63242&mlon=51.33213#map=17/35.63242/51.33213,A
منطقه ۱۸ شهر تهران,شهید رجایی,tehran:m1816,ولایت,residential,0.18,0.0,23.33,-21.7,2.31,35.64,51.33,https://www.openstreetmap.org/?mlat=35.63725&mlon=51.33360#map=17/35.63725/51.33360,A
منطقه ۱۸ شهر تهران,شهید رجایی,tehran:m1816,مهربانی,residential,0.38,0.0,23.63,-20.8,2.33,35.64,51.33,https://www.openstreetmap.org/?mlat=35.63680&mlon=51.33453#map=17/35.63680/51.33453,A
منطقه ۱۸ شهر تهران,شهید رجایی,tehran:m1816,داود عبدی,residential,0.18,0.0,24.42,-18.1,2.4,35.64,51.33,https://www.openstreetmap.org/?mlat=35.63919&mlon=51.33216#map=17/35.63919/51.33216,A
منطقه ۱۸ شهر تهران,صاحب الزمان,tehran:m1807,سجاد شمالی,residential,0.11,0.0,29.79,1.8,3.52,35.64,51.33,https://www.openstreetmap.org/?mlat=35.64283&mlon=51.33383#map=17/35.64283/51.33383,A
منطقه ۱۸ شهر تهران,صاحب الزمان,tehran:m1807,رضا اینانلو,residential,0.12,0.0,29.8,1.8,3.52,35.64,51.33,https://www.openstreetmap.org/?mlat=35.64263&mlon=51.33470#map=17/35.64263/51.33470,A
منطقه ۱۸ شهر تهران,صاحب الزمان,tehran:m1807,یاسر,tertiary,0.35,0.0,30.41,3.9,3.74,35.64,51.33,https://www.openstreetmap.org/?mlat=35.64333&mlon=51.33406#map=17/35.64333/51.33406,A
منطقه ۱۸ شهر تهران,صاحب الزمان,tehran:m1807,هجده متری یاسر,residential,0.22,0.0,31.22,6.7,4.0,35.65,51.33,https://www.openstreetmap.org/?mlat=35.64516&mlon=51.33255#map=17/35.64516/51.33255,A
منطقه ۱۸ شهر تهران,صاحب الزمان,tehran:m1807,خدابنده لو,residential,0.2,23.62,28.34,-3.2,10.43,35.65,51.32,https://www.openstreetmap.org/?mlat=35.65251&mlon=51.31789#map=17/35.65251/51.31789,A
منطقه ۱۸ شهر تهران,صاحب الزمان,tehran:m1807,سالک رازی,residential,0.28,23.62,28.56,-2.4,10.47,35.65,51.32,https://www.openstreetmap.org/?mlat=35.65297&mlon=51.31804#map=17/35.65297/51.31804,A
منطقه ۱۲ شهر تهران,فردوسی,tehran:m1201,صفامنش,residential,0.17,0.0,55.56,-18.4,45.3,35.7,51.42,https://www.openstreetmap.org/?mlat=35.69845&mlon=51.42466#map=17/35.69845/51.42466,C
منطقه ۱۲ شهر تهران,فردوسی,tehran:m1201,آقاجان,residential,0.22,0.0,55.88,-17.9,45.64,35.7,51.42,https://www.openstreetmap.org/?mlat=35.69840&mlon=51.42437#map=17/35.69840/51.42437,C
منطقه ۱۲ شهر تهران,فردوسی,tehran:m1201,معمار مخصوص,residential,0.24,0.0,55.93,-17.9,45.67,35.7,51.43,https://www.openstreetmap.org/?mlat=35.70043&mlon=51.42506#map=17/35.70043/51.42506,C
منطقه ۱۲ شهر تهران,فردوسی,tehran:m1201,حبیب الله رفیعی,residential,0.19,0.0,55.94,-17.9,45.68,35.7,51.43,https://www.openstreetmap.org/?mlat=35.70096&mlon=51.42523#map=17/35.70096/51.42523,C
منطقه ۱۲ شهر تهران,فردوسی,tehran:m1201,مصباح کریمی,residential,0.12,0.0,57.19,-16.0,46.75,35.7,51.42,https://www.openstreetmap.org/?mlat=35.69876&mlon=51.42310#map=17/35.69876/51.42310,C
منطقه ۱۲ شهر تهران,فردوسی,tehran:m1201,مهدی امین زاده,residential,0.16,0.0,57.23,-16.0,46.78,35.7,51.42,https://www.openstreetmap.org/?mlat=35.69635&mlon=51.42430#map=17/35.69635/51.42430,C
منطقه ۱۱ شهر تهران,شیخ هادی,tehran:m1104,کیکاووس,residential,0.14,0.0,52.7,-11.1,41.45,35.69,51.41,https://www.openstreetmap.org/?mlat=35.69360&mlon=51.40555#map=17/35.69360/51.40555,C
منطقه ۱۱ شهر تهران,شیخ هادی,tehran:m1104,رجب بیگی,residential,0.24,0.0,53.19,-10.3,42.27,35.69,51.41,https://www.openstreetmap.org/?mlat=35.69415&mlon=51.40525#map=17/35.69415/51.40525,C
منطقه ۱۱ شهر تهران,شیخ هادی,tehran:m1104,اورمزدی,residential,0.14,0.0,53.6,-9.6,42.89,35.69,51.41,https://www.openstreetmap.org/?mlat=35.69247&mlon=51.40534#map=17/35.69247/51.40534,C
منطقه ۱۱ شهر تهران,شیخ هادی,tehran:m1104,مرتضی عسگر,residential,0.12,0.0,54.0,-8.9,43.44,35.69,51.41,https://www.openstreetmap.org/?mlat=35.69181&mlon=51.40550#map=17/35.69181/51.40550,C
منطقه ۱۱ شهر تهران,شیخ هادی,tehran:m1104,عبدالرضا عبدوس,residential,0.44,0.0,54.12,-8.7,43.66,35.69,51.4,https://www.openstreetmap.org/?mlat=35.69219&mlon=51.40485#map=17/35.69219/51.40485,C
منطقه ۱۱ شهر تهران,شیخ هادی,tehran:m1104,اختصاصی,service,0.11,0.0,54.14,-8.7,43.69,35.69,51.41,https://www.openstreetmap.org/?mlat=35.69348&mlon=51.40611#map=17/35.69348/51.40611,C
منطقه ۱۱ شهر تهران,آذربایجان,tehran:m1105,رئوف فلاح زادگان,residential,0.2,49.69,54.01,-6.1,56.61,35.7,51.4,https://www.openstreetmap.org/?mlat=35.69509&mlon=51.40298#map=17/35.69509/51.40298,C
منطقه ۱۱ شهر تهران,آذربایجان,tehran:m1105,شاهین,residential,0.12,62.55,53.86,-6.3,59.31,35.69,51.4,https://www.openstreetmap.org/?mlat=35.69479&mlon=51.40265#map=17/35.69479/51.40265,C
منطقه ۱۱ شهر تهران,آذربایجان,tehran:m1105,لقمان الدوله ادهم,residential,0.2,62.55,54.0,-6.1,59.5,35.69,51.4,https://www.openstreetmap.org/?mlat=35.69329&mlon=51.40270#map=17/35.69329/51.40270,C
منطقه ۱۱ شهر تهران,آذربایجان,tehran:m1105,بوذرجمهر,residential,0.17,62.55,54.33,-5.5,59.98,35.69,51.4,https://www.openstreetmap.org/?mlat=35.69295&mlon=51.40270#map=17/35.69295/51.40270,C
منطقه ۱۱ شهر تهران,آذربایجان,tehran:m1105,محسن حقیقت بیان,residential,0.13,79.64,53.59,-6.8,63.07,35.69,51.39,https://www.openstreetmap.org/?mlat=35.69472&mlon=51.39277#map=17/35.69472/51.39277,C
منطقه ۱۱ شهر تهران,آذربایجان,tehran:m1105,رحیم نیکوکار,residential,0.14,81.29,54.24,-5.7,64.31,35.69,51.39,https://www.openstreetmap.org/?mlat=35.69426&mlon=51.39288#map=17/35.69426/51.39288,C
منطقه ۱۱ شهر تهران,اسکندری,tehran:m1108,کمیل,tertiary,0.32,98.21,49.79,-8.6,60.67,35.68,51.38,https://www.openstreetmap.org/?mlat=35.68201&mlon=51.38205#map=17/35.68201/51.38205,B
منطقه ۱۱ شهر تهران,اسکندری,tehran:m1108,مطلبی,residential,0.22,135.2,49.89,-8.5,68.64,35.68,51.38,https://www.openstreetmap.org/?mlat=35.68303&mlon=51.38254#map=17/35.68303/51.38254,B
منطقه ۱۱ شهر تهران,اسکندری,tehran:m1108,خوشیاران شمالی,residential,0.33,142.38,50.89,-6.6,71.81,35.68,51.38,https://www.openstreetmap.org/?mlat=35.68337&mlon=51.38056#map=17/35.68337/51.38056,B
منطقه ۱۱ شهر تهران,اسکندری,tehran:m1108,مهدی محدث,residential,0.26,152.83,50.52,-7.3,72.36,35.68,51.38,https://www.openstreetmap.org/?mlat=35.68377&mlon=51.38198#map=17/35.68377/51.38198,B
منطقه ۱۱ شهر تهران,اسکندری,tehran:m1108,اخلاقی,residential,0.33,148.11,50.88,-6.6,72.51,35.68,51.38,https://www.openstreetmap.org/?mlat=35.68340&mlon=51.38086#map=17/35.68340/51.38086,B
منطقه ۱۱ شهر تهران,اسکندری,tehran:m1108,خوش مقام,residential,0.32,152.83,50.7,-7.0,72.72,35.68,51.38,https://www.openstreetmap.org/?mlat=35.68347&mlon=51.38150#map=17/35.68347/51.38150,B
منطقه ۱۱ شهر تهران,مخصوص,tehran:m1110,رضا,residential,0.13,72.44,47.54,-3.0,50.03,35.68,51.39,https://www.openstreetmap.org/?mlat=35.68014&mlon=51.38708#map=17/35.68014/51.38708,B
منطقه ۱۱ شهر تهران,مخصوص,tehran:m1110,رضا استادزاده,residential,0.13,72.44,47.7,-2.6,50.34,35.68,51.39,https://www.openstreetmap.org/?mlat=35.67958&mlon=51.38681#map=17/35.67958/51.38681,B
منطقه ۱۱ شهر تهران,مخصوص,tehran:m1110,حسنعلی کریمی,residential,0.26,73.14,47.77,-2.5,50.55,35.68,51.39,https://www.openstreetmap.org/?mlat=35.68060&mlon=51.39238#map=17/35.68060/51.39238,B
منطقه ۱۱ شهر تهران,مخصوص,tehran:m1110,محمود نقیبی,residential,0.32,78.52,47.2,-3.6,50.9,35.68,51.39,https://www.openstreetmap.org/?mlat=35.67983&mlon=51.38502#map=17/35.67983/51.38502,B
منطقه ۱۱ شهر تهران,مخصوص,tehran:m1110,اناری تفت,residential,0.29,79.27,47.26,-3.5,51.24,35.68,51.39,https://www.openstreetmap.org/?mlat=35.67960&mlon=51.38607#map=17/35.67960/51.38607,B
منطقه ۱۱ شهر تهران,مخصوص,tehran:m1110,ملایری,residential,0.15,72.44,48.96,-0.1,52.76,35.68,51.39,https://www.openstreetmap.org/?mlat=35.67984&mlon=51.39016#map=17/35.67984/51.39016,B
منطقه ۱۰ شهر تهران,کارون جنوبی,tehran:m1005,انصاری,residential,0.21,48.89,40.73,-3.4,28.24,35.68,51.37,https://www.openstreetmap.org/?mlat=35.68478&mlon=51.36570#map=17/35.68478/51.36570,B
منطقه ۱۰ شهر تهران,کارون جنوبی,tehran:m1005,اسد مردی,residential,0.13,37.38,41.68,-1.2,28.51,35.69,51.37,https://www.openstreetmap.org/?mlat=35.68906&mlon=51.36544#map=17/35.68906/51.36544,B
منطقه ۱۰ شهر تهران,کارون جنوبی,tehran:m1005,حمید گروسی,residential,0.14,63.36,39.77,-5.7,29.06,35.68,51.37,https://www.openstreetmap.org/?mlat=35.68132&mlon=51.36530#map=17/35.68132/51.36530,B
منطقه ۱۰ شهر تهران,کارون جنوبی,tehran:m1005,معینی,service,0.12,59.35,40.24,-4.6,29.4,35.68,51.37,https://www.openstreetmap.org/?mlat=35.68139&mlon=51.36585#map=17/35.68139/51.36585,B
منطقه ۱۰ شهر تهران,کارون جنوبی,tehran:m1005,غفرانی,residential,0.12,63.36,40.08,-5.0,29.88,35.68,51.37,https://www.openstreetmap.org/?mlat=35.68126&mlon=51.36568#map=17/35.68126/51.36568,B
منطقه ۱۰ شهر تهران,کارون جنوبی,tehran:m1005,محمد خانی,residential,0.13,37.93,42.21,0.1,30.0,35.69,51.37,https://www.openstreetmap.org/?mlat=35.68943&mlon=51.36798#map=17/35.68943/51.36798,B
منطقه ۱۰ شهر تهران,سلسبیل شمالی,tehran:m1003,اشتری,residential,0.13,0.0,43.67,-11.4,22.93,35.69,51.37,https://www.openstreetmap.org/?mlat=35.69252&mlon=51.37064#map=17/35.69252/51.37064,C
منطقه ۱۰ شهر تهران,سلسبیل شمالی,tehran:m1003,قصرالدشت,tertiary,0.54,0.0,43.68,-11.4,22.94,35.7,51.37,https://www.openstreetmap.org/?mlat=35.69602&mlon=51.36938#map=17/35.69602/51.36938,C
منطقه ۱۰ شهر تهران,سلسبیل شمالی,tehran:m1003,سلماسی,residential,0.2,0.0,43.83,-11.1,23.28,35.69,51.37,https://www.openstreetmap.org/?mlat=35.69103&mlon=51.37081#map=17/35.69103/51.37081,C
منطقه ۱۰ شهر تهران,سلسبیل شمالی,tehran:m1003,احمدی,residential,0.13,0.0,43.91,-11.0,23.47,35.69,51.37,https://www.openstreetmap.org/?mlat=35.69065&mlon=51.37092#map=17/35.69065/51.37092,C
منطقه ۱۰ شهر تهران,سلسبیل شمالی,tehran:m1003,شهیدی,tertiary,0.28,0.0,44.4,-10.0,24.47,35.69,51.37,https://www.openstreetmap.org/?mlat=35.69301&mlon=51.37127#map=17/35.69301/51.37127,C
منطقه ۱۰ شهر تهران,سلسبیل شمالی,tehran:m1003,راستگو,residential,0.18,0.0,44.52,-9.7,24.74,35.69,51.37,https://www.openstreetmap.org/?mlat=35.69102&mlon=51.37158#map=17/35.69102/51.37158,C
منطقه ۱۰ شهر تهران,بریانک,tehran:m1010,علیرضا غفاری,residential,0.14,70.27,47.34,-7.4,49.14,35.68,51.37,https://www.openstreetmap.org/?mlat=35.67954&mlon=51.37368#map=17/35.67954/51.37368,A
منطقه ۱۰ شهر تهران,بریانک,tehran:m1010,اسماعیلی,residential,0.13,70.27,47.36,-7.4,49.19,35.68,51.37,https://www.openstreetmap.org/?mlat=35.68012&mlon=51.37355#map=17/35.68012/51.37355,A
منطقه ۱۰ شهر تهران,بریانک,tehran:m1010,سیدحمید کاشفی,residential,0.1,70.27,47.53,-7.1,49.54,35.68,51.37,https://www.openstreetmap.org/?mlat=35.67975&mlon=51.37380#map=17/35.67975/51.37380,A
منطقه ۱۰ شهر تهران,بریانک,tehran:m1010,خوش,tertiary,0.25,70.27,48.22,-5.7,50.86,35.68,51.37,https://www.openstreetmap.org/?mlat=35.68027&mlon=51.37430#map=17/35.68027/51.37430,A
منطقه ۱۰ شهر تهران,بریانک,tehran:m1010,حسین زیوری,residential,0.1,70.27,48.8,-4.6,51.96,35.68,51.37,https://www.openstreetmap.org/?mlat=35.68007&mlon=51.37487#map=17/35.68007/51.37487,A
منطقه ۱۰ شهر تهران,بریانک,tehran:m1010,محمدرضا نجاتی,residential,0.12,70.27,48.89,-4.4,52.14,35.68,51.37,https://www.openstreetmap.org/?mlat=35.67960&mlon=51.37499#map=17/35.67960/51.37499,A
منطقه ۱۰ شهر تهران,هفت چنار,tehran:m1009,هاشم نیکبخت,residential,0.1,28.97,37.56,-6.8,16.7,35.68,51.36,https://www.openstreetmap.org/?mlat=35.68005&mlon=51.36279#map=17/35.68005/51.36279,A
منطقه ۱۰ شهر تهران,هفت چنار,tehran:m1009,نعمتی,residential,0.12,28.97,37.62,-6.7,16.78,35.68,51.36,https://www.openstreetmap.org/?mlat=35.67999&mlon=51.36311#map=17/35.67999/51.36311,A
منطقه ۱۰ شهر تهران,هفت چنار,tehran:m1009,مؤذن,residential,0.1,34.55,37.66,-6.6,18.16,35.68,51.36,https://www.openstreetmap.org/?mlat=35.67966&mlon=51.36405#map=17/35.67966/51.36405,A
منطقه ۱۰ شهر تهران,هفت چنار,tehran:m1009,هادی غفاری,residential,0.13,34.55,37.7,-6.4,18.21,35.68,51.36,https://www.openstreetmap.org/?mlat=35.67998&mlon=51.36339#map=17/35.67998/51.36339,A
منطقه ۱۰ شهر تهران,هفت چنار,tehran:m1009,جیحون,tertiary,0.48,38.42,37.8,-6.2,19.26,35.68,51.36,https://www.openstreetmap.org/?mlat=35.67958&mlon=51.36462#map=17/35.67958/51.36462,A
منطقه ۱۰ شهر تهران,هفت چنار,tehran:m1009,کمیل,tertiary,0.24,34.7,38.39,-4.7,19.36,35.68,51.36,https://www.openstreetmap.org/?mlat=35.68059&mlon=51.36386#map=17/35.68059/51.36386,A
منطقه ۱۱ شهر تهران,حر,tehran:m1107,پنجم,residential,0.36,202.33,47.24,-13.2,71.81,35.68,51.39,https://www.openstreetmap.org/?mlat=35.68140&mlon=51.38647#map=17/35.68140/51.38647,C
منطقه ۱۱ شهر تهران,حر,tehran:m1107,رابرت لازار,residential,0.22,213.35,47.31,-13.1,72.66,35.68,51.39,https://www.openstreetmap.org/?mlat=35.68191&mlon=51.38624#map=17/35.68191/51.38624,C
منطقه ۱۱ شهر تهران,حر,tehran:m1107,ششم,residential,0.36,224.96,47.59,-12.6,73.81,35.68,51.39,https://www.openstreetmap.org/?mlat=35.68153&mlon=51.38750#map=17/35.68153/51.38750,C
منطقه ۱۱ شهر تهران,حر,tehran:m1107,بادرود,residential,0.18,224.96,48.02,-11.8,74.62,35.68,51.39,https://www.openstreetmap.org/?mlat=35.68143&mlon=51.38820#map=17/35.68143/51.38820,C
منطقه ۱۱ شهر تهران,حر,tehran:m1107,مجید برکم,residential,0.25,224.96,48.1,-11.6,74.77,35.68,51.39,https://www.openstreetmap.org/?mlat=35.68216&mlon=51.38710#map=17/35.68216/51.38710,C
منطقه ۱۱ شهر تهران,حر,tehran:m1107,چهارم,residential,0.14,208.33,48.65,-10.6,74.95,35.68,51.38,https://www.openstreetmap.org/?mlat=35.68290&mlon=51.38423#map=17/35.68290/51.38423,C
منطقه ۱۱ شهر تهران,منیریه,tehran:m1106,جهانبانی,service,0.1,55.54,42.31,-14.0,34.4,35.68,51.4,https://www.openstreetmap.org/?mlat=35.68093&mlon=51.40350#map=17/35.68093/51.40350,B
منطقه ۱۱ شهر تهران,منیریه,tehran:m1106,بلندیان کاشی,residential,0.23,103.54,43.11,-12.4,47.83,35.68,51.4,https://www.openstreetmap.org/?mlat=35.68116&mlon=51.40480#map=17/35.68116/51.40480,B
منطقه ۱۱ شهر تهران,منیریه,tehran:m1106,فردوس,residential,0.4,103.54,44.01,-10.6,49.81,35.68,51.4,https://www.openstreetmap.org/?mlat=35.68181&mlon=51.40434#map=17/35.68181/51.40434,B
منطقه ۱۱ شهر تهران,منیریه,tehran:m1106,سهیلی,residential,0.19,103.54,44.08,-10.4,50.0,35.68,51.4,https://www.openstreetmap.org/?mlat=35.68210&mlon=51.40291#map=17/35.68210/51.40291,B
منطقه ۱۱ شهر تهران,منیریه,tehran:m1106,قاسمی,residential,0.12,103.54,44.42,-9.7,50.68,35.68,51.4,https://www.openstreetmap.org/?mlat=35.68191&mlon=51.40471#map=17/35.68191/51.40471,B
منطقه ۱۱ شهر تهران,منیریه,tehran:m1106,راستی,residential,0.12,103.54,44.68,-9.2,51.36,35.68,51.4,https://www.openstreetmap.org/?mlat=35.68202&mlon=51.40483#map=17/35.68202/51.40483,B
منطقه ۱۱ شهر تهران,امیریه,tehran:m1111,هجدهم,residential,0.3,0.0,39.83,-4.4,12.76,35.68,51.4,https://www.openstreetmap.org/?mlat=35.67658&mlon=51.40230#map=17/35.67658/51.40230,B
منطقه ۱۱ شهر تهران,امیریه,tehran:m1111,بسطامی,residential,0.18,0.0,39.85,-4.3,12.8,35.68,51.4,https://www.openstreetmap.org/?mlat=35.67696&mlon=51.40163#map=17/35.67696/51.40163,B
منطقه ۱۱ شهر تهران,امیریه,tehran:m1111,نژاد دادگر,residential,0.2,0.0,39.91,-4.2,12.96,35.68,51.4,https://www.openstreetmap.org/?mlat=35.67700&mlon=51.40315#map=17/35.67700/51.40315,B
منطقه ۱۱ شهر تهران,امیریه,tehran:m1111,فروغی,residential,0.11,0.0,39.99,-4.0,13.18,35.68,51.4,https://www.openstreetmap.org/?mlat=35.67778&mlon=51.40173#map=17/35.67778/51.40173,B
منطقه ۱۱ شهر تهران,امیریه,tehran:m1111,کسری,residential,0.14,0.0,40.12,-3.7,13.56,35.68,51.4,https://www.openstreetmap.org/?mlat=35.67713&mlon=51.40492#map=17/35.67713/51.40492,B
منطقه ۱۱ شهر تهران,امیریه,tehran:m1111,اهلی شیرازی,residential,0.29,0.0,40.14,-3.7,13.58,35.68,51.4,https://www.openstreetmap.org/?mlat=35.67611&mlon=51.40243#map=17/35.67611/51.40243,B
منطقه ۱۲ شهر تهران,سنگلج,tehran:m1208,پهناور,residential,0.13,0.0,41.41,-5.8,17.24,35.68,51.41,https://www.openstreetmap.org/?mlat=35.67622&mlon=51.41157#map=17/35.67622/51.41157,C
منطقه ۱۲ شهر تهران,سنگلج,tehran:m1208,حمامی,residential,0.23,0.0,41.43,-5.7,17.31,35.68,51.41,https://www.openstreetmap.org/?mlat=35.67692&mlon=51.41121#map=17/35.67692/51.41121,C
منطقه ۱۲ شهر تهران,سنگلج,tehran:m1208,محمد علیمردانیان,service,0.1,0.0,41.5,-5.6,17.51,35.68,51.41,https://www.openstreetmap.org/?mlat=35.67548&mlon=51.41156#map=17/35.67548/51.41156,C
منطقه ۱۲ شهر تهران,سنگلج,tehran:m1208,مقدم,residential,0.12,0.0,41.73,-5.1,18.13,35.67,51.41,https://www.openstreetmap.org/?mlat=35.67474&mlon=51.41176#map=17/35.67474/51.41176,C
منطقه ۱۲ شهر تهران,سنگلج,tehran:m1208,امیر مغفوری,residential,0.37,0.0,42.08,-4.3,19.06,35.67,51.41,https://www.openstreetmap.org/?mlat=35.67417&mlon=51.41213#map=17/35.67417/51.41213,C
منطقه ۱۲ شهر تهران,سنگلج,tehran:m1208,ساداتیه,service,0.11,0.0,42.22,-3.9,19.4,35.68,51.41,https://www.openstreetmap.org/?mlat=35.67703&mlon=51.41236#map=17/35.67703/51.41236,C
منطقه ۱۲ شهر تهران,هرندی,tehran:m1212,ناصر شمس,residential,0.17,66.69,42.57,-22.7,37.47,35.67,51.43,https://www.openstreetmap.org/?mlat=35.66830&mlon=51.43459#map=17/35.66830/51.43459,B
منطقه ۱۲ شهر تهران,هرندی,tehran:m1212,راستی,residential,0.17,66.69,42.67,-22.5,37.73,35.67,51.43,https://www.openstreetmap.org/?mlat=35.66754&mlon=51.43438#map=17/35.66754/51.43438,B
منطقه ۱۲ شهر تهران,هرندی,tehran:m1212,محمد سعیدی,residential,0.17,66.69,42.94,-22.0,38.43,35.67,51.43,https://www.openstreetmap.org/?mlat=35.66766&mlon=51.43397#map=17/35.66766/51.43397,B
منطقه ۱۲ شهر تهران,هرندی,tehran:m1212,محمود ناظم الحسینی,residential,0.11,66.69,43.16,-21.6,38.98,35.67,51.43,https://www.openstreetmap.org/?mlat=35.66642&mlon=51.43377#map=17/35.66642/51.43377,B
منطقه ۱۲ شهر تهران,هرندی,tehran:m1212,عباس آزادی,residential,0.34,57.98,44.21,-19.7,39.33,35.67,51.43,https://www.openstreetmap.org/?mlat=35.66802&mlon=51.43201#map=17/35.66802/51.43201,B
منطقه ۱۲ شهر تهران,هرندی,tehran:m1212,رضا آزادی,residential,0.3,70.72,43.25,-21.4,40.05,35.67,51.43,https://www.openstreetmap.org/?mlat=35.66832&mlon=51.43363#map=17/35.66832/51.43363,B
منطقه ۱۲ شهر تهران,بازار,tehran:m1209,مهدوی,residential,0.26,0.0,43.41,-5.5,22.39,35.67,51.42,https://www.openstreetmap.org/?mlat=35.67113&mlon=51.42088#map=17/35.67113/51.42088,C
منطقه ۱۲ شهر تهران,بازار,tehran:m1209,محی الدین صرافها,residential,0.17,0.0,43.57,-5.2,22.73,35.67,51.42,https://www.openstreetmap.org/?mlat=35.67024&mlon=51.42394#map=17/35.67024/51.42394,C
منطقه ۱۲ شهر تهران,بازار,tehran:m1209,سید اسماعیل اول,residential,0.11,0.0,43.88,-4.5,23.38,35.67,51.43,https://www.openstreetmap.org/?mlat=35.67178&mlon=51.42894#map=17/35.67178/51.42894,C
منطقه ۱۲ شهر تهران,بازار,tehran:m1209,حسینیه رضا کاشی,residential,0.2,0.0,44.0,-4.3,23.62,35.67,51.42,https://www.openstreetmap.org/?mlat=35.67037&mlon=51.42193#map=17/35.67037/51.42193,C
منطقه ۱۲ شهر تهران,بازار,tehran:m1209,برادران سید آقا,residential,0.11,0.0,44.03,-4.2,23.69,35.67,51.42,https://www.openstreetmap.org/?mlat=35.66992&mlon=51.42282#map=17/35.66992/51.42282,C
منطقه ۱۲ شهر تهران,بازار,tehran:m1209,مال فروشها,residential,0.19,0.0,44.15,-3.9,23.95,35.67,51.43,https://www.openstreetmap.org/?mlat=35.67050&mlon=51.42877#map=17/35.67050/51.42877,C
منطقه ۱۴ شهر تهران,خاوران,tehran:m1423,حسینی,residential,0.28,47.49,38.96,-4.5,23.4,35.67,51.46,https://www.openstreetmap.org/?mlat=35.66672&mlon=51.45708#map=17/35.66672/51.45708,A
منطقه ۱۴ شهر تهران,خاوران,tehran:m1423,رضا صالحیان,residential,0.12,47.49,39.09,-4.2,23.62,35.67,51.46,https://www.openstreetmap.org/?mlat=35.66702&mlon=51.45520#map=17/35.66702/51.45520,A
منطقه ۱۴ شهر تهران,خاوران,tehran:m1423,بختیاری,residential,0.1,47.49,39.48,-3.3,24.53,35.67,51.46,https://www.openstreetmap.org/?mlat=35.66566&mlon=51.45672#map=17/35.66566/51.45672,A
منطقه ۱۴ شهر تهران,خاوران,tehran:m1423,روحانی,residential,0.22,47.49,39.55,-3.1,24.64,35.67,51.45,https://www.openstreetmap.org/?mlat=35.66726&mlon=51.45399#map=17/35.66726/51.45399,A
منطقه ۱۴ شهر تهران,خاوران,tehran:m1423,شهباز من,residential,0.14,47.49,39.55,-3.1,24.7,35.67,51.46,https://www.openstreetmap.org/?mlat=35.66570&mlon=51.45564#map=17/35.66570/51.45564,A
منطقه ۱۴ شهر تهران,خاوران,tehran:m1423,جواد هاشمی پور,residential,0.11,47.49,39.74,-2.6,25.14,35.67,51.46,https://www.openstreetmap.org/?mlat=35.66548&mlon=51.45741#map=17/35.66548/51.45741,A
منطقه ۱۴ شهر تهران,تاکسیرانی,tehran:m1418,گلابتون,tertiary,0.18,206.18,45.97,-12.1,69.34,35.67,51.48,https://www.openstreetmap.org/?mlat=35.67451&mlon=51.48173#map=17/35.67451/51.48173,C
منطقه ۱۴ شهر تهران,تاکسیرانی,tehran:m1418,شهید خیرالهی,residential,0.13,153.14,49.08,-6.1,69.56,35.67,51.48,https://www.openstreetmap.org/?mlat=35.66898&mlon=51.48220#map=17/35.66898/51.48220,C
منطقه ۱۴ شهر تهران,تاکسیرانی,tehran:m1418,امام حسن یکم,residential,0.19,206.18,46.28,-11.5,70.08,35.67,51.48,https://www.openstreetmap.org/?mlat=35.67385&mlon=51.48174#map=17/35.67385/51.48174,C
منطقه ۱۴ شهر تهران,تاکسیرانی,tehran:m1418,نوبخت,residential,0.13,206.18,46.65,-10.8,70.91,35.67,51.48,https://www.openstreetmap.org/?mlat=35.67345&mlon=51.48200#map=17/35.67345/51.48200,C
منطقه ۱۴ شهر تهران,تاکسیرانی,tehran:m1418,حمیدرضا نظام,residential,0.13,206.18,46.95,-10.2,71.49,35.67,51.48,https://www.openstreetmap.org/?mlat=35.67298&mlon=51.48204#map=17/35.67298/51.48204,C
منطقه ۱۴ شهر تهران,تاکسیرانی,tehran:m1418,امام حسن چهارم,residential,0.19,206.18,47.03,-10.1,71.65,35.67,51.48,https://www.openstreetmap.org/?mlat=35.67257&mlon=51.48188#map=17/35.67257/51.48188,C
منطقه ۱۶ شهر تهران,خزانه,tehran:m1604,عباس رفیع پور,residential,0.33,51.03,37.72,-18.3,21.92,35.63,51.43,https://www.openstreetmap.org/?mlat=35.63311&mlon=51.42534#map=17/35.63311/51.42534,A
منطقه ۱۶ شهر تهران,خزانه,tehran:m1604,خرداد,residential,0.11,51.03,37.85,-18.1,22.16,35.63,51.43,https://www.openstreetmap.org/?mlat=35.63318&mlon=51.42517#map=17/35.63318/51.42517,A
منطقه ۱۶ شهر تهران,خزانه,tehran:m1604,قنبر ثامنی,residential,0.27,51.03,38.35,-17.0,22.99,35.63,51.42,https://www.openstreetmap.org/?mlat=35.63350&mlon=51.42465#map=17/35.63350/51.42465,A
منطقه ۱۶ شهر تهران,خزانه,tehran:m1604,اردیبهشت,residential,0.15,51.03,38.38,-16.9,23.02,35.63,51.42,https://www.openstreetmap.org/?mlat=35.63362&mlon=51.42497#map=17/35.63362/51.42497,A
منطقه ۱۶ شهر تهران,خزانه,tehran:m1604,جمشید ورمه چناری,residential,0.24,51.03,39.08,-15.4,24.46,35.63,51.42,https://www.openstreetmap.org/?mlat=35.63335&mlon=51.42271#map=17/35.63335/51.42271,A
منطقه ۱۶ شهر تهران,خزانه,tehran:m1604,سلحشور مقدم,tertiary,0.36,60.89,38.1,-17.5,24.82,35.63,51.42,https://www.openstreetmap.org/?mlat=35.63297&mlon=51.42374#map=17/35.63297/51.42374,A
منطقه ۱۶ شهر تهران,باغ آذری,tehran:m1602,بیست و یکم,residential,0.11,161.38,46.02,-7.8,64.45,35.65,51.43,https://www.openstreetmap.org/?mlat=35.65253&mlon=51.43215#map=17/35.65253/51.43215,B
منطقه ۱۶ شهر تهران,باغ آذری,tehran:m1602,انوشیروان,residential,0.1,190.53,44.56,-10.7,64.47,35.65,51.43,https://www.openstreetmap.org/?mlat=35.64689&mlon=51.43318#map=17/35.64689/51.43318,B
منطقه ۱۶ شهر تهران,باغ آذری,tehran:m1602,حسین امام قلیان,residential,0.32,190.53,44.69,-10.4,64.83,35.65,51.43,https://www.openstreetmap.org/?mlat=35.64720&mlon=51.43314#map=17/35.64720/51.43314,B
منطقه ۱۶ شهر تهران,باغ آذری,tehran:m1602,بیستم,residential,0.11,161.38,46.21,-7.4,64.9,35.65,51.43,https://www.openstreetmap.org/?mlat=35.65272&mlon=51.43211#map=17/35.65272/51.43211,B
منطقه ۱۶ شهر تهران,باغ آذری,tehran:m1602,بیست و هشتم,residential,0.12,181.2,45.29,-9.2,65.37,35.65,51.43,https://www.openstreetmap.org/?mlat=35.64936&mlon=51.43285#map=17/35.64936/51.43285,B
منطقه ۱۶ شهر تهران,باغ آذری,tehran:m1602,بیست و هفتم,residential,0.12,181.2,45.3,-9.2,65.41,35.65,51.43,https://www.openstreetmap.org/?mlat=35.64955&mlon=51.43283#map=17/35.64955/51.43283,B
منطقه ۱۹ شهر تهران,بهمنیار,tehran:m1905,حافظ شرقی,residential,0.14,25.38,35.8,-8.6,14.12,35.63,51.4,https://www.openstreetmap.org/?mlat=35.62795&mlon=51.39900#map=17/35.62795/51.39900,B
منطقه ۱۹ شهر تهران,بهمنیار,tehran:m1905,مدرسه,residential,0.34,25.38,36.31,-7.3,14.56,35.63,51.4,https://www.openstreetmap.org/?mlat=35.62549&mlon=51.39896#map=17/35.62549/51.39896,B
منطقه ۱۹ شهر تهران,بهمنیار,tehran:m1905,حافظ,residential,0.26,25.38,36.41,-7.1,14.68,35.63,51.4,https://www.openstreetmap.org/?mlat=35.62759&mlon=51.39818#map=17/35.62759/51.39818,B
منطقه ۱۹ شهر تهران,بهمنیار,tehran:m1905,فارسی,residential,0.13,25.38,36.85,-5.9,15.15,35.63,51.4,https://www.openstreetmap.org/?mlat=35.62601&mlon=51.39773#map=17/35.62601/51.39773,B
منطقه ۱۹ شهر تهران,بهمنیار,tehran:m1905,سعدی,residential,0.27,25.38,36.92,-5.8,15.2,35.63,51.4,https://www.openstreetmap.org/?mlat=35.62802&mlon=51.39769#map=17/35.62802/51.39769,B
منطقه ۱۹ شهر تهران,بهمنیار,tehran:m1905,حافظ غربی,residential,0.2,25.38,37.41,-4.5,15.81,35.63,51.4,https://www.openstreetmap.org/?mlat=35.62714&mlon=51.39723#map=17/35.62714/51.39723,B
منطقه ۱۶ شهر تهران,یاخجی آباد - رضوان,tehran:m1607,صحرایی سوری,residential,0.24,0.0,36.57,-2.1,7.04,35.63,51.4,https://www.openstreetmap.org/?mlat=35.63268&mlon=51.39868#map=17/35.63268/51.39868,B
منطقه ۱۶ شهر تهران,یاخجی آباد - رضوان,tehran:m1607,تورج هاشمی,residential,0.24,0.0,36.59,-2.0,7.05,35.63,51.4,https://www.openstreetmap.org/?mlat=35.63228&mlon=51.39831#map=17/35.63228/51.39831,B
منطقه ۱۶ شهر تهران,یاخجی آباد - رضوان,tehran:m1607,پور سیف الهی,residential,0.24,0.0,36.61,-2.0,7.08,35.63,51.4,https://www.openstreetmap.org/?mlat=35.63308&mlon=51.39906#map=17/35.63308/51.39906,B
منطقه ۱۶ شهر تهران,یاخجی آباد - رضوان,tehran:m1607,جلال فرهادی,residential,0.24,0.0,36.66,-1.8,7.14,35.63,51.4,https://www.openstreetmap.org/?mlat=35.63186&mlon=51.39793#map=17/35.63186/51.39793,B
منطقه ۱۶ شهر تهران,یاخجی آباد - رضوان,tehran:m1607,سیروس پیشا,residential,0.24,0.0,36.72,-1.7,7.2,35.63,51.4,https://www.openstreetmap.org/?mlat=35.63351&mlon=51.39946#map=17/35.63351/51.39946,B
منطقه ۱۶ شهر تهران,یاخجی آباد - رضوان,tehran:m1607,محمود فلاح,tertiary,0.41,0.0,37.17,-0.5,7.71,35.63,51.4,https://www.openstreetmap.org/?mlat=35.63405&mlon=51.39858#map=17/35.63405/51.39858,B
منطقه ۱۶ شهر تهران,جوادیه (زمانی),tehran:m1601,بهمن نوری,residential,0.1,0.0,33.06,-18.0,4.79,35.65,51.39,https://www.openstreetmap.org/?mlat=35.65259&mlon=51.38623#map=17/35.65259/51.38623,C
منطقه ۱۶ شهر تهران,جوادیه (زمانی),tehran:m1601,بهمن محرمی,residential,0.13,0.0,33.07,-18.0,4.8,35.65,51.39,https://www.openstreetmap.org/?mlat=35.65282&mlon=51.38590#map=17/35.65282/51.38590,C
منطقه ۱۶ شهر تهران,جوادیه (زمانی),tehran:m1601,ابراهیم زاده,residential,0.15,0.0,33.22,-17.6,4.88,35.65,51.39,https://www.openstreetmap.org/?mlat=35.65309&mlon=51.38560#map=17/35.65309/51.38560,C
منطقه ۱۶ شهر تهران,جوادیه (زمانی),tehran:m1601,علی نوری,residential,0.17,0.0,33.42,-17.1,4.99,35.65,51.39,https://www.openstreetmap.org/?mlat=35.65334&mlon=51.38528#map=17/35.65334/51.38528,C
منطقه ۱۶ شهر تهران,جوادیه (زمانی),tehran:m1601,مظاهری,residential,0.18,0.0,33.78,-16.2,5.13,35.65,51.39,https://www.openstreetmap.org/?mlat=35.65362&mlon=51.38504#map=17/35.65362/51.38504,C
منطقه ۱۶ شهر تهران,جوادیه (زمانی),tehran:m1601,طالقانی,residential,0.19,0.0,34.31,-14.9,5.41,35.65,51.38,https://www.openstreetmap.org/?mlat=35.65397&mlon=51.38467#map=17/35.65397/51.38467,C
منطقه ۱۵ شهر تهران,افسریه شمالی,tehran:m1505,ماشااله زینتی شاهی ۲۴,residential,0.23,0.0,36.78,-2.1,7.26,35.65,51.49,https://www.openstreetmap.org/?mlat=35.65255&mlon=51.48872#map=17/35.65255/51.48872,A
منطقه ۱۵ شهر تهران,افسریه شمالی,tehran:m1505,رئیسی ۳۳,residential,0.23,13.91,36.11,-3.9,11.87,35.66,51.49,https://www.openstreetmap.org/?mlat=35.65696&mlon=51.49029#map=17/35.65696/51.49029,A
منطقه ۱۵ شهر تهران,افسریه شمالی,tehran:m1505,هوشمند کریمی ۴۲,residential,0.89,19.6,38.73,3.1,16.79,35.66,51.5,https://www.openstreetmap.org/?mlat=35.66007&mlon=51.49513#map=17/35.66007/51.49513,A
منطقه ۱۵ شهر تهران,افسریه شمالی,tehran:m1505,محمد حجتی فرود ۴۰,residential,0.76,32.65,37.28,-0.8,17.28,35.66,51.49,https://www.openstreetmap.org/?mlat=35.65936&mlon=51.49412#map=17/35.65936/51.49412,A
منطقه ۱۵ شهر تهران,افسریه شمالی,tehran:m1505,مصطفی صادقی ۴۳,residential,0.89,15.87,39.53,5.2,17.78,35.66,51.5,https://www.openstreetmap.org/?mlat=35.66049&mlon=51.49529#map=17/35.66049/51.49529,A
منطقه ۱۵ شهر تهران,افسریه شمالی,tehran:m1505,غلامعباس خسروی ۳۱,residential,1.01,41.68,36.57,-2.7,18.42,35.66,51.49,https://www.openstreetmap.org/?mlat=35.65516&mlon=51.49407#map=17/35.65516/51.49407,A
منطقه ۱۶ شهر تهران,شهرک بعثت,tehran:m1603,مهدی عراقی,tertiary,0.8,64.8,39.76,-6.7,29.41,35.64,51.43,https://www.openstreetmap.org/?mlat=35.63531&mlon=51.42596#map=17/35.63531/51.42596,C
منطقه ۱۶ شهر تهران,شهرک بعثت,tehran:m1603,شهریاری,residential,0.43,214.44,37.78,-11.3,50.05,35.63,51.43,https://www.openstreetmap.org/?mlat=35.63053&mlon=51.43357#map=17/35.63053/51.43357,C
منطقه ۱۶ شهر تهران,شهرک بعثت,tehran:m1603,بعثت,residential,0.44,214.44,38.94,-8.6,52.24,35.63,51.43,https://www.openstreetmap.org/?mlat=35.63232&mlon=51.43178#map=17/35.63232/51.43178,C
منطقه ۱۶ شهر تهران,شهرک بعثت,tehran:m1603,ششم غربی,residential,0.11,193.36,39.73,-6.8,52.46,35.63,51.43,https://www.openstreetmap.org/?mlat=35.63454&mlon=51.42879#map=17/35.63454/51.42879,C
منطقه ۱۶ شهر تهران,شهرک بعثت,tehran:m1603,جمال علیزاده,residential,0.14,195.7,40.54,-4.8,55.03,35.63,51.43,https://www.openstreetmap.org/?mlat=35.63449&mlon=51.43030#map=17/35.63449/51.43030,C
منطقه ۱۶ شهر تهران,شهرک بعثت,tehran:m1603,قاسم زنگنه,tertiary,0.54,188.97,40.96,-3.9,55.45,35.63,51.43,https://www.openstreetmap.org/?mlat=35.63425&mlon=51.43250#map=17/35.63425/51.43250,C
منطقه ۱۶ شهر تهران,تختی,tehran:m1608,حسین بازویی,residential,0.11,107.96,42.94,-5.9,48.48,35.63,51.42,https://www.openstreetmap.org/?mlat=35.63122&mlon=51.41733#map=17/35.63122/51.41733,C
منطقه ۱۶ شهر تهران,تختی,tehran:m1608,بهشتی سوم,residential,0.12,107.96,43.14,-5.4,49.01,35.63,51.42,https://www.openstreetmap.org/?mlat=35.63164&mlon=51.41719#map=17/35.63164/51.41719,C
منطقه ۱۶ شهر تهران,تختی,tehran:m1608,نعمت الله صفیاری,residential,0.12,107.96,43.2,-5.3,49.11,35.63,51.42,https://www.openstreetmap.org/?mlat=35.63076&mlon=51.41736#map=17/35.63076/51.41736,C
منطقه ۱۶ شهر تهران,تختی,tehran:m1608,بهشتی,residential,0.51,103.35,43.81,-3.9,49.28,35.63,51.42,https://www.openstreetmap.org/?mlat=35.63185&mlon=51.41659#map=17/35.63185/51.41659,C
منطقه ۱۶ شهر تهران,تختی,tehran:m1608,یکم,residential,0.12,107.96,43.31,-5.0,49.43,35.63,51.42,https://www.openstreetmap.org/?mlat=35.63210&mlon=51.41716#map=17/35.63210/51.41716,C
منطقه ۱۶ شهر تهران,تختی,tehran:m1608,رسول پور,residential,0.12,107.96,43.42,-4.8,49.65,35.63,51.42,https://www.openstreetmap.org/?mlat=35.63033&mlon=51.41743#map=17/35.63033/51.41743,C
منطقه ۱۶ شهر تهران,علی آباد,tehran:m1609,پنجم شرقی,residential,0.15,79.09,39.44,-4.0,31.91,35.63,51.42,https://www.openstreetmap.org/?mlat=35.63121&mlon=51.42068#map=17/35.63121/51.42068,B
منطقه ۱۶ شهر تهران,علی آباد,tehran:m1609,حامدی,residential,0.17,84.84,38.98,-5.2,32.02,35.63,51.42,https://www.openstreetmap.org/?mlat=35.63175&mlon=51.42139#map=17/35.63175/51.42139,B
منطقه ۱۶ شهر تهران,علی آباد,tehran:m1609,فاز ۲ دخانیات,unclassified,0.17,96.71,37.3,-9.3,32.06,35.63,51.42,https://www.openstreetmap.org/?mlat=35.62963&mlon=51.42324#map=17/35.62963/51.42324,B
منطقه ۱۶ شهر تهران,علی آباد,tehran:m1609,حسن علی یوسفی,residential,0.28,76.9,39.91,-2.9,32.41,35.63,51.42,https://www.openstreetmap.org/?mlat=35.63177&mlon=51.42064#map=17/35.63177/51.42064,B
منطقه ۱۶ شهر تهران,علی آباد,tehran:m1609,ششم شرقی,residential,0.15,80.18,39.59,-3.7,32.42,35.63,51.42,https://www.openstreetmap.org/?mlat=35.63079&mlon=51.42077#map=17/35.63079/51.42077,B
منطقه ۱۶ شهر تهران,علی آباد,tehran:m1609,چهارم شرقی,residential,0.15,79.05,39.7,-3.4,32.52,35.63,51.42,https://www.openstreetmap.org/?mlat=35.63156&mlon=51.42061#map=17/35.63156/51.42061,B
منطقه ۱۶ شهر تهران,نازی آباد,tehran:m1606,منوچهر نیکومرام,residential,0.26,48.7,40.01,-8.5,26.14,35.64,51.4,https://www.openstreetmap.org/?mlat=35.63714&mlon=51.40237#map=17/35.63714/51.40237,A
منطقه ۱۶ شهر تهران,نازی آباد,tehran:m1606,عباس گلچین راد,residential,0.12,48.7,40.46,-7.5,27.42,35.64,51.4,https://www.openstreetmap.org/?mlat=35.63526&mlon=51.40360#map=17/35.63526/51.40360,A
منطقه ۱۶ شهر تهران,نازی آباد,tehran:m1606,میدان بازار دوم,tertiary,0.13,48.7,40.54,-7.3,27.68,35.64,51.4,https://www.openstreetmap.org/?mlat=35.63786&mlon=51.40127#map=17/35.63786/51.40127,A
منطقه ۱۶ شهر تهران,نازی آباد,tehran:m1606,ترابی,residential,0.13,48.7,41.02,-6.2,28.97,35.64,51.4,https://www.openstreetmap.org/?mlat=35.63643&mlon=51.40345#map=17/35.63643/51.40345,A
منطقه ۱۶ شهر تهران,نازی آباد,tehran:m1606,میدان لاله,residential,0.12,48.7,41.78,-4.4,31.21,35.64,51.4,https://www.openstreetmap.org/?mlat=35.63520&mlon=51.40431#map=17/35.63520/51.40431,A
منطقه ۱۶ شهر تهران,نازی آباد,tehran:m1606,ابراهیمی,residential,0.12,61.73,40.76,-6.8,31.24,35.64,51.4,https://www.openstreetmap.org/?mlat=35.63702&mlon=51.40089#map=17/35.63702/51.40089,A
منطقه ۲۰ شهر تهران,جوانمرد قصاب,tehran:m2002,کنارگذر شهید رجایی,tertiary,0.77,112.35,35.91,-13.1,34.67,35.61,51.42,https://www.openstreetmap.org/?mlat=35.61034&mlon=51.41592#map=17/35.61034/51.41592,A
منطقه ۲۰ شهر تهران,جوانمرد قصاب,tehran:m2002,وهاب,residential,0.11,91.44,40.02,-3.1,36.23,35.61,51.43,https://www.openstreetmap.org/?mlat=35.61353&mlon=51.43328#map=17/35.61353/51.43328,A
منطقه ۲۰ شهر تهران,جوانمرد قصاب,tehran:m2002,عباس اکرم,residential,0.24,104.45,38.93,-5.8,37.12,35.61,51.42,https://www.openstreetmap.org/?mlat=35.60639&mlon=51.42207#map=17/35.60639/51.42207,A
منطقه ۲۰ شهر تهران,جوانمرد قصاب,tehran:m2002,قلعه ارامنه,residential,0.27,91.44,40.63,-1.6,37.99,35.61,51.43,https://www.openstreetmap.org/?mlat=35.61290&mlon=51.43355#map=17/35.61290/51.43355,A
منطقه ۲۰ شهر تهران,جوانمرد قصاب,tehran:m2002,سیدهاشم کریمی,residential,0.25,134.03,35.24,-14.7,38.2,35.61,51.42,https://www.openstreetmap.org/?mlat=35.60928&mlon=51.41760#map=17/35.60928/51.41760,A
منطقه ۲۰ شهر تهران,جوانمرد قصاب,tehran:m2002,سیزدهم,residential,0.67,91.34,40.94,-0.9,38.68,35.61,51.43,https://www.openstreetmap.org/?mlat=35.61259&mlon=51.43279#map=17/35.61259/51.43279,A
منطقه ۲۰ شهر تهران,دولت آباد,tehran:m2003,سوم,residential,0.11,0.0,29.2,-32.8,3.35,35.62,51.46,https://www.openstreetmap.org/?mlat=35.61722&mlon=51.46305#map=17/35.61722/51.46305,A
منطقه ۲۰ شهر تهران,دولت آباد,tehran:m2003,قادر آبادی,residential,0.15,0.0,33.81,-22.2,5.14,35.62,51.46,https://www.openstreetmap.org/?mlat=35.61829&mlon=51.46272#map=17/35.61829/51.46272,A
منطقه ۲۰ شهر تهران,دولت آباد,tehran:m2003,عقیق,residential,0.2,0.0,35.26,-18.9,5.95,35.62,51.46,https://www.openstreetmap.org/?mlat=35.61669&mlon=51.45940#map=17/35.61669/51.45940,A
منطقه ۲۰ شهر تهران,دولت آباد,tehran:m2003,عزیزی,residential,0.17,0.0,36.42,-16.2,6.9,35.62,51.46,https://www.openstreetmap.org/?mlat=35.61839&mlon=51.46188#map=17/35.61839/51.46188,A
منطقه ۲۰ شهر تهران,دولت آباد,tehran:m2003,علی قیصری,residential,0.23,0.0,37.86,-12.9,8.67,35.62,51.46,https://www.openstreetmap.org/?mlat=35.61758&mlon=51.45972#map=17/35.61758/51.45972,A
منطقه ۲۰ شهر تهران,دولت آباد,tehran:m2003,بیست و نهم,residential,0.13,0.0,37.98,-12.6,8.88,35.61,51.46,https://www.openstreetmap.org/?mlat=35.61472&mlon=51.45527#map=17/35.61472/51.45527,A
منطقه ۱۵ شهر تهران,مشیریه,tehran:m1516,رجایی ۴,residential,0.12,0.0,30.53,-26.9,3.77,35.61,51.49,https://www.openstreetmap.org/?mlat=35.61164&mlon=51.48730#map=17/35.61164/51.48730,B
منطقه ۱۵ شهر تهران,مشیریه,tehran:m1516,گلستان,residential,0.13,0.0,32.76,-21.5,4.64,35.61,51.49,https://www.openstreetmap.org/?mlat=35.61252&mlon=51.48658#map=17/35.61252/51.48658,B
منطقه ۱۵ شهر تهران,مشیریه,tehran:m1516,قریشی,residential,0.17,0.0,33.53,-19.7,5.04,35.61,51.49,https://www.openstreetmap.org/?mlat=35.61279&mlon=51.48591#map=17/35.61279/51.48591,B
منطقه ۱۵ شهر تهران,مشیریه,tehran:m1516,بهشتی,residential,0.16,0.0,33.62,-19.4,5.06,35.61,51.49,https://www.openstreetmap.org/?mlat=35.61281&mlon=51.48829#map=17/35.61281/51.48829,B
منطقه ۱۵ شهر تهران,مشیریه,tehran:m1516,محمد منتظری,residential,0.3,0.0,34.1,-18.3,5.3,35.61,51.49,https://www.openstreetmap.org/?mlat=35.61296&mlon=51.48733#map=17/35.61296/51.48733,B
منطقه ۱۵ شهر تهران,مشیریه,tehran:m1516,چمران,residential,0.13,0.0,34.13,-18.2,5.32,35.61,51.49,https://www.openstreetmap.org/?mlat=35.61306&mlon=51.48883#map=17/35.61306/51.48883,B
منطقه ۲۱ شهر تهران,ویلاشهر,tehran:m2103,1,living_street,0.12,262.48,60.59,-13.5,93.16,35.73,51.18,https://www.openstreetmap.org/?mlat=35.73094&mlon=51.17938#map=17/35.73094/51.17938,B
منطقه ۲۱ شهر تهران,ویلاشهر,tehran:m2103,3,living_street,0.21,285.27,60.33,-13.9,93.83,35.73,51.18,https://www.openstreetmap.org/?mlat=35.73058&mlon=51.17979#map=17/35.73058/51.17979,B
منطقه ۲۱ شهر تهران,ویلاشهر,tehran:m2103,5,living_street,0.21,283.51,60.83,-13.2,93.99,35.73,51.18,https://www.openstreetmap.org/?mlat=35.73038&mlon=51.17973#map=17/35.73038/51.17973,B
منطقه ۲۱ شهر تهران,ویلاشهر,tehran:m2103,2,living_street,0.21,262.48,63.49,-9.4,94.2,35.73,51.18,https://www.openstreetmap.org/?mlat=35.73138&mlon=51.17758#map=17/35.73138/51.17758,B
منطقه ۲۱ شهر تهران,ویلاشهر,tehran:m2103,7,living_street,0.21,282.25,61.36,-12.4,94.25,35.73,51.18,https://www.openstreetmap.org/?mlat=35.73018&mlon=51.17967#map=17/35.73018/51.17967,B
منطقه ۲۱ شهر تهران,ویلاشهر,tehran:m2103,4,living_street,0.21,262.48,64.79,-7.5,94.48,35.73,51.18,https://www.openstreetmap.org/?mlat=35.73105&mlon=51.17747#map=17/35.73105/51.17747,B
منطقه ۲۱ شهر تهران,شهرک غزالی,tehran:m2102,یکم غزالی,tertiary,0.88,295.71,48.11,-16.6,77.99,35.73,51.17,https://www.openstreetmap.org/?mlat=35.73347&mlon=51.16644#map=17/35.73347/51.16644,C
منطقه ۲۱ شهر تهران,شهرک غزالی,tehran:m2102,دهم,residential,0.19,568.91,53.27,-7.6,90.05,35.74,51.15,https://www.openstreetmap.org/?mlat=35.74068&mlon=51.15448#map=17/35.74068/51.15448,C
منطقه ۲۱ شهر تهران,شهرک غزالی,tehran:m2102,هشتم,residential,0.37,568.91,54.77,-5.0,92.03,35.74,51.16,https://www.openstreetmap.org/?mlat=35.73993&mlon=51.15509#map=17/35.73993/51.15509,C
منطقه ۲۱ شهر تهران,شهرک غزالی,tehran:m2102,ششم,residential,0.39,632.04,56.33,-2.3,93.78,35.74,51.16,https://www.openstreetmap.org/?mlat=35.73934&mlon=51.15503#map=17/35.73934/51.15503,C
منطقه ۲۱ شهر تهران,شهرک غزالی,tehran:m2102,یاس یکم,residential,0.26,661.06,56.33,-2.3,93.8,35.74,51.16,https://www.openstreetmap.org/?mlat=35.73934&mlon=51.15518#map=17/35.73934/51.15518,C
منطقه ۲۱ شهر تهران,شهرک غزالی,tehran:m2102,چهارم,residential,0.4,777.61,57.67,0.0,94.98,35.74,51.15,https://www.openstreetmap.org/?mlat=35.73878&mlon=51.15492#map=17/35.73878/51.15492,C
منطقه ۲۱ شهر تهران,شهرک آزادی,tehran:m2108,بشارتی,tertiary,0.32,202.92,49.47,-8.6,76.28,35.71,51.28,https://www.openstreetmap.org/?mlat=35.70610&mlon=51.28014#map=17/35.70610/51.28014,C
منطقه ۲۱ شهر تهران,شهرک آزادی,tehran:m2108,رحیم بسی صفت,residential,0.28,433.22,47.05,-13.0,77.95,35.71,51.27,https://www.openstreetmap.org/?mlat=35.71450&mlon=51.26921#map=17/35.71450/51.26921,C
منطقه ۲۱ شهر تهران,شهرک آزادی,tehran:m2108,مجید سیاحی نوری,residential,0.11,170.01,53.28,-1.5,79.79,35.71,51.28,https://www.openstreetmap.org/?mlat=35.70854&mlon=51.27880#map=17/35.70854/51.27880,C
منطقه ۲۱ شهر تهران,شهرک آزادی,tehran:m2108,محمد حبیب,residential,0.15,170.01,53.5,-1.1,80.11,35.71,51.28,https://www.openstreetmap.org/?mlat=35.70880&mlon=51.27738#map=17/35.70880/51.27738,C
منطقه ۲۱ شهر تهران,شهرک آزادی,tehran:m2108,منصور فتاحی,residential,0.14,170.01,53.61,-0.9,80.28,35.71,51.28,https://www.openstreetmap.org/?mlat=35.70903&mlon=51.27874#map=17/35.70903/51.27874,C
منطقه ۲۱ شهر تهران,شهرک آزادی,tehran:m2108,پنجم,residential,0.48,257.23,49.98,-7.6,80.42,35.71,51.28,https://www.openstreetmap.org/?mlat=35.70820&mlon=51.27528#map=17/35.70820/51.27528,C
منطقه ۲۲ شهر تهران,شهرک صدرا,tehran:m2210,ورزشگاه ازادی,service,0.86,25.52,23.18,-53.8,10.12,35.72,51.28,https://www.openstreetmap.org/?mlat=35.72442&mlon=51.27553#map=17/35.72442/51.27553,C
منطقه ۲۲ شهر تهران,شهرک صدرا,tehran:m2210,ورودی کارتینگ,service,0.16,37.56,21.32,-57.5,12.77,35.73,51.27,https://www.openstreetmap.org/?mlat=35.73123&mlon=51.27466#map=17/35.73123/51.27466,C
منطقه ۲۲ شهر تهران,شهرک صدرا,tehran:m2210,الماس,residential,0.33,47.54,27.22,-45.7,15.43,35.72,51.26,https://www.openstreetmap.org/?mlat=35.72139&mlon=51.25749#map=17/35.72139/51.25749,C
منطقه ۲۲ شهر تهران,شهرک صدرا,tehran:m2210,آشیانه سوم,service,0.39,47.54,27.87,-44.4,15.61,35.72,51.26,https://www.openstreetmap.org/?mlat=35.72146&mlon=51.25613#map=17/35.72146/51.25613,C
منطقه ۲۲ شهر تهران,شهرک صدرا,tehran:m2210,ورودی شرقی ورزشگاه,service,0.28,73.15,29.37,-41.4,21.85,35.73,51.28,https://www.openstreetmap.org/?mlat=35.72595&mlon=51.28026#map=17/35.72595/51.28026,C
منطقه ۲۲ شهر تهران,شهرک صدرا,tehran:m2210,پنجاه و نهم,residential,0.13,57.9,38.1,-24.0,24.29,35.74,51.26,https://www.openstreetmap.org/?mlat=35.73672&mlon=51.26266#map=17/35.73672/51.26266,C
منطقه ۲۲ شهر تهران,سرو آزاد,tehran:m2208,۱۷ غربی,living_street,0.16,11.12,27.75,-19.0,7.61,35.74,51.19,https://www.openstreetmap.org/?mlat=35.73971&mlon=51.19012#map=17/35.73971/51.19012,B
منطقه ۲۲ شهر تهران,سرو آزاد,tehran:m2208,بلوار گیاه شناسی,tertiary,2.67,20.23,23.72,-30.8,8.99,35.74,51.18,https://www.openstreetmap.org/?mlat=35.74306&mlon=51.18443#map=17/35.74306/51.18443,B
منطقه ۲۲ شهر تهران,سرو آزاد,tehran:m2208,۱۸ غربی,residential,0.16,23.03,27.8,-18.9,9.92,35.74,51.19,https://www.openstreetmap.org/?mlat=35.74042&mlon=51.19036#map=17/35.74042/51.19036,B
منطقه ۲۲ شهر تهران,سرو آزاد,tehran:m2208,۱۶ غربی,living_street,0.16,53.56,28.07,-18.1,17.35,35.74,51.19,https://www.openstreetmap.org/?mlat=35.73918&mlon=51.18996#map=17/35.73918/51.18996,B
منطقه ۲۲ شهر تهران,سرو آزاد,tehran:m2208,۱۶ شرقی,residential,0.3,76.47,23.86,-30.4,21.67,35.74,51.19,https://www.openstreetmap.org/?mlat=35.73869&mlon=51.19246#map=17/35.73869/51.19246,B
منطقه ۲۲ شهر تهران,سرو آزاد,tehran:m2208,۱۵ شرقی,residential,0.3,78.03,24.12,-29.6,22.09,35.74,51.19,https://www.openstreetmap.org/?mlat=35.73809&mlon=51.19229#map=17/35.73809/51.19229,B
منطقه ۲۲ شهر تهران,گلستان,tehran:m2206,لاله یکم غربی,residential,0.19,70.97,42.21,-8.9,37.57,35.76,51.25,https://www.openstreetmap.org/?mlat=35.75870&mlon=51.24770#map=17/35.75870/51.24770,B
منطقه ۲۲ شهر تهران,گلستان,tehran:m2206,بنفشه سیزدهم جنوبی,residential,0.12,70.97,42.61,-8.0,38.58,35.76,51.25,https://www.openstreetmap.org/?mlat=35.75836&mlon=51.24526#map=17/35.75836/51.24526,B
منطقه ۲۲ شهر تهران,گلستان,tehran:m2206,بنفشه سیزدهم شمالی,residential,0.41,70.97,42.62,-8.0,38.62,35.76,51.24,https://www.openstreetmap.org/?mlat=35.75872&mlon=51.24378#map=17/35.75872/51.24378,B
منطقه ۲۲ شهر تهران,گلستان,tehran:m2206,بنفشه سیزدهم شمالی جنوبی,residential,0.29,70.97,42.69,-7.8,38.79,35.76,51.24,https://www.openstreetmap.org/?mlat=35.75847&mlon=51.24308#map=17/35.75847/51.24308,B
منطقه ۲۲ شهر تهران,گلستان,tehran:m2206,لاله یکم شرقی,residential,0.2,70.97,42.94,-7.3,39.42,35.76,51.25,https://www.openstreetmap.org/?mlat=35.75859&mlon=51.24982#map=17/35.75859/51.24982,B
منطقه ۲۲ شهر تهران,گلستان,tehran:m2206,گلفام,residential,0.69,70.97,43.03,-7.1,39.67,35.76,51.24,https://www.openstreetmap.org/?mlat=35.75699&mlon=51.24171#map=17/35.75699/51.24171,B
منطقه ۲۲ شهر تهران,دهکده المپیک,tehran:m2204,اسکان سبز,residential,0.73,241.24,38.85,-12.6,53.43,35.76,51.24,https://www.openstreetmap.org/?mlat=35.76322&mlon=51.23999#map=17/35.76322/51.23999,B
منطقه ۲۲ شهر تهران,دهکده المپیک,tehran:m2204,شهرک ثامن الائمه ناجا,residential,0.92,203.58,41.92,-5.7,59.56,35.76,51.24,https://www.openstreetmap.org/?mlat=35.76386&mlon=51.24306#map=17/35.76386/51.24306,B
منطقه ۲۲ شهر تهران,دهکده المپیک,tehran:m2204,ورودی شرقی دانشگاه افسری و تربیت پلیس امام حسن مجتبی (ع),service,0.37,397.84,42.1,-5.3,66.15,35.76,51.25,https://www.openstreetmap.org/?mlat=35.76298&mlon=51.25370#map=17/35.76298/51.25370,B
منطقه ۲۲ شهر تهران,دهکده المپیک,tehran:m2204,ورزش شرقی,tertiary,0.64,431.26,46.82,5.3,77.51,35.76,51.27,https://www.openstreetmap.org/?mlat=35.76165&mlon=51.26510#map=17/35.76165/51.26510,B
منطقه ۲۲ شهر تهران,دهکده المپیک,tehran:m2204,المپیک هفتم,residential,0.13,436.87,47.14,6.0,78.15,35.76,51.26,https://www.openstreetmap.org/?mlat=35.76348&mlon=51.26423#map=17/35.76348/51.26423,B
منطقه ۲۲ شهر تهران,دهکده المپیک,tehran:m2204,ورزش غربی,tertiary,0.56,436.87,52.72,18.6,88.79,35.76,51.26,https://www.openstreetmap.org/?mlat=35.76223&mlon=51.26277#map=17/35.76223/51.26277,B
منطقه ۲۲ شهر تهران,آبشار تهران,tehran:m2203,میدان طبیعت,tertiary,0.16,73.9,37.74,-17.2,27.11,35.76,51.23,https://www.openstreetmap.org/?mlat=35.76151&mlon=51.23420#map=17/35.76151/51.23420,B
منطقه ۲۲ شهر تهران,آبشار تهران,tehran:m2203,مکری شرقی,tertiary,0.68,73.9,38.59,-15.3,28.6,35.76,51.24,https://www.openstreetmap.org/?mlat=35.76140&mlon=51.23639#map=17/35.76140/51.23639,B
منطقه ۲۲ شهر تهران,آبشار تهران,tehran:m2203,پاینده,living_street,0.16,73.9,39.3,-13.7,30.12,35.76,51.24,https://www.openstreetmap.org/?mlat=35.76100&mlon=51.23547#map=17/35.76100/51.23547,B
منطقه ۲۲ شهر تهران,آبشار تهران,tehran:m2203,بلخی,residential,0.2,73.9,39.77,-12.7,31.23,35.76,51.24,https://www.openstreetmap.org/?mlat=35.76090&mlon=51.23638#map=17/35.76090/51.23638,B
منطقه ۲۲ شهر تهران,آبشار تهران,tehran:m2203,معینی جوینی,living_street,0.25,73.9,40.14,-11.9,32.2,35.76,51.24,https://www.openstreetmap.org/?mlat=35.76094&mlon=51.23773#map=17/35.76094/51.23773,B
منطقه ۲۲ شهر تهران,آبشار تهران,tehran:m2203,ابونصر فارابی,living_street,0.12,73.9,40.32,-11.5,32.76,35.76,51.23,https://www.openstreetmap.org/?mlat=35.76090&mlon=51.23230#map=17/35.76090/51.23230,B
منطقه ۵ شهر تهران,شهران شمالی,tehran:m502,کوی ارغوان,residential,0.19,58.24,32.2,-25.6,19.66,35.77,51.28,https://www.openstreetmap.org/?mlat=35.77273&mlon=51.28206#map=17/35.77273/51.28206,A
منطقه ۵ شهر تهران,شهران شمالی,tehran:m502,بهاران,unclassified,1.09,191.37,25.82,-40.3,42.26,35.78,51.28,https://www.openstreetmap.org/?mlat=35.77545&mlon=51.27813#map=17/35.77545/51.27813,A
منطقه ۵ شهر تهران,شهران شمالی,tehran:m502,حجت‌الله هاشمی‌زاده,tertiary,1.84,99.06,41.83,-3.3,43.25,35.77,51.29,https://www.openstreetmap.org/?mlat=35.76944&mlon=51.28662#map=17/35.76944/51.28662,A
منطقه ۵ شهر تهران,شهران شمالی,tehran:m502,گلبرگ ۴,residential,0.17,191.37,29.94,-30.8,43.27,35.77,51.28,https://www.openstreetmap.org/?mlat=35.77456&mlon=51.27557#map=17/35.77456/51.27557,A
منطقه ۵ شهر تهران,شهران شمالی,tehran:m502,گلبرگ ۳,residential,0.16,191.37,31.22,-27.9,43.71,35.77,51.28,https://www.openstreetmap.org/?mlat=35.77411&mlon=51.27556#map=17/35.77411/51.27556,A
منطقه ۵ شهر تهران,شهران شمالی,tehran:m502,لاله,residential,0.18,64.28,45.56,5.3,44.04,35.77,51.29,https://www.openstreetmap.org/?mlat=35.76949&mlon=51.29027#map=17/35.76949/51.29027,A
منطقه ۲ شهر تهران,پردیسان,tehran:m217,کوهسار,residential,0.7,105.08,43.49,-8.7,49.12,35.74,51.36,https://www.openstreetmap.org/?mlat=35.73915&mlon=51.35523#map=17/35.73915/51.35523,A
منطقه ۲ شهر تهران,پردیسان,tehran:m217,وزیری,residential,0.35,202.78,43.02,-9.6,62.24,35.74,51.36,https://www.openstreetmap.org/?mlat=35.73862&mlon=51.35707#map=17/35.73862/51.35707,A
منطقه ۲ شهر تهران,پردیسان,tehran:m217,البرز ۱۰,residential,0.14,202.78,43.86,-7.9,64.14,35.74,51.36,https://www.openstreetmap.org/?mlat=35.73784&mlon=51.35834#map=17/35.73784/51.35834,A
منطقه ۲ شهر تهران,پردیسان,tehran:m217,سپهر ۱۰,residential,0.33,202.78,44.31,-6.9,65.1,35.74,51.36,https://www.openstreetmap.org/?mlat=35.73801&mlon=51.35578#map=17/35.73801/51.35578,A
منطقه ۲ شهر تهران,پردیسان,tehran:m217,اطاعتی شمالی,residential,0.45,156.03,46.71,-1.9,65.29,35.74,51.36,https://www.openstreetmap.org/?mlat=35.73651&mlon=51.36156#map=17/35.73651/51.36156,A
منطقه ۲ شهر تهران,پردیسان,tehran:m217,البرز ۸,residential,0.17,202.78,44.73,-6.1,66.05,35.74,51.36,https://www.openstreetmap.org/?mlat=35.73719&mlon=51.35824#map=17/35.73719/51.35824,A
منطقه ۱۵ شهر تهران,کیانشهر جنوبی,tehran:m1517,ورودی ششم,residential,0.12,64.17,35.52,-12.0,22.79,35.63,51.46,https://www.openstreetmap.org/?mlat=35.63488&mlon=51.45890#map=17/35.63488/51.45890,A
منطقه ۱۵ شهر تهران,کیانشهر جنوبی,tehran:m1517,اکبری,residential,0.58,64.17,36.19,-10.3,23.32,35.63,51.46,https://www.openstreetmap.org/?mlat=35.63229&mlon=51.45550#map=17/35.63229/51.45550,A
منطقه ۱۵ شهر تهران,کیانشهر جنوبی,tehran:m1517,ورودی پنجم,residential,0.11,64.17,36.37,-9.8,23.53,35.64,51.46,https://www.openstreetmap.org/?mlat=35.63616&mlon=51.45852#map=17/35.63616/51.45852,A
منطقه ۱۵ شهر تهران,کیانشهر جنوبی,tehran:m1517,ورودی هشتم,residential,0.14,64.74,36.31,-10.0,23.6,35.64,51.46,https://www.openstreetmap.org/?mlat=35.63508&mlon=51.46246#map=17/35.63508/51.46246,A
منطقه ۱۵ شهر تهران,کیانشهر جنوبی,tehran:m1517,شهید قلی زاده,residential,0.17,64.17,36.59,-9.3,23.75,35.63,51.46,https://www.openstreetmap.org/?mlat=35.63208&mlon=51.45517#map=17/35.63208/51.45517,A
منطقه ۱۵ شهر تهران,کیانشهر جنوبی,tehran:m1517,خواجوی کرمانی,residential,2.18,69.94,35.82,-11.2,24.18,35.64,51.46,https://www.openstreetmap.org/?mlat=35.63586&mlon=51.45971#map=17/35.63586/51.45971,A
منطقه ۹ شهر تهران,فرودگاه مهرآباد,tehran:m901,خیابان صنایع هوایی,tertiary,1.41,109.46,37.8,-33.8,36.01,35.7,51.31,https://www.openstreetmap.org/?mlat=35.69718&mlon=51.30740#map=17/35.69718/51.30740,B
منطقه ۹ شهر تهران,فرودگاه مهرآباد,tehran:m901,مسیر اختصاصی هواپیمایی آسمان,service,0.24,203.97,39.46,-30.9,52.82,35.7,51.31,https://www.openstreetmap.org/?mlat=35.69586&mlon=51.31148#map=17/35.69586/51.31148,B
منطقه ۹ شهر تهران,فرودگاه مهرآباد,tehran:m901,بلوار معلم,service,0.65,165.36,41.18,-27.9,53.23,35.68,51.32,https://www.openstreetmap.org/?mlat=35.67900&mlon=51.32113#map=17/35.67900/51.32113,B
منطقه ۹ شهر تهران,فرودگاه مهرآباد,tehran:m901,لشگری,service,7.67,250.48,41.45,-27.4,60.77,35.68,51.32,https://www.openstreetmap.org/?mlat=35.67969&mlon=51.31946#map=17/35.67969/51.31946,B
منطقه ۹ شهر تهران,فرودگاه مهرآباد,tehran:m901,خیابان هواپیمایی آسمان,tertiary,0.24,203.97,48.16,-15.6,73.79,35.7,51.31,https://www.openstreetmap.org/?mlat=35.69791&mlon=51.31185#map=17/35.69791/51.31185,B
منطقه ۹ شهر تهران,فرودگاه مهرآباد,tehran:m901,نمره یک,service,0.21,178.4,51.57,-9.7,77.82,35.7,51.33,https://www.openstreetmap.org/?mlat=35.69692&mlon=51.33269#map=17/35.69692/51.33269,B
منطقه ۲۱ شهر تهران,چیتگر,tehran:m2117,آذر سوم,residential,1.25,794.13,41.27,-34.3,64.72,35.72,51.14,https://www.openstreetmap.org/?mlat=35.72328&mlon=51.13671#map=17/35.72328/51.13671,C
منطقه ۲۱ شهر تهران,چیتگر,tehran:m2117,آذر دوم,residential,0.74,753.79,41.88,-33.3,66.38,35.73,51.14,https://www.openstreetmap.org/?mlat=35.72616&mlon=51.14229#map=17/35.72616/51.14229,C
منطقه ۲۱ شهر تهران,چیتگر,tehran:m2117,شصت و چهارم,tertiary,1.43,841.3,43.47,-30.8,70.4,35.72,51.15,https://www.openstreetmap.org/?mlat=35.72017&mlon=51.15049#map=17/35.72017/51.15049,C
منطقه ۲۱ شهر تهران,چیتگر,tehran:m2117,آذر یکم,service,0.13,670.43,47.08,-25.0,78.53,35.73,51.13,https://www.openstreetmap.org/?mlat=35.73068&mlon=51.12674#map=17/35.73068/51.12674,C
منطقه ۲۱ شهر تهران,چیتگر,tehran:m2117,درخشان,service,0.2,670.43,47.84,-23.8,80.05,35.73,51.13,https://www.openstreetmap.org/?mlat=35.73030&mlon=51.12719#map=17/35.73030/51.12719,C
منطقه ۲۱ شهر تهران,چیتگر,tehran:m2117,آرین,residential,0.3,759.26,48.19,-23.3,80.74,35.73,51.13,https://www.openstreetmap.org/?mlat=35.72879&mlon=51.13283#map=17/35.72879/51.13283,C
منطقه ۲۲ شهر تهران,دریاچه,tehran:m2209,دستواره,service,0.9,72.87,21.45,-55.7,20.64,35.73,51.22,https://www.openstreetmap.org/?mlat=35.73214&mlon=51.22307#map=17/35.73214/51.22307,B
منطقه ۲۲ شهر تهران,دریاچه,tehran:m2209,بلوار دانشگاه,service,3.05,116.04,34.74,-28.3,34.82,35.73,51.23,https://www.openstreetmap.org/?mlat=35.73449&mlon=51.23035#map=17/35.73449/51.23035,B
منطقه ۲۲ شهر تهران,دریاچه,tehran:m2209,میرکمالی,tertiary,0.73,177.32,30.33,-37.4,41.92,35.75,51.2,https://www.openstreetmap.org/?mlat=35.74681&mlon=51.19784#map=17/35.74681/51.19784,B
منطقه ۲۲ شهر تهران,دریاچه,tehran:m2209,میعاد,tertiary,0.47,177.32,31.87,-34.3,42.45,35.75,51.2,https://www.openstreetmap.org/?mlat=35.74795&mlon=51.19853#map=17/35.74795/51.19853,B
منطقه ۲۲ شهر تهران,دریاچه,tehran:m2209,بنفشه,residential,0.11,177.32,34.62,-28.6,43.79,35.75,51.2,https://www.openstreetmap.org/?mlat=35.74699&mlon=51.19530#map=17/35.74699/51.19530,B
منطقه ۲۲ شهر تهران,دریاچه,tehran:m2209,بوستان هشتم,tertiary,0.22,250.69,18.56,-61.7,45.57,35.73,51.21,https://www.openstreetmap.org/?mlat=35.72707&mlon=51.20792#map=17/35.72707/51.20792,B
منطقه ۲۱ شهر تهران,شهرک استقلال,tehran:m2107,شهید باهنر,residential,0.11,98.01,45.75,-19.2,52.33,35.69,51.24,https://www.openstreetmap.org/?mlat=35.69124&mlon=51.23932#map=17/35.69124/51.23932,C
منطقه ۲۱ شهر تهران,شهرک استقلال,tehran:m2107,مفتح,service,1.65,98.01,46.03,-18.7,52.99,35.69,51.24,https://www.openstreetmap.org/?mlat=35.69301&mlon=51.23654#map=17/35.69301/51.23654,C
منطقه ۲۱ شهر تهران,شهرک استقلال,tehran:m2107,شهید مفتح,residential,0.14,98.01,46.51,-17.8,54.11,35.69,51.24,https://www.openstreetmap.org/?mlat=35.69161&mlon=51.23953#map=17/35.69161/51.23953,C
منطقه ۲۱ شهر تهران,شهرک استقلال,tehran:m2107,شهرک استقلال ,living_street,0.15,98.01,46.79,-17.3,54.74,35.69,51.24,https://www.openstreetmap.org/?mlat=35.69219&mlon=51.23601#map=17/35.69219/51.23601,C
منطقه ۲۱ شهر تهران,شهرک استقلال,tehran:m2107,شهرک  استقلال ,residential,0.31,151.43,54.33,-4.0,78.66,35.7,51.24,https://www.openstreetmap.org/?mlat=35.69621&mlon=51.23995#map=17/35.69621/51.23995,C
منطقه ۲۱ شهر تهران,شهرک استقلال,tehran:m2107,بروجردی,residential,0.11,349.43,51.73,-8.6,86.13,35.69,51.24,https://www.openstreetmap.org/?mlat=35.69377&mlon=51.24226#map=17/35.69377/51.24226,C
منطقه ۱۸ شهر تهران,خلیج فارس,tehran:m1801,نواب صفوی,residential,0.46,7.37,25.27,-25.7,6.53,35.67,51.27,https://www.openstreetmap.org/?mlat=35.67405&mlon=51.27179#map=17/35.67405/51.27179,B
منطقه ۱۸ شهر تهران,خلیج فارس,tehran:m1801,لاله,residential,0.28,7.37,27.5,-19.2,6.93,35.68,51.27,https://www.openstreetmap.org/?mlat=35.67534&mlon=51.27370#map=17/35.67534/51.27370,B
منطقه ۱۸ شهر تهران,خلیج فارس,tehran:m1801,خداوردی قهری,residential,0.44,8.66,29.21,-14.1,7.62,35.68,51.27,https://www.openstreetmap.org/?mlat=35.67556&mlon=51.27256#map=17/35.67556/51.27256,B
منطقه ۱۸ شهر تهران,خلیج فارس,tehran:m1801,هادی مودب,tertiary,0.57,10.74,29.18,-14.2,8.01,35.68,51.27,https://www.openstreetmap.org/?mlat=35.67514&mlon=51.27127#map=17/35.67514/51.27127,B
منطقه ۱۸ شهر تهران,خلیج فارس,tehran:m1801,محمد غلامی نژاد,residential,0.59,14.3,28.14,-17.3,8.37,35.67,51.27,https://www.openstreetmap.org/?mlat=35.67352&mlon=51.26926#map=17/35.67352/51.26926,B
منطقه ۱۸ شهر تهران,خلیج فارس,tehran:m1801,شهدا,residential,0.67,13.06,29.56,-13.1,8.39,35.67,51.27,https://www.openstreetmap.org/?mlat=35.67463&mlon=51.26998#map=17/35.67463/51.26998,B
منطقه ۷ شهر تهران,بهار,tehran:m713,طبا,residential,0.22,61.05,48.48,-2.4,49.13,35.71,51.43,https://www.openstreetmap.org/?mlat=35.70886&mlon=51.43120#map=17/35.70886/51.43120,B
منطقه ۷ شهر تهران,بهار,tehran:m713,سمنان,residential,0.27,44.91,50.5,1.7,49.48,35.7,51.43,https://www.openstreetmap.org/?mlat=35.70429&mlon=51.43032#map=17/35.70429/51.43032,B
منطقه ۷ شهر تهران,بهار,tehran:m713,نراقی,residential,0.19,58.25,48.89,-1.5,49.49,35.71,51.43,https://www.openstreetmap.org/?mlat=35.70657&mlon=51.43276#map=17/35.70657/51.43276,B
منطقه ۷ شهر تهران,بهار,tehran:m713,منصور یزدان نیاز,residential,0.22,60.84,48.91,-1.5,50.02,35.71,51.43,https://www.openstreetmap.org/?mlat=35.70807&mlon=51.43100#map=17/35.70807/51.43100,B
منطقه ۷ شهر تهران,بهار,tehran:m713,آفتاب,residential,0.11,61.03,48.96,-1.4,50.12,35.71,51.43,https://www.openstreetmap.org/?mlat=35.70756&mlon=51.43087#map=17/35.70756/51.43087,B
منطقه ۷ شهر تهران,بهار,tehran:m713,مسعود,residential,0.11,62.39,48.82,-1.7,50.14,35.71,51.43,https://www.openstreetmap.org/?mlat=35.70759&mlon=51.43296#map=17/35.70759/51.43296,B
منطقه ۷ شهر تهران,خواجه نظام الملک,tehran:m715,درویش,residential,0.19,2.2,36.86,-10.3,10.07,35.72,51.45,https://www.openstreetmap.org/?mlat=35.71682&mlon=51.45193#map=17/35.71682/51.45193,B
منطقه ۷ شهر تهران,خواجه نظام الملک,tehran:m715,شیخ صفی,tertiary,0.42,0.8,37.36,-9.1,10.33,35.72,51.45,https://www.openstreetmap.org/?mlat=35.71738&mlon=51.45304#map=17/35.71738/51.45304,B
منطقه ۷ شهر تهران,خواجه نظام الملک,tehran:m715,قیداری,residential,0.2,2.4,37.35,-9.1,10.68,35.72,51.45,https://www.openstreetmap.org/?mlat=35.71605&mlon=51.45275#map=17/35.71605/51.45275,B
منطقه ۷ شهر تهران,خواجه نظام الملک,tehran:m715,شیخ,residential,0.35,2.08,37.41,-9.0,10.71,35.72,51.45,https://www.openstreetmap.org/?mlat=35.71652&mlon=51.45290#map=17/35.71652/51.45290,B
منطقه ۷ شهر تهران,خواجه نظام الملک,tehran:m715,احتشامی,residential,0.28,1.75,37.64,-8.4,10.91,35.72,51.45,https://www.openstreetmap.org/?mlat=35.71671&mlon=51.45354#map=17/35.71671/51.45354,B
منطقه ۷ شهر تهران,خواجه نظام الملک,tehran:m715,الهی,residential,0.23,2.4,37.52,-8.7,10.93,35.72,51.45,https://www.openstreetmap.org/?mlat=35.71547&mlon=51.45281#map=17/35.71547/51.45281,B
منطقه ۷ شهر تهران,کاج,tehran:m707,دریانی,residential,0.18,88.29,39.73,-10.1,34.52,35.72,51.45,https://www.openstreetmap.org/?mlat=35.71882&mlon=51.44641#map=17/35.71882/51.44641,B
منطقه ۷ شهر تهران,کاج,tehran:m707,شهنواز دوم,residential,0.18,88.29,39.83,-9.8,34.79,35.72,51.45,https://www.openstreetmap.org/?mlat=35.71909&mlon=51.44652#map=17/35.71909/51.44652,B
منطقه ۷ شهر تهران,کاج,tehran:m707,حائری دوم,residential,0.18,88.29,39.93,-9.6,35.07,35.72,51.45,https://www.openstreetmap.org/?mlat=35.71848&mlon=51.44627#map=17/35.71848/51.44627,B
منطقه ۷ شهر تهران,کاج,tehran:m707,قصر,residential,0.14,66.37,41.7,-5.6,35.18,35.72,51.45,https://www.openstreetmap.org/?mlat=35.72157&mlon=51.44797#map=17/35.72157/51.44797,B
منطقه ۷ شهر تهران,کاج,tehran:m707,توکلی,residential,0.17,88.29,40.04,-9.4,35.33,35.72,51.45,https://www.openstreetmap.org/?mlat=35.71935&mlon=51.44660#map=17/35.71935/51.44660,B
منطقه ۷ شهر تهران,کاج,tehran:m707,منصور اسفندیاری,residential,0.17,84.77,40.46,-8.4,35.76,35.72,51.45,https://www.openstreetmap.org/?mlat=35.71992&mlon=51.44683#map=17/35.71992/51.44683,B
منطقه ۱۳ شهر تهران,پیروزی,tehran:m1313,یکم نیروی هوایی,residential,0.49,100.21,46.02,-8.4,53.6,35.69,51.48,https://www.openstreetmap.org/?mlat=35.69440&mlon=51.48000#map=17/35.69440/51.48000,B
منطقه ۱۳ شهر تهران,پیروزی,tehran:m1313,نیکوگفتار,residential,0.2,104.23,45.8,-8.8,54.24,35.7,51.48,https://www.openstreetmap.org/?mlat=35.69627&mlon=51.48087#map=17/35.69627/51.48087,B
منطقه ۱۳ شهر تهران,پیروزی,tehran:m1313,۱ . ۲۱,residential,0.24,108.87,45.53,-9.3,54.64,35.69,51.48,https://www.openstreetmap.org/?mlat=35.69295&mlon=51.48151#map=17/35.69295/51.48151,B
منطقه ۱۳ شهر تهران,پیروزی,tehran:m1313,۱ . ۲۹,residential,0.22,104.94,46.07,-8.3,55.11,35.7,51.48,https://www.openstreetmap.org/?mlat=35.69562&mlon=51.48104#map=17/35.69562/51.48104,B
منطقه ۱۳ شهر تهران,پیروزی,tehran:m1313,والهی,residential,0.22,106.48,46.32,-7.8,56.01,35.69,51.48,https://www.openstreetmap.org/?mlat=35.69472&mlon=51.48117#map=17/35.69472/51.48117,B
منطقه ۱۳ شهر تهران,پیروزی,tehran:m1313,۱ . ۲۸,residential,0.22,108.03,46.28,-7.8,56.35,35.7,51.48,https://www.openstreetmap.org/?mlat=35.69500&mlon=51.48129#map=17/35.69500/51.48129,B
منطقه ۱۳ شهر تهران,نیروی هوایی,tehran:m1309,بوعلی سینا,residential,0.2,96.77,38.11,-16.1,33.29,35.7,51.48,https://www.openstreetmap.org/?mlat=35.70265&mlon=51.48004#map=17/35.70265/51.48004,B
منطقه ۱۳ شهر تهران,نیروی هوایی,tehran:m1309,سعید داراب منش,residential,0.21,101.77,38.72,-14.7,36.0,35.7,51.48,https://www.openstreetmap.org/?mlat=35.70223&mlon=51.48015#map=17/35.70223/51.48015,B
منطقه ۱۳ شهر تهران,نیروی هوایی,tehran:m1309,حمید ربیعی,residential,0.23,106.1,39.58,-12.8,38.93,35.7,51.48,https://www.openstreetmap.org/?mlat=35.70172&mlon=51.48028#map=17/35.70172/51.48028,B
منطقه ۱۳ شهر تهران,نیروی هوایی,tehran:m1309,حمزه اکبری,residential,0.24,114.63,40.18,-11.5,42.56,35.7,51.48,https://www.openstreetmap.org/?mlat=35.70139&mlon=51.48037#map=17/35.70139/51.48037,B
منطقه ۱۳ شهر تهران,نیروی هوایی,tehran:m1309,عباسی,residential,0.1,90.94,42.42,-6.6,42.67,35.7,51.48,https://www.openstreetmap.org/?mlat=35.69943&mlon=51.48000#map=17/35.69943/51.48000,B
منطقه ۱۳ شهر تهران,نیروی هوایی,tehran:m1309,چهارفصل,service,0.68,136.76,39.23,-13.6,44.0,35.7,51.48,https://www.openstreetmap.org/?mlat=35.70245&mlon=51.47922#map=17/35.70245/51.47922,B
منطقه ۷ شهر تهران,سهروردی - باغ صبا,tehran:m706,چنار,residential,0.12,0.0,46.27,-6.6,29.01,35.72,51.44,https://www.openstreetmap.org/?mlat=35.72278&mlon=51.43995#map=17/35.72278/51.43995,C
منطقه ۷ شهر تهران,سهروردی - باغ صبا,tehran:m706,نارون,residential,0.12,0.0,46.71,-5.7,29.99,35.72,51.44,https://www.openstreetmap.org/?mlat=35.72229&mlon=51.43979#map=17/35.72229/51.43979,C
منطقه ۷ شهر تهران,سهروردی - باغ صبا,tehran:m706,شمشاد,residential,0.12,0.0,47.15,-4.8,30.85,35.72,51.44,https://www.openstreetmap.org/?mlat=35.72183&mlon=51.43964#map=17/35.72183/51.43964,C
منطقه ۷ شهر تهران,سهروردی - باغ صبا,tehran:m706,لادن,residential,0.13,0.0,47.23,-4.7,31.05,35.72,51.44,https://www.openstreetmap.org/?mlat=35.72282&mlon=51.43745#map=17/35.72282/51.43745,C
منطقه ۷ شهر تهران,سهروردی - باغ صبا,tehran:m706,خدا پسند,residential,0.15,0.0,47.62,-3.9,31.82,35.72,51.44,https://www.openstreetmap.org/?mlat=35.72235&mlon=51.43720#map=17/35.72235/51.43720,C
منطقه ۷ شهر تهران,سهروردی - باغ صبا,tehran:m706,یاس,residential,0.17,0.0,47.71,-3.7,31.99,35.72,51.44,https://www.openstreetmap.org/?mlat=35.72213&mlon=51.43729#map=17/35.72213/51.43729,C
منطقه ۷ شهر تهران,عباس آباد - اندیشه,tehran:m705,بن بست رهام,residential,0.11,14.82,48.75,-8.9,39.43,35.72,51.44,https://www.openstreetmap.org/?mlat=35.72475&mlon=51.43893#map=17/35.72475/51.43893,C
منطقه ۷ شهر تهران,عباس آباد - اندیشه,tehran:m705,حکمی,residential,0.1,14.82,49.44,-7.6,40.85,35.72,51.44,https://www.openstreetmap.org/?mlat=35.72498&mlon=51.43744#map=17/35.72498/51.43744,C
منطقه ۷ شهر تهران,عباس آباد - اندیشه,tehran:m705,نیکان,residential,0.23,14.82,50.64,-5.4,43.17,35.73,51.44,https://www.openstreetmap.org/?mlat=35.72597&mlon=51.43686#map=17/35.72597/51.43686,C
منطقه ۷ شهر تهران,عباس آباد - اندیشه,tehran:m705,ناهید,residential,0.11,14.82,50.85,-5.0,43.57,35.73,51.44,https://www.openstreetmap.org/?mlat=35.72652&mlon=51.43957#map=17/35.72652/51.43957,C
منطقه ۷ شهر تهران,عباس آباد - اندیشه,tehran:m705,باغ,residential,0.29,14.82,51.01,-4.7,43.89,35.73,51.43,https://www.openstreetmap.org/?mlat=35.72511&mlon=51.43364#map=17/35.72511/51.43364,C
منطقه ۷ شهر تهران,عباس آباد - اندیشه,tehran:m705,تقوی,residential,0.27,14.82,51.47,-3.8,44.72,35.73,51.44,https://www.openstreetmap.org/?mlat=35.72684&mlon=51.43754#map=17/35.72684/51.43754,C
منطقه ۷ شهر تهران,حشمتیه,tehran:m704,سروش,residential,0.17,117.91,43.97,-14.2,53.13,35.72,51.45,https://www.openstreetmap.org/?mlat=35.72222&mlon=51.44588#map=17/35.72222/51.44588,B
منطقه ۷ شهر تهران,حشمتیه,tehran:m704,ساری,residential,0.25,126.37,44.66,-12.9,55.85,35.72,51.44,https://www.openstreetmap.org/?mlat=35.72213&mlon=51.44453#map=17/35.72213/51.44453,B
منطقه ۷ شهر تهران,حشمتیه,tehran:m704,علایی,residential,0.17,126.37,44.81,-12.6,56.23,35.72,51.44,https://www.openstreetmap.org/?mlat=35.72259&mlon=51.44494#map=17/35.72259/51.44494,B
منطقه ۷ شهر تهران,حشمتیه,tehran:m704,فرهنگ,residential,0.44,126.37,46.41,-9.5,60.04,35.72,51.44,https://www.openstreetmap.org/?mlat=35.72299&mlon=51.44475#map=17/35.72299/51.44475,B
منطقه ۷ شهر تهران,حشمتیه,tehran:m704,کاکوتی,residential,0.11,116.55,47.8,-6.8,61.46,35.72,51.44,https://www.openstreetmap.org/?mlat=35.72383&mlon=51.44439#map=17/35.72383/51.44439,B
منطقه ۷ شهر تهران,حشمتیه,tehran:m704,مینوی,residential,0.18,119.92,48.62,-5.2,63.49,35.72,51.44,https://www.openstreetmap.org/?mlat=35.72419&mlon=51.44480#map=17/35.72419/51.44480,B
منطقه ۷ شهر تهران,شاهد,tehran:m710,مسعود مطلب نژاد,residential,0.17,22.74,39.25,-2.9,18.36,35.72,51.46,https://www.openstreetmap.org/?mlat=35.71702&mlon=51.46005#map=17/35.71702/51.46005,C
منطقه ۷ شهر تهران,شاهد,tehran:m710,حقگو,residential,0.12,61.08,37.46,-7.3,23.88,35.72,51.47,https://www.openstreetmap.org/?mlat=35.71520&mlon=51.46571#map=17/35.71520/51.46571,C
منطقه ۷ شهر تهران,شاهد,tehran:m710,شکوفه,residential,0.11,68.83,37.78,-6.5,26.14,35.72,51.46,https://www.openstreetmap.org/?mlat=35.71638&mlon=51.46483#map=17/35.71638/51.46483,C
منطقه ۷ شهر تهران,شاهد,tehran:m710,علی عباسی,residential,0.15,40.95,40.83,1.0,26.84,35.71,51.47,https://www.openstreetmap.org/?mlat=35.71191&mlon=51.46857#map=17/35.71191/51.46857,C
منطقه ۷ شهر تهران,شاهد,tehran:m710,معصومی,residential,0.11,64.09,38.96,-3.6,27.4,35.72,51.46,https://www.openstreetmap.org/?mlat=35.71523&mlon=51.45968#map=17/35.71523/51.45968,C
منطقه ۷ شهر تهران,شاهد,tehran:m710,ابوالفضل جهانی,residential,0.13,50.22,40.33,-0.2,27.4,35.71,51.47,https://www.openstreetmap.org/?mlat=35.71226&mlon=51.46839#map=17/35.71226/51.46839,C
منطقه ۸ شهر تهران,وحیدیه,tehran:m813,گل میخک,residential,0.13,6.81,35.36,-4.9,9.96,35.72,51.47,https://www.openstreetmap.org/?mlat=35.71756&mlon=51.46861#map=17/35.71756/51.46861,A
منطقه ۸ شهر تهران,وحیدیه,tehran:m813,ابوالقاسم مهری,residential,0.27,6.81,35.34,-4.9,9.97,35.72,51.47,https://www.openstreetmap.org/?mlat=35.71825&mlon=51.46826#map=17/35.71825/51.46826,A
منطقه ۸ شهر تهران,وحیدیه,tehran:m813,علی رضایی,residential,0.19,6.81,35.41,-4.7,10.0,35.72,51.47,https://www.openstreetmap.org/?mlat=35.71752&mlon=51.46865#map=17/35.71752/51.46865,A
منطقه ۸ شهر تهران,وحیدیه,tehran:m813,محمدرضا سیستانی,residential,0.19,6.81,35.53,-4.4,10.08,35.72,51.47,https://www.openstreetmap.org/?mlat=35.71714&mlon=51.46908#map=17/35.71714/51.46908,A
منطقه ۸ شهر تهران,وحیدیه,tehran:m813,رضا دوستی,residential,0.24,6.81,35.54,-4.4,10.09,35.72,51.47,https://www.openstreetmap.org/?mlat=35.71851&mlon=51.46792#map=17/35.71851/51.46792,A
منطقه ۸ شهر تهران,وحیدیه,tehran:m813,محمد مهدی اکرامی,residential,0.24,8.22,35.32,-5.0,10.14,35.72,51.47,https://www.openstreetmap.org/?mlat=35.71813&mlon=51.46836#map=17/35.71813/51.46836,A
منطقه ۲۱ شهر تهران,وردآورد,tehran:m2101,نجفعلی عسکری,tertiary,0.44,78.26,34.29,-18.3,25.26,35.74,51.14,https://www.openstreetmap.org/?mlat=35.73967&mlon=51.13962#map=17/35.73967/51.13962,B
منطقه ۲۱ شهر تهران,وردآورد,tehran:m2101,سالاروند,residential,0.11,78.26,35.8,-14.7,26.2,35.74,51.14,https://www.openstreetmap.org/?mlat=35.73988&mlon=51.13770#map=17/35.73988/51.13770,B
منطقه ۲۱ شهر تهران,وردآورد,tehran:m2101,سیدباقر میرمحمد,residential,0.11,78.26,36.22,-13.7,26.55,35.74,51.14,https://www.openstreetmap.org/?mlat=35.73951&mlon=51.13744#map=17/35.73951/51.13744,B
منطقه ۲۱ شهر تهران,وردآورد,tehran:m2101,غلامرضا اعلا محمدی,residential,0.1,78.26,37.26,-11.2,27.65,35.74,51.14,https://www.openstreetmap.org/?mlat=35.74421&mlon=51.13677#map=17/35.74421/51.13677,B
منطقه ۲۱ شهر تهران,وردآورد,tehran:m2101,قرنی,tertiary,0.46,78.26,37.82,-9.9,28.44,35.74,51.14,https://www.openstreetmap.org/?mlat=35.74315&mlon=51.13642#map=17/35.74315/51.13642,B
منطقه ۲۱ شهر تهران,وردآورد,tehran:m2101,دانش کهن,residential,0.12,78.26,39.15,-6.7,30.98,35.74,51.13,https://www.openstreetmap.org/?mlat=35.74039&mlon=51.13470#map=17/35.74039/51.13470,B
منطقه ۲۲ شهر تهران,شهرک دانشگاه شریف,tehran:m2201,دما پژوه آروین,service,0.13,75.74,35.11,-15.4,25.03,35.75,51.17,https://www.openstreetmap.org/?mlat=35.74734&mlon=51.16686#map=17/35.74734/51.16686,B
منطقه ۲۲ شهر تهران,شهرک دانشگاه شریف,tehran:m2201,بلوار کرمانشاه,tertiary,1.0,155.1,31.08,-25.2,39.06,35.75,51.14,https://www.openstreetmap.org/?mlat=35.75348&mlon=51.14357#map=17/35.75348/51.14357,B
منطقه ۲۲ شهر تهران,شهرک دانشگاه شریف,tehran:m2201,الوند دوم,residential,0.23,155.1,32.55,-21.6,39.66,35.75,51.15,https://www.openstreetmap.org/?mlat=35.75332&mlon=51.14528#map=17/35.75332/51.14528,B
منطقه ۲۲ شهر تهران,شهرک دانشگاه شریف,tehran:m2201,پژوهشگاه ملی مهندسی ژنتیک و زیست فن آوری,residential,1.19,148.47,34.02,-18.1,39.69,35.75,51.17,https://www.openstreetmap.org/?mlat=35.74795&mlon=51.16880#map=17/35.74795/51.16880,B
منطقه ۲۲ شهر تهران,شهرک دانشگاه شریف,tehran:m2201,خیابان دانش,tertiary,4.12,141.42,35.93,-13.5,40.02,35.75,51.15,https://www.openstreetmap.org/?mlat=35.74663&mlon=51.15415#map=17/35.74663/51.15415,B
منطقه ۲۲ شهر تهران,شهرک دانشگاه شریف,tehran:m2201,سهند,residential,0.21,155.1,33.5,-19.3,40.14,35.75,51.14,https://www.openstreetmap.org/?mlat=35.75487&mlon=51.14485#map=17/35.75487/51.14485,B
منطقه ۱۳ شهر تهران,حافظیه,tehran:m1308,اسکندرزاده,residential,0.13,150.41,45.14,-4.6,61.04,35.71,51.5,https://www.openstreetmap.org/?mlat=35.70658&mlon=51.50123#map=17/35.70658/51.50123,B
منطقه ۱۳ شهر تهران,حافظیه,tehran:m1308,پارک اوستا,residential,0.43,154.98,45.39,-4.1,62.01,35.71,51.5,https://www.openstreetmap.org/?mlat=35.70540&mlon=51.50130#map=17/35.70540/51.50130,B
منطقه ۱۳ شهر تهران,حافظیه,tehran:m1308,۱۲/۳۶,residential,0.16,177.41,44.15,-6.7,62.22,35.71,51.5,https://www.openstreetmap.org/?mlat=35.70563&mlon=51.49809#map=17/35.70563/51.49809,B
منطقه ۱۳ شهر تهران,حافظیه,tehran:m1308,۱۱ / ۳۶,residential,0.16,177.41,44.19,-6.6,62.38,35.71,51.5,https://www.openstreetmap.org/?mlat=35.70514&mlon=51.49647#map=17/35.70514/51.49647,B
منطقه ۱۳ شهر تهران,حافظیه,tehran:m1308,درویش زاده,residential,0.23,177.41,44.21,-6.6,62.38,35.7,51.49,https://www.openstreetmap.org/?mlat=35.70454&mlon=51.49448#map=17/35.70454/51.49448,B
منطقه ۱۳ شهر تهران,حافظیه,tehran:m1308,علیرضا شواخ,residential,0.23,166.32,44.87,-5.2,62.47,35.71,51.5,https://www.openstreetmap.org/?mlat=35.70607&mlon=51.50068#map=17/35.70607/51.50068,B
منطقه ۱۳ شهر تهران,شورا,tehran:m1304,قیدی,residential,0.12,23.58,41.07,-3.7,23.56,35.71,51.49,https://www.openstreetmap.org/?mlat=35.71323&mlon=51.49473#map=17/35.71323/51.49473,A
منطقه ۱۳ شهر تهران,شورا,tehran:m1304,محمد شبان,residential,0.58,23.58,41.17,-3.4,23.83,35.71,51.49,https://www.openstreetmap.org/?mlat=35.71227&mlon=51.49433#map=17/35.71227/51.49433,A
منطقه ۱۳ شهر تهران,شورا,tehran:m1304,رضا مدنی,residential,0.26,23.58,41.37,-3.0,24.43,35.71,51.5,https://www.openstreetmap.org/?mlat=35.71254&mlon=51.49526#map=17/35.71254/51.49526,A
منطقه ۱۳ شهر تهران,شورا,tehran:m1304,فرهاد معنوی,residential,0.26,23.58,41.37,-3.0,24.43,35.71,51.5,https://www.openstreetmap.org/?mlat=35.71351&mlon=51.49569#map=17/35.71351/51.49569,A
منطقه ۱۳ شهر تهران,شورا,tehran:m1304,رضا جدیدی,residential,0.26,23.58,41.39,-2.9,24.5,35.71,51.49,https://www.openstreetmap.org/?mlat=35.71157&mlon=51.49484#map=17/35.71157/51.49484,A
منطقه ۱۳ شهر تهران,شورا,tehran:m1304,محمود عبدالحمیدی,residential,0.24,23.58,41.47,-2.7,24.72,35.71,51.5,https://www.openstreetmap.org/?mlat=35.71447&mlon=51.49623#map=17/35.71447/51.49623,A
منطقه ۷ شهر تهران,نیلوفر,tehran:m701,باقر حبیبی,residential,0.23,49.28,48.4,-11.0,46.34,35.74,51.44,https://www.openstreetmap.org/?mlat=35.74209&mlon=51.43894#map=17/35.74209/51.43894,B
منطقه ۷ شهر تهران,نیلوفر,tehran:m701,ابراهیمی,residential,0.21,49.28,49.0,-9.9,47.55,35.74,51.44,https://www.openstreetmap.org/?mlat=35.74014&mlon=51.43662#map=17/35.74014/51.43662,B
منطقه ۷ شهر تهران,نیلوفر,tehran:m701,قرقاول,residential,0.23,49.28,49.0,-9.9,47.56,35.74,51.44,https://www.openstreetmap.org/?mlat=35.74159&mlon=51.43896#map=17/35.74159/51.43896,B
منطقه ۷ شهر تهران,نیلوفر,tehran:m701,پانزدهم,tertiary,0.23,49.28,49.15,-9.6,47.88,35.74,51.43,https://www.openstreetmap.org/?mlat=35.74033&mlon=51.43414#map=17/35.74033/51.43414,B
منطقه ۷ شهر تهران,نیلوفر,tehran:m701,خیابان بیست و ششم,residential,0.21,49.28,50.12,-7.8,49.81,35.74,51.44,https://www.openstreetmap.org/?mlat=35.74011&mlon=51.43825#map=17/35.74011/51.43825,B
منطقه ۷ شهر تهران,نیلوفر,tehran:m701,خیابان ۱۱,residential,0.11,49.28,50.37,-7.3,50.28,35.74,51.43,https://www.openstreetmap.org/?mlat=35.73923&mlon=51.43489#map=17/35.73923/51.43489,B
منطقه ۸ شهر تهران,زرکش,tehran:m809,یدالله سلیمی افضل,residential,0.24,67.77,39.63,-9.5,29.75,35.72,51.48,https://www.openstreetmap.org/?mlat=35.71541&mlon=51.47560#map=17/35.71541/51.47560,A
منطقه ۸ شهر تهران,زرکش,tehran:m809,شجاع‌الدین داوودی,tertiary,0.34,82.67,38.33,-12.5,30.27,35.71,51.48,https://www.openstreetmap.org/?mlat=35.71216&mlon=51.47728#map=17/35.71216/51.47728,A
منطقه ۸ شهر تهران,زرکش,tehran:m809,اکبر شهبازی,residential,0.2,78.72,39.96,-8.8,33.02,35.72,51.48,https://www.openstreetmap.org/?mlat=35.71541&mlon=51.47610#map=17/35.71541/51.47610,A
منطقه ۸ شهر تهران,زرکش,tehran:m809,حسین درویش,residential,0.26,102.21,40.06,-8.6,39.19,35.71,51.48,https://www.openstreetmap.org/?mlat=35.71316&mlon=51.47810#map=17/35.71316/51.47810,A
منطقه ۸ شهر تهران,زرکش,tehran:m809,زرین,residential,0.26,101.74,40.18,-8.3,39.47,35.71,51.48,https://www.openstreetmap.org/?mlat=35.71228&mlon=51.47911#map=17/35.71228/51.47911,A
منطقه ۸ شهر تهران,زرکش,tehran:m809,حسن نجاری,residential,0.27,109.54,40.04,-8.6,40.8,35.71,51.48,https://www.openstreetmap.org/?mlat=35.71465&mlon=51.47641#map=17/35.71465/51.47641,A
منطقه ۸ شهر تهران,تسلیحات,tehran:m810,سعید بوربور ثانی,residential,0.12,0.0,36.18,-5.5,6.66,35.72,51.47,https://www.openstreetmap.org/?mlat=35.71930&mlon=51.47179#map=17/35.71930/51.47179,B
منطقه ۸ شهر تهران,تسلیحات,tehran:m810,عندالله,residential,0.27,0.0,36.37,-5.0,6.86,35.72,51.47,https://www.openstreetmap.org/?mlat=35.71864&mlon=51.47320#map=17/35.71864/51.47320,B
منطقه ۸ شهر تهران,تسلیحات,tehran:m810,بختیاری نژاد,residential,0.11,0.0,36.4,-4.9,6.88,35.72,51.47,https://www.openstreetmap.org/?mlat=35.71706&mlon=51.47235#map=17/35.71706/51.47235,B
منطقه ۸ شهر تهران,تسلیحات,tehran:m810,برادران یوسفی جاوید,residential,0.15,0.0,36.41,-4.9,6.9,35.72,51.47,https://www.openstreetmap.org/?mlat=35.71884&mlon=51.47331#map=17/35.71884/51.47331,B
منطقه ۸ شهر تهران,تسلیحات,tehran:m810,ابولفضل شفیعی,residential,0.12,0.0,36.81,-3.9,7.31,35.72,51.47,https://www.openstreetmap.org/?mlat=35.71974&mlon=51.47180#map=17/35.71974/51.47180,B
منطقه ۸ شهر تهران,تسلیحات,tehran:m810,جمال موسوی,residential,0.12,0.0,36.85,-3.8,7.35,35.72,51.47,https://www.openstreetmap.org/?mlat=35.71929&mlon=51.47316#map=17/35.71929/51.47316,B
منطقه ۱۳ شهر تهران,میدان امامت,tehran:m1303,فرهاد معنوی,residential,0.12,57.24,40.79,-9.5,30.55,35.71,51.49,https://www.openstreetmap.org/?mlat=35.71410&mlon=51.49373#map=17/35.71410/51.49373,C
منطقه ۱۳ شهر تهران,میدان امامت,tehran:m1303,رضا مدنی,residential,0.22,51.93,41.64,-7.6,31.69,35.71,51.49,https://www.openstreetmap.org/?mlat=35.71328&mlon=51.49277#map=17/35.71328/51.49277,C
منطقه ۱۳ شهر تهران,میدان امامت,tehran:m1303,مصطفی حسینی,residential,0.32,56.82,41.63,-7.6,32.82,35.71,51.49,https://www.openstreetmap.org/?mlat=35.71474&mlon=51.49297#map=17/35.71474/51.49297,C
منطقه ۱۳ شهر تهران,میدان امامت,tehran:m1303,حسن زارع,residential,0.7,58.96,42.3,-6.2,34.99,35.71,51.49,https://www.openstreetmap.org/?mlat=35.71114&mlon=51.49244#map=17/35.71114/51.49244,C
منطقه ۱۳ شهر تهران,میدان امامت,tehran:m1303,علیرضا محسنی,residential,0.11,62.24,42.51,-5.7,36.05,35.71,51.49,https://www.openstreetmap.org/?mlat=35.71297&mlon=51.49188#map=17/35.71297/51.49188,C
منطقه ۱۳ شهر تهران,میدان امامت,tehran:m1303,ناصر ترابی,residential,0.12,46.88,44.03,-2.3,36.11,35.71,51.49,https://www.openstreetmap.org/?mlat=35.70819&mlon=51.49115#map=17/35.70819/51.49115,C
منطقه ۸ شهر تهران,فدک,tehran:m803,هفتاد و هشتم,residential,0.14,77.78,44.89,-7.3,45.33,35.72,51.48,https://www.openstreetmap.org/?mlat=35.72188&mlon=51.48401#map=17/35.72188/51.48401,A
منطقه ۸ شهر تهران,فدک,tehran:m803,۷۸,residential,0.18,77.78,44.89,-7.3,45.34,35.72,51.48,https://www.openstreetmap.org/?mlat=35.72181&mlon=51.48399#map=17/35.72181/51.48399,A
منطقه ۸ شهر تهران,فدک,tehran:m803,۷۹,residential,0.17,77.78,44.96,-7.2,45.51,35.72,51.48,https://www.openstreetmap.org/?mlat=35.72293&mlon=51.48421#map=17/35.72293/51.48421,A
منطقه ۸ شهر تهران,فدک,tehran:m803,۸۷,residential,0.13,77.78,45.17,-6.7,46.02,35.72,51.48,https://www.openstreetmap.org/?mlat=35.72208&mlon=51.48159#map=17/35.72208/51.48159,A
منطقه ۸ شهر تهران,فدک,tehran:m803,حسین قنبریان,residential,0.4,81.86,45.2,-6.7,47.11,35.72,51.48,https://www.openstreetmap.org/?mlat=35.72292&mlon=51.48265#map=17/35.72292/51.48265,A
منطقه ۸ شهر تهران,فدک,tehran:m803,مجید تاج الدین,residential,0.39,83.54,45.09,-6.9,47.2,35.72,51.48,https://www.openstreetmap.org/?mlat=35.72223&mlon=51.48251#map=17/35.72223/51.48251,A
منطقه ۸ شهر تهران,کرمان,tehran:m802,علی اکبر ایزدی شمالی,residential,0.21,2.34,37.39,-15.7,10.71,35.73,51.47,https://www.openstreetmap.org/?mlat=35.73086&mlon=51.46589#map=17/35.73086/51.46589,A
منطقه ۸ شهر تهران,کرمان,tehran:m802,انوار,residential,0.21,2.34,37.54,-15.4,10.93,35.73,51.47,https://www.openstreetmap.org/?mlat=35.73037&mlon=51.46643#map=17/35.73037/51.46643,A
منطقه ۸ شهر تهران,کرمان,tehran:m802,شهید صالحی,residential,0.15,2.34,37.76,-14.9,11.23,35.73,51.47,https://www.openstreetmap.org/?mlat=35.73013&mlon=51.46736#map=17/35.73013/51.46736,A
منطقه ۸ شهر تهران,کرمان,tehran:m802,الحسینی,residential,0.1,2.34,38.51,-13.2,12.54,35.73,51.47,https://www.openstreetmap.org/?mlat=35.72985&mlon=51.46905#map=17/35.72985/51.46905,A
منطقه ۸ شهر تهران,کرمان,tehran:m802,رحمتی,residential,0.2,2.34,39.16,-11.7,13.87,35.73,51.47,https://www.openstreetmap.org/?mlat=35.73240&mlon=51.46941#map=17/35.73240/51.46941,A
منطقه ۸ شهر تهران,کرمان,tehran:m802,مجید قاری شمالی,residential,0.43,13.67,38.38,-13.5,14.76,35.73,51.47,https://www.openstreetmap.org/?mlat=35.73006&mlon=51.46851#map=17/35.73006/51.46851,A
منطقه ۷ شهر تهران,دبستان,tehran:m702,میر شریفی,residential,0.14,35.27,42.75,-13.2,30.69,35.74,51.46,https://www.openstreetmap.org/?mlat=35.73651&mlon=51.46303#map=17/35.73651/51.46303,C
منطقه ۷ شهر تهران,دبستان,tehran:m702,آزادی,residential,0.14,31.55,43.08,-12.5,30.91,35.74,51.46,https://www.openstreetmap.org/?mlat=35.73641&mlon=51.46277#map=17/35.73641/51.46277,C
منطقه ۷ شهر تهران,دبستان,tehran:m702,برادران رحیمی,residential,0.1,46.94,42.01,-14.7,31.32,35.74,51.46,https://www.openstreetmap.org/?mlat=35.73764&mlon=51.46417#map=17/35.73764/51.46417,C
منطقه ۷ شهر تهران,دبستان,tehran:m702,مقیسه,residential,0.2,42.93,42.72,-13.2,32.28,35.74,51.46,https://www.openstreetmap.org/?mlat=35.73866&mlon=51.46439#map=17/35.73866/51.46439,C
منطقه ۷ شهر تهران,دبستان,tehran:m702,یکم,residential,0.13,46.94,43.04,-12.6,33.95,35.74,51.46,https://www.openstreetmap.org/?mlat=35.73657&mlon=51.46291#map=17/35.73657/51.46291,C
منطقه ۷ شهر تهران,دبستان,tehran:m702,کاظمی,residential,0.14,46.94,43.07,-12.5,34.06,35.74,51.46,https://www.openstreetmap.org/?mlat=35.73587&mlon=51.46251#map=17/35.73587/51.46251,C
منطقه ۸ شهر تهران,هفت حوض,tehran:m804,۷۰,residential,0.23,73.72,45.09,-18.3,44.78,35.72,51.49,https://www.openstreetmap.org/?mlat=35.72208&mlon=51.48638#map=17/35.72208/51.48638,A
منطقه ۸ شهر تهران,هفت حوض,tehran:m804,سوم غربی,residential,0.1,73.72,45.24,-18.0,45.15,35.72,51.49,https://www.openstreetmap.org/?mlat=35.72249&mlon=51.48674#map=17/35.72249/51.48674,A
منطقه ۸ شهر تهران,هفت حوض,tehran:m804,پنجاه و هشتم,residential,0.14,70.17,45.73,-17.2,45.58,35.72,51.49,https://www.openstreetmap.org/?mlat=35.72185&mlon=51.48839#map=17/35.72185/51.48839,A
منطقه ۸ شهر تهران,هفت حوض,tehran:m804,میدان ۵۸,residential,0.25,73.72,45.74,-17.1,46.35,35.72,51.49,https://www.openstreetmap.org/?mlat=35.72183&mlon=51.48853#map=17/35.72183/51.48853,A
منطقه ۸ شهر تهران,هفت حوض,tehran:m804,دوم غربی,residential,0.13,73.72,45.76,-17.1,46.4,35.72,51.49,https://www.openstreetmap.org/?mlat=35.72250&mlon=51.48722#map=17/35.72250/51.48722,A
منطقه ۸ شهر تهران,هفت حوض,tehran:m804,۷۱,residential,0.22,73.72,46.61,-15.5,48.36,35.72,51.49,https://www.openstreetmap.org/?mlat=35.72424&mlon=51.48680#map=17/35.72424/51.48680,A
منطقه ۸ شهر تهران,مدائن,tehran:m805,۴۰,residential,0.25,99.6,48.04,-12.5,57.68,35.72,51.49,https://www.openstreetmap.org/?mlat=35.72129&mlon=51.49332#map=17/35.72129/51.49332,B
منطقه ۸ شهر تهران,مدائن,tehran:m805,چهلم,residential,0.14,99.6,48.04,-12.5,57.69,35.72,51.49,https://www.openstreetmap.org/?mlat=35.72127&mlon=51.49332#map=17/35.72127/51.49332,B
منطقه ۸ شهر تهران,مدائن,tehran:m805,بیست و ششم,residential,0.17,99.6,48.43,-11.8,58.38,35.72,51.5,https://www.openstreetmap.org/?mlat=35.72080&mlon=51.49539#map=17/35.72080/51.49539,B
منطقه ۸ شهر تهران,مدائن,tehran:m805,حبیبی,residential,0.11,99.6,48.98,-10.8,59.48,35.72,51.5,https://www.openstreetmap.org/?mlat=35.72066&mlon=51.49698#map=17/35.72066/51.49698,B
منطقه ۸ شهر تهران,مدائن,tehran:m805,فشمی,residential,0.11,99.56,49.27,-10.2,60.08,35.72,51.5,https://www.openstreetmap.org/?mlat=35.72042&mlon=51.49878#map=17/35.72042/51.49878,B
منطقه ۸ شهر تهران,مدائن,tehran:m805,چنگیز دلاور,residential,0.4,99.6,49.76,-9.3,61.1,35.72,51.49,https://www.openstreetmap.org/?mlat=35.72219&mlon=51.49445#map=17/35.72219/51.49445,B
منطقه ۱۳ شهر تهران,آشتیانی,tehran:m1305,مسیر اتوبوس,service,0.72,0.0,35.63,-25.3,6.21,35.72,51.52,https://www.openstreetmap.org/?mlat=35.72178&mlon=51.51623#map=17/35.72178/51.51623,B
منطقه ۱۳ شهر تهران,آشتیانی,tehran:m1305,اقدسی,residential,0.21,44.91,43.77,-8.3,35.24,35.72,51.51,https://www.openstreetmap.org/?mlat=35.72025&mlon=51.51115#map=17/35.72025/51.51115,B
منطقه ۱۳ شهر تهران,آشتیانی,tehran:m1305,تیموری فر,residential,0.27,98.23,45.27,-5.1,51.21,35.72,51.5,https://www.openstreetmap.org/?mlat=35.71622&mlon=51.49940#map=17/35.71622/51.49940,B
منطقه ۱۳ شهر تهران,آشتیانی,tehran:m1305,محمدی,residential,0.16,114.03,45.06,-5.6,54.8,35.71,51.5,https://www.openstreetmap.org/?mlat=35.71335&mlon=51.50012#map=17/35.71335/51.50012,B
منطقه ۱۳ شهر تهران,آشتیانی,tehran:m1305,ابولفضل عباسی,residential,0.18,104.95,46.01,-3.6,54.95,35.72,51.5,https://www.openstreetmap.org/?mlat=35.71682&mlon=51.49966#map=17/35.71682/51.49966,B
منطقه ۱۳ شهر تهران,آشتیانی,tehran:m1305,رجبی نیا,residential,0.11,117.92,46.22,-3.1,58.43,35.72,51.5,https://www.openstreetmap.org/?mlat=35.71595&mlon=51.50048#map=17/35.71595/51.50048,B
منطقه ۱۳ شهر تهران,شهرک زینبیه,tehran:m1307,میدان ولایت,living_street,0.18,138.12,43.55,-10.0,55.64,35.71,51.5,https://www.openstreetmap.org/?mlat=35.70694&mlon=51.50421#map=17/35.70694/51.50421,B
منطقه ۱۳ شهر تهران,شهرک زینبیه,tehran:m1307,ورودی شهرک زینبیه,living_street,0.13,109.9,46.44,-4.1,56.97,35.71,51.51,https://www.openstreetmap.org/?mlat=35.70991&mlon=51.50736#map=17/35.70991/51.50736,B
منطقه ۱۳ شهر تهران,شهرک زینبیه,tehran:m1307,خیابان شهید قدرتی,living_street,0.69,86.22,50.57,4.5,59.07,35.71,51.51,https://www.openstreetmap.org/?mlat=35.71167&mlon=51.50784#map=17/35.71167/51.50784,B
منطقه ۱۳ شهر تهران,شهرک زینبیه,tehran:m1307,شکوفه ۲,living_street,1.37,93.66,50.38,4.1,60.76,35.71,51.51,https://www.openstreetmap.org/?mlat=35.71210&mlon=51.50699#map=17/35.71210/51.50699,B
منطقه ۸ شهر تهران,دردشت,tehran:m806,یکم ولیعصر,residential,0.11,81.42,48.91,-4.3,54.84,35.73,51.51,https://www.openstreetmap.org/?mlat=35.73068&mlon=51.50730#map=17/35.73068/51.50730,A
منطقه ۸ شهر تهران,دردشت,tehran:m806,اردکانی‌ها,residential,0.2,81.42,49.28,-3.6,55.62,35.73,51.51,https://www.openstreetmap.org/?mlat=35.73205&mlon=51.50720#map=17/35.73205/51.50720,A
منطقه ۸ شهر تهران,دردشت,tehran:m806,درفکی,residential,0.13,81.42,49.74,-2.7,56.56,35.73,51.51,https://www.openstreetmap.org/?mlat=35.73187&mlon=51.50646#map=17/35.73187/51.50646,A
منطقه ۸ شهر تهران,دردشت,tehran:m806,یعقوبی,residential,0.48,81.42,50.15,-1.9,57.3,35.73,51.51,https://www.openstreetmap.org/?mlat=35.73127&mlon=51.50616#map=17/35.73127/51.50616,A
منطقه ۸ شهر تهران,دردشت,tehran:m806,شیرازی,residential,0.12,81.42,50.19,-1.8,57.37,35.73,51.51,https://www.openstreetmap.org/?mlat=35.73223&mlon=51.50592#map=17/35.73223/51.50592,A
منطقه ۸ شهر تهران,دردشت,tehran:m806,حسین مطهری فر,residential,0.1,81.42,50.48,-1.2,57.93,35.73,51.51,https://www.openstreetmap.org/?mlat=35.73304&mlon=51.50559#map=17/35.73304/51.50559,A
منطقه ۵ شهر تهران,حصارک,tehran:m503,صحرا,residential,0.45,32.23,26.49,-21.0,12.03,35.78,51.31,https://www.openstreetmap.org/?mlat=35.78403&mlon=51.30766#map=17/35.78403/51.30766,B
منطقه ۵ شهر تهران,حصارک,tehran:m503,حاج نوروز حصارکی,residential,0.13,32.23,31.63,-5.6,13.52,35.78,51.31,https://www.openstreetmap.org/?mlat=35.78100&mlon=51.30748#map=17/35.78100/51.30748,B
منطقه ۵ شهر تهران,حصارک,tehran:m503,خیابان جراح تهرانی,residential,0.21,32.23,32.36,-3.5,13.85,35.78,51.31,https://www.openstreetmap.org/?mlat=35.78007&mlon=51.30718#map=17/35.78007/51.30718,B
منطقه ۵ شهر تهران,حصارک,tehran:m503,صدیق,residential,0.32,32.23,32.5,-3.0,13.91,35.78,51.31,https://www.openstreetmap.org/?mlat=35.78053&mlon=51.30767#map=17/35.78053/51.30767,B
منطقه ۵ شهر تهران,حصارک,tehran:m503,عباس حصارکی,residential,0.43,32.23,32.91,-1.8,14.1,35.78,51.31,https://www.openstreetmap.org/?mlat=35.78099&mlon=51.30831#map=17/35.78099/51.30831,B
منطقه ۵ شهر تهران,حصارک,tehran:m503,کشاورز,tertiary,0.94,43.64,31.97,-4.6,16.0,35.78,51.31,https://www.openstreetmap.org/?mlat=35.78094&mlon=51.30779#map=17/35.78094/51.30779,B
منطقه ۵ شهر تهران,شاهین - مخبری,tehran:m512,رز,residential,0.1,35.19,41.79,-5.5,28.21,35.76,51.31,https://www.openstreetmap.org/?mlat=35.75612&mlon=51.31159#map=17/35.75612/51.31159,A
منطقه ۵ شهر تهران,شاهین - مخبری,tehran:m512,یاسمن,residential,0.12,35.19,42.15,-4.7,29.1,35.76,51.31,https://www.openstreetmap.org/?mlat=35.75557&mlon=51.31166#map=17/35.75557/51.31166,A
منطقه ۵ شهر تهران,شاهین - مخبری,tehran:m512,دوازده متری نصرت,residential,0.19,35.19,42.5,-3.9,30.0,35.76,51.31,https://www.openstreetmap.org/?mlat=35.75846&mlon=51.31167#map=17/35.75846/51.31167,A
منطقه ۵ شهر تهران,شاهین - مخبری,tehran:m512,دوم,residential,0.16,35.19,42.59,-3.7,30.23,35.76,51.31,https://www.openstreetmap.org/?mlat=35.75741&mlon=51.31237#map=17/35.75741/51.31237,A
منطقه ۵ شهر تهران,شاهین - مخبری,tehran:m512,پارک,residential,0.13,35.19,42.87,-3.1,30.92,35.75,51.31,https://www.openstreetmap.org/?mlat=35.75496&mlon=51.31229#map=17/35.75496/51.31229,A
منطقه ۵ شهر تهران,شاهین - مخبری,tehran:m512,کاشیها,residential,0.41,35.19,42.96,-2.9,31.17,35.76,51.31,https://www.openstreetmap.org/?mlat=35.75584&mlon=51.31280#map=17/35.75584/51.31280,A
منطقه ۵ شهر تهران,جنت آباد مرکزی,tehran:m511,سمنانی,residential,0.16,15.06,39.72,-7.5,18.06,35.76,51.3,https://www.openstreetmap.org/?mlat=35.76229&mlon=51.29887#map=17/35.76229/51.29887,A
منطقه ۵ شهر تهران,جنت آباد مرکزی,tehran:m511,نسترن اول,residential,0.24,15.28,39.84,-7.2,18.4,35.76,51.3,https://www.openstreetmap.org/?mlat=35.76153&mlon=51.29977#map=17/35.76153/51.29977,A
منطقه ۵ شهر تهران,جنت آباد مرکزی,tehran:m511,محمد برقی,residential,0.55,15.06,40.04,-6.8,18.92,35.76,51.3,https://www.openstreetmap.org/?mlat=35.76035&mlon=51.29817#map=17/35.76035/51.29817,A
منطقه ۵ شهر تهران,جنت آباد مرکزی,tehran:m511,اقاقیا,residential,0.58,16.66,40.27,-6.2,19.89,35.76,51.3,https://www.openstreetmap.org/?mlat=35.76119&mlon=51.30144#map=17/35.76119/51.30144,A
منطقه ۵ شهر تهران,جنت آباد مرکزی,tehran:m511,رضایی غربی (چهارم),residential,0.18,17.58,40.43,-5.9,20.64,35.76,51.31,https://www.openstreetmap.org/?mlat=35.76013&mlon=51.30541#map=17/35.76013/51.30541,A
منطقه ۵ شهر تهران,جنت آباد مرکزی,tehran:m511,نسترن,residential,0.25,17.58,40.71,-5.2,21.39,35.76,51.3,https://www.openstreetmap.org/?mlat=35.76127&mlon=51.30330#map=17/35.76127/51.30330,A
منطقه ۵ شهر تهران,پونک,tehran:m514,سجاجید,residential,0.26,93.04,47.19,-8.5,54.28,35.75,51.32,https://www.openstreetmap.org/?mlat=35.75447&mlon=51.31828#map=17/35.75447/51.31828,C
منطقه ۵ شهر تهران,پونک,tehran:m514,صفری,residential,0.19,93.04,47.32,-8.3,54.5,35.76,51.32,https://www.openstreetmap.org/?mlat=35.75547&mlon=51.31803#map=17/35.75547/51.31803,C
منطقه ۵ شهر تهران,پونک,tehran:m514,بامداد,residential,0.28,93.04,47.42,-8.1,54.74,35.75,51.32,https://www.openstreetmap.org/?mlat=35.75491&mlon=51.31834#map=17/35.75491/51.31834,C
منطقه ۵ شهر تهران,پونک,tehran:m514,لاله,residential,0.17,93.04,47.46,-8.0,54.83,35.76,51.32,https://www.openstreetmap.org/?mlat=35.75747&mlon=51.31798#map=17/35.75747/51.31798,C
منطقه ۵ شهر تهران,پونک,tehran:m514,احداثی جنوبی,residential,0.11,93.04,48.25,-6.5,56.31,35.76,51.32,https://www.openstreetmap.org/?mlat=35.75523&mlon=51.31906#map=17/35.75523/51.31906,C
منطقه ۵ شهر تهران,پونک,tehran:m514,نوزدهم بهمن,residential,0.28,93.04,48.51,-6.0,56.77,35.76,51.32,https://www.openstreetmap.org/?mlat=35.75629&mlon=51.31888#map=17/35.75629/51.31888,C
منطقه ۲ شهر تهران,ایوانک,tehran:m214,آبان,residential,0.16,137.93,33.37,-29.6,37.84,35.75,51.36,https://www.openstreetmap.org/?mlat=35.75131&mlon=51.35593#map=17/35.75131/51.35593,C
منطقه ۲ شهر تهران,ایوانک,tehran:m214,سروستان غربی,residential,0.18,147.73,32.71,-31.0,38.83,35.75,51.35,https://www.openstreetmap.org/?mlat=35.75206&mlon=51.34503#map=17/35.75206/51.34503,C
منطقه ۲ شهر تهران,ایوانک,tehran:m214,آشتیان غربی,residential,0.18,147.73,34.64,-26.9,39.8,35.75,51.34,https://www.openstreetmap.org/?mlat=35.75296&mlon=51.34468#map=17/35.75296/51.34468,C
منطقه ۲ شهر تهران,ایوانک,tehran:m214,سروستان شرقی,residential,0.18,147.73,34.88,-26.4,39.92,35.75,51.35,https://www.openstreetmap.org/?mlat=35.75259&mlon=51.34693#map=17/35.75259/51.34693,C
منطقه ۲ شهر تهران,ایوانک,tehran:m214,گذر فروردین,residential,0.13,137.93,37.24,-21.4,40.67,35.75,51.36,https://www.openstreetmap.org/?mlat=35.75074&mlon=51.35985#map=17/35.75074/51.35985,C
منطقه ۲ شهر تهران,ایوانک,tehran:m214,گذر دوم,residential,0.1,147.73,36.26,-23.5,40.96,35.75,51.35,https://www.openstreetmap.org/?mlat=35.75288&mlon=51.34992#map=17/35.75288/51.34992,C
منطقه ۲ شهر تهران,شهرک قدس,tehran:m213,۹,residential,0.14,277.49,45.35,-13.9,71.72,35.76,51.38,https://www.openstreetmap.org/?mlat=35.76021&mlon=51.38323#map=17/35.76021/51.38323,B
منطقه ۲ شهر تهران,شهرک قدس,tehran:m213,۷,residential,0.15,277.49,46.44,-11.8,74.29,35.76,51.38,https://www.openstreetmap.org/?mlat=35.75934&mlon=51.38322#map=17/35.75934/51.38322,B
منطقه ۲ شهر تهران,شهرک قدس,tehran:m213,همافر,residential,0.16,245.07,49.62,-5.8,78.85,35.76,51.38,https://www.openstreetmap.org/?mlat=35.75986&mlon=51.37895#map=17/35.75986/51.37895,B
منطقه ۲ شهر تهران,شهرک قدس,tehran:m213,۱۴,residential,0.12,245.07,50.08,-4.9,79.74,35.76,51.37,https://www.openstreetmap.org/?mlat=35.76043&mlon=51.37343#map=17/35.76043/51.37343,B
منطقه ۲ شهر تهران,شهرک قدس,tehran:m213,۱۶,residential,0.13,245.07,50.23,-4.7,80.0,35.76,51.37,https://www.openstreetmap.org/?mlat=35.76113&mlon=51.37391#map=17/35.76113/51.37391,B
منطقه ۲ شهر تهران,شهرک قدس,tehran:m213,۳۰۴,residential,0.17,245.07,50.27,-4.6,80.11,35.76,51.38,https://www.openstreetmap.org/?mlat=35.76272&mlon=51.38000#map=17/35.76272/51.38000,B
منطقه ۲ شهر تهران,درختی,tehran:m209,سروناز,residential,0.38,90.24,39.9,-27.2,35.58,35.77,51.34,https://www.openstreetmap.org/?mlat=35.76890&mlon=51.34351#map=17/35.76890/51.34351,B
منطقه ۲ شهر تهران,درختی,tehran:m209,سهند,service,0.2,74.79,41.88,-23.6,37.37,35.77,51.35,https://www.openstreetmap.org/?mlat=35.76667&mlon=51.34509#map=17/35.76667/51.34509,B
منطقه ۲ شهر تهران,درختی,tehran:m209,ارغوان غربی,residential,1.1,87.87,42.93,-21.7,43.11,35.77,51.35,https://www.openstreetmap.org/?mlat=35.76721&mlon=51.34568#map=17/35.76721/51.34568,B
منطقه ۲ شهر تهران,درختی,tehran:m209,گلریزان یکم,residential,0.1,113.43,40.93,-25.3,44.39,35.77,51.34,https://www.openstreetmap.org/?mlat=35.77023&mlon=51.34368#map=17/35.77023/51.34368,B
منطقه ۲ شهر تهران,درختی,tehran:m209,گلباران,residential,0.13,113.43,41.48,-24.3,46.02,35.77,51.34,https://www.openstreetmap.org/?mlat=35.77071&mlon=51.34372#map=17/35.77071/51.34372,B
منطقه ۲ شهر تهران,درختی,tehran:m209,پاییزان,residential,0.16,113.43,41.61,-24.1,46.4,35.77,51.34,https://www.openstreetmap.org/?mlat=35.77008&mlon=51.34430#map=17/35.77008/51.34430,B
منطقه ۲ شهر تهران,شهرک مخابرات,tehran:m203,آریان,residential,0.53,323.22,43.6,-19.4,68.8,35.8,51.36,https://www.openstreetmap.org/?mlat=35.80211&mlon=51.36070#map=17/35.80211/51.36070,C
منطقه ۲ شهر تهران,شهرک مخابرات,tehran:m203,حافظ اسماعیلی,tertiary,0.17,127.08,53.47,-1.2,73.65,35.79,51.35,https://www.openstreetmap.org/?mlat=35.78888&mlon=51.35175#map=17/35.78888/51.35175,C
منطقه ۲ شهر تهران,شهرک مخابرات,tehran:m203,علی نصیریان,tertiary,0.3,127.08,53.85,-0.5,74.2,35.79,51.35,https://www.openstreetmap.org/?mlat=35.78838&mlon=51.35450#map=17/35.78838/51.35450,C
منطقه ۲ شهر تهران,شهرک مخابرات,tehran:m203,چهارم,residential,0.1,176.02,52.67,-2.6,79.5,35.79,51.36,https://www.openstreetmap.org/?mlat=35.78597&mlon=51.36335#map=17/35.78597/51.36335,C
منطقه ۲ شهر تهران,شهرک مخابرات,tehran:m203,هشتم,residential,0.11,169.23,53.39,-1.3,79.85,35.79,51.36,https://www.openstreetmap.org/?mlat=35.78704&mlon=51.36339#map=17/35.78704/51.36339,C
منطقه ۲ شهر تهران,شهرک مخابرات,tehran:m203,ششم,residential,0.1,176.02,53.01,-2.0,80.11,35.79,51.36,https://www.openstreetmap.org/?mlat=35.78649&mlon=51.36335#map=17/35.78649/51.36335,C
منطقه ۲ شهر تهران,شهرک بوعلی,tehran:m204,بلوک های 606-604-605,residential,0.11,128.52,54.17,-4.5,75.07,35.79,51.36,https://www.openstreetmap.org/?mlat=35.78726&mlon=51.36464#map=17/35.78726/51.36464,C
منطقه ۲ شهر تهران,شهرک بوعلی,tehran:m204,بلوار شهدای شرکت برق,residential,0.62,208.32,49.73,-12.3,77.17,35.8,51.37,https://www.openstreetmap.org/?mlat=35.79502&mlon=51.37050#map=17/35.79502/51.37050,C
منطقه ۲ شهر تهران,شهرک بوعلی,tehran:m204,کوچه مهر و ماه,residential,0.25,128.52,56.54,-0.3,77.57,35.79,51.37,https://www.openstreetmap.org/?mlat=35.78818&mlon=51.36641#map=17/35.78818/51.36641,C
منطقه ۲ شهر تهران,شهرک بوعلی,tehran:m204,شقایق,residential,0.17,143.09,57.33,1.1,80.55,35.79,51.37,https://www.openstreetmap.org/?mlat=35.79243&mlon=51.37197#map=17/35.79243/51.37197,C
منطقه ۲ شهر تهران,شهرک بوعلی,tehran:m204,لادن غربی,residential,0.17,175.03,58.52,3.2,85.68,35.79,51.37,https://www.openstreetmap.org/?mlat=35.78885&mlon=51.36819#map=17/35.78885/51.36819,C
منطقه ۲ شهر تهران,شهرک بوعلی,tehran:m204,سنگ معدن,service,0.78,244.28,56.1,-1.1,88.88,35.8,51.37,https://www.openstreetmap.org/?mlat=35.79576&mlon=51.36553#map=17/35.79576/51.36553,C
منطقه ۲ شهر تهران,آسمان,tehran:m207,ایثار,residential,0.16,54.26,50.34,-7.3,51.6,35.78,51.35,https://www.openstreetmap.org/?mlat=35.78344&mlon=51.35164#map=17/35.78344/51.35164,C
منطقه ۲ شهر تهران,آسمان,tehran:m207,بلوار گلدیسان,tertiary,0.59,54.26,51.37,-5.4,53.54,35.78,51.35,https://www.openstreetmap.org/?mlat=35.78286&mlon=51.35283#map=17/35.78286/51.35283,C
منطقه ۲ شهر تهران,آسمان,tehran:m207,آسمان دوازدهم شرقی,tertiary,0.45,54.26,52.04,-4.1,54.76,35.78,51.36,https://www.openstreetmap.org/?mlat=35.78364&mlon=51.35803#map=17/35.78364/51.35803,C
منطقه ۲ شهر تهران,آسمان,tehran:m207,نگین,residential,0.19,54.26,52.48,-3.3,55.55,35.78,51.35,https://www.openstreetmap.org/?mlat=35.78202&mlon=51.35436#map=17/35.78202/51.35436,C
منطقه ۲ شهر تهران,آسمان,tehran:m207,سپیدار,residential,0.38,54.26,52.5,-3.3,55.57,35.78,51.35,https://www.openstreetmap.org/?mlat=35.78169&mlon=51.35385#map=17/35.78169/51.35385,C
منطقه ۲ شهر تهران,آسمان,tehran:m207,آسمان یازدهم شرقی,residential,0.18,54.26,52.52,-3.3,55.58,35.78,51.36,https://www.openstreetmap.org/?mlat=35.78294&mlon=51.35665#map=17/35.78294/51.35665,C
منطقه ۳ شهر تهران,آرارات,tehran:m302,خیابان تهران,service,0.65,103.24,51.52,-17.0,65.35,35.79,51.4,https://www.openstreetmap.org/?mlat=35.78859&mlon=51.39688#map=17/35.78859/51.39688,A
منطقه ۳ شهر تهران,آرارات,tehran:m302,میدان ملل,service,0.23,103.24,54.1,-12.9,69.63,35.79,51.39,https://www.openstreetmap.org/?mlat=35.78821&mlon=51.39475#map=17/35.78821/51.39475,A
منطقه ۳ شهر تهران,آرارات,tehran:m302,میدان تهران,service,0.22,120.02,51.81,-16.5,69.75,35.79,51.4,https://www.openstreetmap.org/?mlat=35.78913&mlon=51.39889#map=17/35.78913/51.39889,A
منطقه ۳ شهر تهران,آرارات,tehran:m302,خلیج فارس,service,1.24,118.89,52.38,-15.6,70.61,35.79,51.4,https://www.openstreetmap.org/?mlat=35.78875&mlon=51.39729#map=17/35.78875/51.39729,A
منطقه ۳ شهر تهران,آرارات,tehran:m302,نمایشگاه بین المللی تهران,unclassified,0.84,141.4,50.77,-18.2,71.52,35.79,51.4,https://www.openstreetmap.org/?mlat=35.78693&mlon=51.39842#map=17/35.78693/51.39842,A
منطقه ۳ شهر تهران,آرارات,tehran:m302,امید,residential,0.16,126.82,55.51,-10.6,76.07,35.77,51.4,https://www.openstreetmap.org/?mlat=35.76836&mlon=51.39761#map=17/35.76836/51.39761,A
منطقه ۲ شهر تهران,سعادت آباد,tehran:m206,محمد بزرگی,residential,0.18,118.16,48.37,-20.9,62.79,35.78,51.39,https://www.openstreetmap.org/?mlat=35.78223&mlon=51.39020#map=17/35.78223/51.39020,B
منطقه ۲ شهر تهران,سعادت آباد,tehran:m206,بلوک ۹,residential,0.32,189.95,48.04,-21.5,72.17,35.78,51.39,https://www.openstreetmap.org/?mlat=35.78432&mlon=51.39162#map=17/35.78432/51.39162,B
منطقه ۲ شهر تهران,سعادت آباد,tehran:m206,گلها,residential,0.11,186.96,49.37,-19.3,74.44,35.78,51.39,https://www.openstreetmap.org/?mlat=35.78262&mlon=51.39154#map=17/35.78262/51.39154,B
منطقه ۲ شهر تهران,سعادت آباد,tehran:m206,گلسار,residential,0.11,121.73,55.62,-9.1,75.45,35.78,51.36,https://www.openstreetmap.org/?mlat=35.78220&mlon=51.36281#map=17/35.78220/51.36281,B
منطقه ۲ شهر تهران,سعادت آباد,tehran:m206,نهال,residential,0.3,186.96,50.14,-18.1,75.93,35.78,51.39,https://www.openstreetmap.org/?mlat=35.78243&mlon=51.39220#map=17/35.78243/51.39220,B
منطقه ۲ شهر تهران,سعادت آباد,tehran:m206,داوود حسینی,tertiary,0.48,121.73,56.12,-8.3,75.96,35.78,51.36,https://www.openstreetmap.org/?mlat=35.78276&mlon=51.36432#map=17/35.78276/51.36432,B
منطقه ۱ شهر تهران,درکه,tehran:m101,شیرکوه,residential,0.13,67.23,15.15,-37.4,19.5,35.81,51.38,https://www.openstreetmap.org/?mlat=35.80671&mlon=51.37584#map=17/35.80671/51.37584,B
منطقه ۱ شهر تهران,درکه,tehran:m101,البرز,residential,0.25,67.23,17.46,-27.8,19.51,35.81,51.38,https://www.openstreetmap.org/?mlat=35.80591&mlon=51.37697#map=17/35.80591/51.37697,B
منطقه ۱ شهر تهران,درکه,tehran:m101,چهار سوق,residential,0.11,67.23,18.31,-24.3,19.52,35.81,51.38,https://www.openstreetmap.org/?mlat=35.80708&mlon=51.37728#map=17/35.80708/51.37728,B
منطقه ۱ شهر تهران,درکه,tehran:m101,ایزدی,residential,0.32,67.23,18.99,-21.4,19.54,35.81,51.38,https://www.openstreetmap.org/?mlat=35.80590&mlon=51.37778#map=17/35.80590/51.37778,B
منطقه ۱ شهر تهران,درکه,tehran:m101,بیژن نعیمی,residential,0.25,67.23,19.42,-19.7,19.54,35.81,51.38,https://www.openstreetmap.org/?mlat=35.80833&mlon=51.37899#map=17/35.80833/51.37899,B
منطقه ۱ شهر تهران,درکه,tehran:m101,سهند,residential,0.12,67.23,22.71,-6.1,19.65,35.81,51.38,https://www.openstreetmap.org/?mlat=35.80605&mlon=51.37972#map=17/35.80605/51.37972,B
منطقه ۱ شهر تهران,اوین,tehran:m102,کوی دانشگاه,service,0.56,105.28,37.28,-36.6,34.48,35.81,51.39,https://www.openstreetmap.org/?mlat=35.80580&mlon=51.39200#map=17/35.80580/51.39200,B
منطقه ۱ شهر تهران,اوین,tehran:m102,کوهپایه,residential,0.22,162.42,27.39,-53.4,39.12,35.81,51.39,https://www.openstreetmap.org/?mlat=35.80665&mlon=51.38666#map=17/35.80665/51.38666,B
منطقه ۱ شهر تهران,اوین,tehran:m102,زارع بیدکی,service,1.96,135.36,37.14,-36.8,40.08,35.8,51.39,https://www.openstreetmap.org/?mlat=35.80257&mlon=51.39240#map=17/35.80257/51.39240,B
منطقه ۱ شهر تهران,اوین,tehran:m102,تیر,residential,0.11,161.6,31.52,-46.4,40.14,35.8,51.39,https://www.openstreetmap.org/?mlat=35.80380&mlon=51.38868#map=17/35.80380/51.38868,B
منطقه ۱ شهر تهران,اوین,tehran:m102,شاه حسینی,residential,0.98,161.6,32.31,-45.0,40.51,35.8,51.39,https://www.openstreetmap.org/?mlat=35.80320&mlon=51.38904#map=17/35.80320/51.38904,B
منطقه ۱ شهر تهران,اوین,tehran:m102,داوودیان,tertiary,1.82,182.33,43.7,-25.6,61.82,35.8,51.39,https://www.openstreetmap.org/?mlat=35.79875&mlon=51.39199#map=17/35.79875/51.39199,B
منطقه ۱ شهر تهران,محمودیه,tehran:m114,پسیان,tertiary,0.23,141.85,48.67,-26.8,67.41,35.8,51.42,https://www.openstreetmap.org/?mlat=35.80142&mlon=51.41825#map=17/35.80142/51.41825,C
منطقه ۱ شهر تهران,محمودیه,tehran:m114,حیدری,residential,0.18,201.76,51.55,-22.4,80.14,35.8,51.42,https://www.openstreetmap.org/?mlat=35.80056&mlon=51.41693#map=17/35.80056/51.41693,C
منطقه ۱ شهر تهران,محمودیه,tehran:m114,ولی پورگودرزی,living_street,0.27,201.76,53.2,-19.9,83.02,35.8,51.42,https://www.openstreetmap.org/?mlat=35.79980&mlon=51.41733#map=17/35.79980/51.41733,C
منطقه ۱ شهر تهران,محمودیه,tehran:m114,شادی,residential,0.19,217.39,54.88,-17.4,86.19,35.8,51.41,https://www.openstreetmap.org/?mlat=35.79910&mlon=51.41331#map=17/35.79910/51.41331,C
منطقه ۱ شهر تهران,محمودیه,tehran:m114,شادیانه,residential,0.3,271.18,55.81,-16.0,90.14,35.8,51.42,https://www.openstreetmap.org/?mlat=35.79903&mlon=51.41612#map=17/35.79903/51.41612,C
منطقه ۱ شهر تهران,محمودیه,tehran:m114,همایون,residential,0.23,215.16,61.35,-7.7,90.74,35.8,51.41,https://www.openstreetmap.org/?mlat=35.79532&mlon=51.40604#map=17/35.79532/51.40604,C
منطقه ۳ شهر تهران,جلفا,tehran:m312,آبای قونانبای‌اولی,tertiary,0.42,109.61,46.66,-14.6,57.44,35.75,51.44,https://www.openstreetmap.org/?mlat=35.74762&mlon=51.44146#map=17/35.74762/51.44146,B
منطقه ۳ شهر تهران,جلفا,tehran:m312,نیلگون,residential,0.47,111.01,48.06,-12.0,60.52,35.75,51.44,https://www.openstreetmap.org/?mlat=35.74843&mlon=51.44161#map=17/35.74843/51.44161,B
منطقه ۳ شهر تهران,جلفا,tehran:m312,بن‌بست قو,residential,0.11,109.61,49.85,-8.7,63.73,35.75,51.44,https://www.openstreetmap.org/?mlat=35.74795&mlon=51.44327#map=17/35.74795/51.44327,B
منطقه ۳ شهر تهران,جلفا,tehran:m312,قناری غربی,residential,0.21,109.61,49.89,-8.7,63.82,35.75,51.44,https://www.openstreetmap.org/?mlat=35.74894&mlon=51.44285#map=17/35.74894/51.44285,B
منطقه ۳ شهر تهران,جلفا,tehran:m312,پروانه,residential,0.23,109.97,50.32,-7.9,64.67,35.74,51.44,https://www.openstreetmap.org/?mlat=35.74463&mlon=51.44091#map=17/35.74463/51.44091,B
منطقه ۳ شهر تهران,جلفا,tehran:m312,فاخته,residential,0.21,109.61,50.63,-7.3,65.23,35.75,51.44,https://www.openstreetmap.org/?mlat=35.74679&mlon=51.44252#map=17/35.74679/51.44252,B
منطقه ۳ شهر تهران,اراضی عباس آباد,tehran:m313,همت,residential,0.43,172.98,45.84,-26.8,65.7,35.75,51.43,https://www.openstreetmap.org/?mlat=35.74876&mlon=51.42769#map=17/35.74876/51.42769,B
منطقه ۳ شهر تهران,اراضی عباس آباد,tehran:m313,گرند هتل ارم,service,0.6,308.43,52.94,-15.5,87.47,35.75,51.44,https://www.openstreetmap.org/?mlat=35.75148&mlon=51.43698#map=17/35.75148/51.43698,B
منطقه ۳ شهر تهران,اراضی عباس آباد,tehran:m313,بلوار کتابخانه ملی,service,2.39,315.01,61.95,-1.1,95.22,35.75,51.43,https://www.openstreetmap.org/?mlat=35.75387&mlon=51.43391#map=17/35.75387/51.43391,B
منطقه ۳ شهر تهران,اراضی عباس آباد,tehran:m313,شهدای بانک مرکزی,service,1.46,362.02,62.63,0.0,96.23,35.75,51.43,https://www.openstreetmap.org/?mlat=35.75297&mlon=51.43138#map=17/35.75297/51.43138,B
منطقه ۳ شهر تهران,اراضی عباس آباد,tehran:m313,فرهنگستان علوم پزشکی,service,0.3,308.43,67.94,8.5,96.52,35.76,51.43,https://www.openstreetmap.org/?mlat=35.75611&mlon=51.43364#map=17/35.75611/51.43364,B
منطقه ۳ شهر تهران,اراضی عباس آباد,tehran:m313,سرو,tertiary,1.15,445.54,68.57,9.5,98.37,35.76,51.42,https://www.openstreetmap.org/?mlat=35.75639&mlon=51.42434#map=17/35.75639/51.42434,B
منطقه ۳ شهر تهران,ونک,tehran:m309,تک جنوبی,residential,0.16,174.97,65.42,-5.2,88.27,35.76,51.41,https://www.openstreetmap.org/?mlat=35.76087&mlon=51.40611#map=17/35.76087/51.40611,C
منطقه ۳ شهر تهران,ونک,tehran:m309,ارم,residential,0.16,174.97,65.47,-5.1,88.28,35.76,51.41,https://www.openstreetmap.org/?mlat=35.76106&mlon=51.40580#map=17/35.76106/51.40580,C
منطقه ۳ شهر تهران,ونک,tehran:m309,بوستان,residential,0.11,174.97,65.5,-5.0,88.29,35.76,51.4,https://www.openstreetmap.org/?mlat=35.76454&mlon=51.40305#map=17/35.76454/51.40305,C
منطقه ۳ شهر تهران,ونک,tehran:m309,کار و تجارت,residential,0.16,174.97,65.79,-4.6,88.39,35.76,51.41,https://www.openstreetmap.org/?mlat=35.75972&mlon=51.40503#map=17/35.75972/51.40503,C
منطقه ۳ شهر تهران,ونک,tehran:m309,نیروی انتظامی,unclassified,0.27,174.97,65.85,-4.5,88.39,35.76,51.4,https://www.openstreetmap.org/?mlat=35.76304&mlon=51.40423#map=17/35.76304/51.40423,C
منطقه ۳ شهر تهران,ونک,tehran:m309,شادی,residential,0.14,174.97,65.83,-4.6,88.4,35.76,51.41,https://www.openstreetmap.org/?mlat=35.76226&mlon=51.40582#map=17/35.76226/51.40582,C
منطقه ۳ شهر تهران,میرداماد,tehran:m310,برادران عابدی,residential,0.16,39.1,47.33,-12.3,42.15,35.76,51.43,https://www.openstreetmap.org/?mlat=35.76489&mlon=51.43354#map=17/35.76489/51.43354,B
منطقه ۳ شهر تهران,میرداماد,tehran:m310,مهرداد جنوبی,residential,0.11,39.1,47.34,-12.3,42.16,35.76,51.44,https://www.openstreetmap.org/?mlat=35.76451&mlon=51.43617#map=17/35.76451/51.43617,B
منطقه ۳ شهر تهران,میرداماد,tehran:m310,بنفشه,residential,0.17,39.1,49.04,-9.2,45.41,35.76,51.44,https://www.openstreetmap.org/?mlat=35.76351&mlon=51.43751#map=17/35.76351/51.43751,B
منطقه ۳ شهر تهران,میرداماد,tehran:m310,بلوار اربابی,residential,0.22,39.1,49.1,-9.0,45.58,35.76,51.44,https://www.openstreetmap.org/?mlat=35.76321&mlon=51.43840#map=17/35.76321/51.43840,B
منطقه ۳ شهر تهران,میرداماد,tehran:m310,همای,residential,0.11,39.1,49.11,-9.0,45.61,35.76,51.44,https://www.openstreetmap.org/?mlat=35.76374&mlon=51.43600#map=17/35.76374/51.43600,B
منطقه ۳ شهر تهران,میرداماد,tehran:m310,سهیل,residential,0.12,39.1,49.27,-8.7,45.97,35.76,51.44,https://www.openstreetmap.org/?mlat=35.76268&mlon=51.43899#map=17/35.76268/51.43899,B
منطقه ۴ شهر تهران,مهران,tehran:m416,ایروان,residential,0.41,84.92,47.78,-7.2,53.41,35.75,51.46,https://www.openstreetmap.org/?mlat=35.74776&mlon=51.45677#map=17/35.74776/51.45677,A
منطقه ۴ شهر تهران,مهران,tehran:m416,هیرمند,residential,0.35,84.92,47.9,-7.0,53.6,35.75,51.46,https://www.openstreetmap.org/?mlat=35.74834&mlon=51.45660#map=17/35.74834/51.45660,A
منطقه ۴ شهر تهران,مهران,tehran:m416,گلها,residential,0.24,89.53,47.66,-7.5,54.19,35.75,51.46,https://www.openstreetmap.org/?mlat=35.74826&mlon=51.45631#map=17/35.74826/51.45631,A
منطقه ۴ شهر تهران,مهران,tehran:m416,گلایل,residential,0.42,84.92,48.42,-6.0,54.55,35.75,51.46,https://www.openstreetmap.org/?mlat=35.74706&mlon=51.45673#map=17/35.74706/51.45673,A
منطقه ۴ شهر تهران,مهران,tehran:m416,علائی غربی,residential,0.13,84.92,48.44,-6.0,54.59,35.75,51.46,https://www.openstreetmap.org/?mlat=35.74667&mlon=51.45669#map=17/35.74667/51.45669,A
منطقه ۴ شهر تهران,مهران,tehran:m416,بیست و دوم,residential,0.12,84.92,48.6,-5.6,54.93,35.75,51.45,https://www.openstreetmap.org/?mlat=35.74827&mlon=51.45393#map=17/35.74827/51.45393,A
منطقه ۴ شهر تهران,بنی‌هاشم,tehran:m415,جانباز,residential,0.15,67.55,41.91,-5.9,36.06,35.75,51.47,https://www.openstreetmap.org/?mlat=35.74952&mlon=51.47055#map=17/35.74952/51.47055,A
منطقه ۴ شهر تهران,بنی‌هاشم,tehran:m415,شکروی,residential,0.21,62.36,42.65,-4.2,36.54,35.75,51.47,https://www.openstreetmap.org/?mlat=35.75178&mlon=51.46965#map=17/35.75178/51.46965,A
منطقه ۴ شهر تهران,بنی‌هاشم,tehran:m415,خادم,residential,0.12,62.36,42.79,-3.9,36.84,35.75,51.47,https://www.openstreetmap.org/?mlat=35.74969&mlon=51.46924#map=17/35.74969/51.46924,A
منطقه ۴ شهر تهران,بنی‌هاشم,tehran:m415,شهریار,residential,0.1,87.16,40.76,-8.4,37.07,35.75,51.47,https://www.openstreetmap.org/?mlat=35.75199&mlon=51.47368#map=17/35.75199/51.47368,A
منطقه ۴ شهر تهران,بنی‌هاشم,tehran:m415,متقی,residential,0.12,87.16,40.79,-8.4,37.18,35.75,51.47,https://www.openstreetmap.org/?mlat=35.75088&mlon=51.47275#map=17/35.75088/51.47275,A
منطقه ۴ شهر تهران,بنی‌هاشم,tehran:m415,علی‌اکبر حمزه,residential,0.31,70.11,42.21,-5.2,37.26,35.75,51.47,https://www.openstreetmap.org/?mlat=35.75038&mlon=51.47020#map=17/35.75038/51.47020,A
منطقه ۳ شهر تهران,حسینیه ارشاد - قبا,tehran:m311,ادیب,residential,0.22,30.28,45.58,-18.7,36.05,35.77,51.45,https://www.openstreetmap.org/?mlat=35.76597&mlon=51.44751#map=17/35.76597/51.44751,B
منطقه ۳ شهر تهران,حسینیه ارشاد - قبا,tehran:m311,کلاهدوزان,residential,0.2,30.28,45.6,-18.7,36.13,35.77,51.45,https://www.openstreetmap.org/?mlat=35.76639&mlon=51.44519#map=17/35.76639/51.44519,B
منطقه ۳ شهر تهران,حسینیه ارشاد - قبا,tehran:m311,مهرداد جنوبی,residential,0.25,30.28,46.05,-17.9,37.19,35.77,51.44,https://www.openstreetmap.org/?mlat=35.76640&mlon=51.44398#map=17/35.76640/51.44398,B
منطقه ۳ شهر تهران,حسینیه ارشاد - قبا,tehran:m311,قبادیان شرقی,residential,0.1,30.28,46.12,-17.8,37.33,35.77,51.45,https://www.openstreetmap.org/?mlat=35.76594&mlon=51.44587#map=17/35.76594/51.44587,B
منطقه ۳ شهر تهران,حسینیه ارشاد - قبا,tehran:m311,عبدالمجید زمردکار,residential,0.26,30.28,47.19,-15.8,39.64,35.77,51.45,https://www.openstreetmap.org/?mlat=35.76535&mlon=51.44559#map=17/35.76535/51.44559,B
منطقه ۳ شهر تهران,حسینیه ارشاد - قبا,tehran:m311,شهید پورمشکانی,tertiary,0.41,63.89,44.15,-21.3,40.58,35.77,51.45,https://www.openstreetmap.org/?mlat=35.76715&mlon=51.44591#map=17/35.76715/51.44591,B
منطقه ۳ شهر تهران,قلهک,tehran:m308,رازفر,residential,0.13,42.92,38.42,-1.3,21.23,35.78,51.45,https://www.openstreetmap.org/?mlat=35.77837&mlon=51.44658#map=17/35.77837/51.44658,C
منطقه ۳ شهر تهران,قلهک,tehran:m308,حسام عراقی,residential,0.34,50.66,37.42,-3.8,21.38,35.78,51.44,https://www.openstreetmap.org/?mlat=35.77691&mlon=51.44434#map=17/35.77691/51.44434,C
منطقه ۳ شهر تهران,قلهک,tehran:m308,مشایخی,tertiary,0.13,50.66,37.45,-3.8,21.45,35.78,51.45,https://www.openstreetmap.org/?mlat=35.77508&mlon=51.44719#map=17/35.77508/51.44719,C
منطقه ۳ شهر تهران,قلهک,tehran:m308,عباس شیشه بر,residential,0.23,50.66,37.49,-3.6,21.51,35.78,51.44,https://www.openstreetmap.org/?mlat=35.77626&mlon=51.44473#map=17/35.77626/51.44473,C
منطقه ۳ شهر تهران,قلهک,tehran:m308,بوربور,residential,0.13,50.66,37.52,-3.6,21.55,35.78,51.45,https://www.openstreetmap.org/?mlat=35.77587&mlon=51.44754#map=17/35.77587/51.44754,C
منطقه ۳ شهر تهران,قلهک,tehran:m308,مسیح,residential,0.19,50.66,37.53,-3.6,21.56,35.77,51.45,https://www.openstreetmap.org/?mlat=35.77304&mlon=51.44814#map=17/35.77304/51.44814,C
منطقه ۳ شهر تهران,کاوه,tehran:m305,منوچهر آتشی,residential,0.28,0.0,38.88,-4.4,10.58,35.78,51.44,https://www.openstreetmap.org/?mlat=35.78015&mlon=51.44315#map=17/35.78015/51.44315,C
منطقه ۳ شهر تهران,کاوه,tehran:m305,جانثاری لادانی,residential,0.18,0.0,38.99,-4.2,10.81,35.78,51.45,https://www.openstreetmap.org/?mlat=35.78027&mlon=51.44549#map=17/35.78027/51.44549,C
منطقه ۳ شهر تهران,کاوه,tehran:m305,اخوان ثالث,residential,0.21,0.0,39.27,-3.5,11.41,35.78,51.44,https://www.openstreetmap.org/?mlat=35.78122&mlon=51.44332#map=17/35.78122/51.44332,C
منطقه ۳ شهر تهران,کاوه,tehran:m305,بختیاری,residential,0.1,0.0,39.36,-3.3,11.61,35.78,51.44,https://www.openstreetmap.org/?mlat=35.77984&mlon=51.44182#map=17/35.77984/51.44182,C
منطقه ۳ شهر تهران,کاوه,tehran:m305,گشتاسب,residential,0.13,0.0,39.45,-3.0,11.85,35.78,51.44,https://www.openstreetmap.org/?mlat=35.78026&mlon=51.44200#map=17/35.78026/51.44200,C
منطقه ۳ شهر تهران,کاوه,tehran:m305,جلال اخلاقی غربی,tertiary,0.25,0.0,39.49,-2.9,11.95,35.78,51.45,https://www.openstreetmap.org/?mlat=35.78016&mlon=51.44778#map=17/35.78016/51.44778,C
منطقه ۱ شهر تهران,باغ فردوس,tehran:m115,محمدسعید عارف نسب,residential,0.16,89.65,47.39,-23.1,53.66,35.8,51.42,https://www.openstreetmap.org/?mlat=35.80108&mlon=51.42162#map=17/35.80108/51.42162,B
منطقه ۱ شهر تهران,باغ فردوس,tehran:m115,عباس کیارستمی,residential,0.43,89.65,47.43,-23.0,53.77,35.8,51.42,https://www.openstreetmap.org/?mlat=35.80325&mlon=51.42291#map=17/35.80325/51.42291,B
منطقه ۱ شهر تهران,باغ فردوس,tehran:m115,دلبر,residential,0.12,100.27,46.57,-24.4,54.87,35.8,51.42,https://www.openstreetmap.org/?mlat=35.80276&mlon=51.42174#map=17/35.80276/51.42174,B
منطقه ۱ شهر تهران,باغ فردوس,tehran:m115,هفدهم,residential,0.18,89.65,48.09,-22.0,55.01,35.8,51.42,https://www.openstreetmap.org/?mlat=35.79958&mlon=51.42430#map=17/35.79958/51.42430,B
منطقه ۱ شهر تهران,باغ فردوس,tehran:m115,شادی,residential,0.26,89.65,50.48,-18.1,59.7,35.8,51.42,https://www.openstreetmap.org/?mlat=35.80311&mlon=51.42397#map=17/35.80311/51.42397,B
منطقه ۱ شهر تهران,باغ فردوس,tehran:m115,ستاره,residential,0.22,111.0,48.72,-20.9,61.79,35.8,51.42,https://www.openstreetmap.org/?mlat=35.80429&mlon=51.42235#map=17/35.80429/51.42235,B
منطقه ۳ شهر تهران,زرگنده,tehran:m304,بیژن پور,residential,0.19,6.41,39.48,-8.4,15.69,35.77,51.43,https://www.openstreetmap.org/?mlat=35.77331&mlon=51.43319#map=17/35.77331/51.43319,B
منطقه ۳ شهر تهران,زرگنده,tehran:m304,سیامک شکرابی,residential,0.26,6.41,39.7,-7.9,16.27,35.77,51.43,https://www.openstreetmap.org/?mlat=35.77299&mlon=51.43395#map=17/35.77299/51.43395,B
منطقه ۳ شهر تهران,زرگنده,tehran:m304,بهمنی,residential,0.13,6.41,39.73,-7.9,16.29,35.77,51.43,https://www.openstreetmap.org/?mlat=35.77345&mlon=51.43451#map=17/35.77345/51.43451,B
منطقه ۳ شهر تهران,زرگنده,tehran:m304,آزاد منجیری,residential,0.32,6.41,39.77,-7.8,16.38,35.77,51.43,https://www.openstreetmap.org/?mlat=35.77191&mlon=51.43113#map=17/35.77191/51.43113,B
منطقه ۳ شهر تهران,زرگنده,tehran:m304,علی اصغر حیدری,residential,0.2,6.41,39.8,-7.7,16.49,35.77,51.43,https://www.openstreetmap.org/?mlat=35.77154&mlon=51.43152#map=17/35.77154/51.43152,B
منطقه ۳ شهر تهران,زرگنده,tehran:m304,فتوحی,residential,0.12,6.41,39.88,-7.5,16.65,35.77,51.43,https://www.openstreetmap.org/?mlat=35.77195&mlon=51.43339#map=17/35.77195/51.43339,B
منطقه ۳ شهر تهران,جردن - پارک ملت,tehran:m303,فرامرز پایور,residential,0.45,116.22,50.03,-11.0,65.8,35.78,51.42,https://www.openstreetmap.org/?mlat=35.78130&mlon=51.41670#map=17/35.78130/51.41670,A
منطقه ۳ شهر تهران,جردن - پارک ملت,tehran:m303,ایثار سوم,residential,0.13,116.22,50.03,-11.0,65.81,35.78,51.42,https://www.openstreetmap.org/?mlat=35.78086&mlon=51.41911#map=17/35.78086/51.41911,A
منطقه ۳ شهر تهران,جردن - پارک ملت,tehran:m303,نازنین,residential,0.17,163.83,47.28,-15.9,67.6,35.78,51.43,https://www.openstreetmap.org/?mlat=35.77568&mlon=51.42771#map=17/35.77568/51.42771,A
منطقه ۳ شهر تهران,جردن - پارک ملت,tehran:m303,مرتضی حنانه,residential,0.21,116.22,51.32,-8.7,68.22,35.78,51.42,https://www.openstreetmap.org/?mlat=35.78235&mlon=51.41562#map=17/35.78235/51.41562,A
منطقه ۳ شهر تهران,جردن - پارک ملت,tehran:m303,کامکارها,residential,0.43,116.22,51.94,-7.6,69.32,35.78,51.42,https://www.openstreetmap.org/?mlat=35.78273&mlon=51.41694#map=17/35.78273/51.41694,A
منطقه ۳ شهر تهران,جردن - پارک ملت,tehran:m303,مهراد,residential,0.77,128.87,50.96,-9.3,69.67,35.78,51.42,https://www.openstreetmap.org/?mlat=35.77966&mlon=51.41815#map=17/35.77966/51.41815,A
منطقه ۱ شهر تهران,تجریش,tehran:m116,غلامحسین بنان,residential,0.24,169.23,48.35,-12.6,70.44,35.8,51.43,https://www.openstreetmap.org/?mlat=35.79961&mlon=51.42773#map=17/35.79961/51.42773,B
منطقه ۱ شهر تهران,تجریش,tehran:m116,ملکوتی,residential,0.11,176.21,48.28,-12.7,71.19,35.8,51.43,https://www.openstreetmap.org/?mlat=35.80034&mlon=51.42712#map=17/35.80034/51.42712,B
منطقه ۱ شهر تهران,تجریش,tehran:m116,پاک اندیشان,residential,0.25,153.71,50.12,-9.4,71.7,35.8,51.43,https://www.openstreetmap.org/?mlat=35.79635&mlon=51.42751#map=17/35.79635/51.42751,B
منطقه ۱ شهر تهران,تجریش,tehran:m116,حسن اکبری,residential,0.74,153.71,50.47,-8.8,72.35,35.8,51.43,https://www.openstreetmap.org/?mlat=35.79703&mlon=51.42866#map=17/35.79703/51.42866,B
منطقه ۱ شهر تهران,تجریش,tehran:m116,موزه,residential,0.28,171.5,49.21,-11.0,72.39,35.8,51.43,https://www.openstreetmap.org/?mlat=35.80083&mlon=51.42790#map=17/35.80083/51.42790,B
منطقه ۱ شهر تهران,تجریش,tehran:m116,صالحی,residential,0.11,178.65,49.28,-10.9,73.46,35.79,51.43,https://www.openstreetmap.org/?mlat=35.79290&mlon=51.42893#map=17/35.79290/51.42893,B
منطقه ۱ شهر تهران,قیطریه,tehran:m126,دلپذیر,residential,0.19,161.23,44.78,-14.1,61.38,35.79,51.45,https://www.openstreetmap.org/?mlat=35.79048&mlon=51.45303#map=17/35.79048/51.45303,A
منطقه ۱ شهر تهران,قیطریه,tehran:m126,قیطریه,tertiary,0.31,161.23,45.55,-12.7,63.27,35.79,51.45,https://www.openstreetmap.org/?mlat=35.79078&mlon=51.45204#map=17/35.79078/51.45204,A
منطقه ۱ شهر تهران,قیطریه,tehran:m126,روشندان,residential,0.38,177.86,44.88,-13.9,64.04,35.79,51.45,https://www.openstreetmap.org/?mlat=35.78939&mlon=51.45068#map=17/35.78939/51.45068,A
منطقه ۱ شهر تهران,قیطریه,tehran:m126,دلاویز,residential,0.29,161.23,45.89,-12.0,64.07,35.79,51.45,https://www.openstreetmap.org/?mlat=35.79110&mlon=51.45326#map=17/35.79110/51.45326,A
منطقه ۱ شهر تهران,قیطریه,tehran:m126,کاوه شمالی,residential,0.28,196.9,44.38,-14.9,64.8,35.79,51.45,https://www.openstreetmap.org/?mlat=35.78851&mlon=51.45022#map=17/35.78851/51.45022,A
منطقه ۱ شهر تهران,قیطریه,tehran:m126,مهرداد شرقی,residential,0.21,172.75,45.69,-12.4,65.34,35.79,51.45,https://www.openstreetmap.org/?mlat=35.79031&mlon=51.45106#map=17/35.79031/51.45106,A
منطقه ۳ شهر تهران,دروس,tehran:m307,حسن تاش,residential,0.22,63.25,39.68,-11.1,28.7,35.78,51.45,https://www.openstreetmap.org/?mlat=35.77816&mlon=51.45279#map=17/35.77816/51.45279,C
منطقه ۳ شهر تهران,دروس,tehran:m307,مسجد,residential,0.25,68.65,39.5,-11.5,29.55,35.78,51.45,https://www.openstreetmap.org/?mlat=35.77719&mlon=51.45257#map=17/35.77719/51.45257,C
منطقه ۳ شهر تهران,دروس,tehran:m307,روزبه,residential,0.26,70.92,39.74,-11.0,30.64,35.78,51.45,https://www.openstreetmap.org/?mlat=35.77642&mlon=51.45226#map=17/35.77642/51.45226,C
منطقه ۳ شهر تهران,دروس,tehran:m307,حمید بهیار,tertiary,0.28,73.37,39.61,-11.3,30.67,35.78,51.45,https://www.openstreetmap.org/?mlat=35.77845&mlon=51.45243#map=17/35.77845/51.45243,C
منطقه ۳ شهر تهران,دروس,tehran:m307,فریار,residential,0.23,69.53,39.92,-10.6,30.72,35.78,51.45,https://www.openstreetmap.org/?mlat=35.77569&mlon=51.45178#map=17/35.77569/51.45178,C
منطقه ۳ شهر تهران,دروس,tehran:m307,بهداد,residential,0.4,63.25,40.49,-9.3,31.0,35.78,51.45,https://www.openstreetmap.org/?mlat=35.77688&mlon=51.45379#map=17/35.77688/51.45379,C
منطقه ۳ شهر تهران,اختیاریه,tehran:m306,کاووس غربی,residential,0.11,0.0,37.66,-12.4,8.37,35.79,51.46,https://www.openstreetmap.org/?mlat=35.78536&mlon=51.45725#map=17/35.78536/51.45725,B
منطقه ۳ شهر تهران,اختیاریه,tehran:m306,قدیری,residential,0.19,0.0,38.13,-11.3,9.12,35.79,51.46,https://www.openstreetmap.org/?mlat=35.78590&mlon=51.45603#map=17/35.78590/51.45603,B
منطقه ۳ شهر تهران,اختیاریه,tehran:m306,قیامتیون,residential,0.13,0.0,38.16,-11.2,9.16,35.79,51.46,https://www.openstreetmap.org/?mlat=35.78554&mlon=51.45904#map=17/35.78554/51.45904,B
منطقه ۳ شهر تهران,اختیاریه,tehran:m306,کاووس شرقی,residential,0.21,0.0,38.35,-10.7,9.48,35.78,51.46,https://www.openstreetmap.org/?mlat=35.78490&mlon=51.45873#map=17/35.78490/51.45873,B
منطقه ۳ شهر تهران,اختیاریه,tehran:m306,مرتضی غفاری,residential,0.19,0.0,38.38,-10.7,9.52,35.78,51.46,https://www.openstreetmap.org/?mlat=35.78435&mlon=51.45539#map=17/35.78435/51.45539,B
منطقه ۳ شهر تهران,اختیاریه,tehran:m306,ضرابی,residential,0.14,0.0,38.38,-10.7,9.53,35.79,51.46,https://www.openstreetmap.org/?mlat=35.78603&mlon=51.45818#map=17/35.78603/51.45818,B
منطقه ۴ شهر تهران,پاسداران - ضرابخانه,tehran:m401,جعفری,residential,0.24,90.06,48.44,-11.5,55.87,35.77,51.47,https://www.openstreetmap.org/?mlat=35.76581&mlon=51.46582#map=17/35.76581/51.46582,A
منطقه ۴ شهر تهران,پاسداران - ضرابخانه,tehran:m401,بوستان ۱۰,residential,0.83,99.63,47.65,-13.0,56.99,35.77,51.46,https://www.openstreetmap.org/?mlat=35.76775&mlon=51.46321#map=17/35.76775/51.46321,A
منطقه ۴ شهر تهران,پاسداران - ضرابخانه,tehran:m401,بوستان ۹,residential,0.61,105.3,47.6,-13.1,58.42,35.77,51.46,https://www.openstreetmap.org/?mlat=35.76745&mlon=51.46153#map=17/35.76745/51.46153,A
منطقه ۴ شهر تهران,پاسداران - ضرابخانه,tehran:m401,بوستان ۸,residential,0.89,106.7,48.22,-11.9,59.86,35.77,51.46,https://www.openstreetmap.org/?mlat=35.76623&mlon=51.46227#map=17/35.76623/51.46227,A
منطقه ۴ شهر تهران,پاسداران - ضرابخانه,tehran:m401,گلشن,residential,0.12,90.06,50.8,-7.2,60.55,35.76,51.46,https://www.openstreetmap.org/?mlat=35.76284&mlon=51.46483#map=17/35.76284/51.46483,A
منطقه ۴ شهر تهران,پاسداران - ضرابخانه,tehran:m401,شهید سپهری,residential,0.18,90.06,51.31,-6.3,61.48,35.76,51.46,https://www.openstreetmap.org/?mlat=35.76247&mlon=51.46489#map=17/35.76247/51.46489,A
منطقه ۴ شهر تهران,هروی - حسین آباد,tehran:m402,مهرآیین,residential,0.11,75.64,35.92,-26.5,25.56,35.76,51.48,https://www.openstreetmap.org/?mlat=35.76442&mlon=51.48398#map=17/35.76442/51.48398,A
منطقه ۴ شهر تهران,هروی - حسین آباد,tehran:m402,کاوه شرقی,residential,0.11,75.64,36.72,-24.8,26.33,35.76,51.48,https://www.openstreetmap.org/?mlat=35.76395&mlon=51.48379#map=17/35.76395/51.48379,A
منطقه ۴ شهر تهران,هروی - حسین آباد,tehran:m402,ریحانی,residential,0.77,75.64,36.73,-24.8,26.35,35.76,51.48,https://www.openstreetmap.org/?mlat=35.76364&mlon=51.48429#map=17/35.76364/51.48429,A
منطقه ۴ شهر تهران,هروی - حسین آباد,tehran:m402,گلهای یکم,residential,0.1,75.64,39.23,-19.7,30.47,35.77,51.48,https://www.openstreetmap.org/?mlat=35.76532&mlon=51.48291#map=17/35.76532/51.48291,A
منطقه ۴ شهر تهران,هروی - حسین آباد,tehran:m402,کاوه غربی,residential,0.12,75.64,39.54,-19.1,31.2,35.76,51.48,https://www.openstreetmap.org/?mlat=35.76435&mlon=51.48242#map=17/35.76435/51.48242,A
منطقه ۴ شهر تهران,هروی - حسین آباد,tehran:m402,سهیل,residential,0.46,75.64,39.7,-18.7,31.54,35.76,51.48,https://www.openstreetmap.org/?mlat=35.76313&mlon=51.48277#map=17/35.76313/51.48277,A
منطقه ۱ شهر تهران,دزاشیب - حکمت,tehran:m124,رحیمی,residential,0.29,14.92,42.79,-17.1,26.34,35.81,51.44,https://www.openstreetmap.org/?mlat=35.80594&mlon=51.44201#map=17/35.80594/51.44201,B
منطقه ۱ شهر تهران,دزاشیب - حکمت,tehran:m124,درفشانی,residential,0.14,13.59,42.96,-16.8,26.49,35.81,51.45,https://www.openstreetmap.org/?mlat=35.80601&mlon=51.44748#map=17/35.80601/51.44748,B
منطقه ۱ شهر تهران,دزاشیب - حکمت,tehran:m124,قاسمی,residential,0.55,14.02,43.13,-16.5,27.01,35.81,51.44,https://www.openstreetmap.org/?mlat=35.80538&mlon=51.44462#map=17/35.80538/51.44462,B
منطقه ۱ شهر تهران,دزاشیب - حکمت,tehran:m124,فلاحی,residential,0.48,13.59,43.69,-15.4,28.17,35.81,51.44,https://www.openstreetmap.org/?mlat=35.80512&mlon=51.44219#map=17/35.80512/51.44219,B
منطقه ۱ شهر تهران,دزاشیب - حکمت,tehran:m124,دوازدهم,residential,0.17,13.59,43.71,-15.3,28.21,35.81,51.45,https://www.openstreetmap.org/?mlat=35.80554&mlon=51.44767#map=17/35.80554/51.44767,B
منطقه ۱ شهر تهران,دزاشیب - حکمت,tehran:m124,اقاقیا,residential,0.12,13.59,43.75,-15.3,28.32,35.81,51.45,https://www.openstreetmap.org/?mlat=35.80515&mlon=51.44743#map=17/35.80515/51.44743,B
منطقه ۱ شهر تهران,چیذر,tehran:m125,عقابی,residential,0.3,65.9,48.86,-4.0,51.23,35.79,51.46,https://www.openstreetmap.org/?mlat=35.79297&mlon=51.45800#map=17/35.79297/51.45800,B
منطقه ۱ شهر تهران,چیذر,tehran:m125,چیذر,tertiary,0.22,87.75,49.53,-2.7,57.4,35.79,51.46,https://www.openstreetmap.org/?mlat=35.79285&mlon=51.45638#map=17/35.79285/51.45638,B
منطقه ۱ شهر تهران,چیذر,tehran:m125,پیشتاز,residential,0.16,87.75,49.87,-2.0,58.1,35.79,51.46,https://www.openstreetmap.org/?mlat=35.79372&mlon=51.45874#map=17/35.79372/51.45874,B
منطقه ۱ شهر تهران,چیذر,tehran:m125,مینو,residential,0.13,87.75,50.04,-1.7,58.42,35.8,51.45,https://www.openstreetmap.org/?mlat=35.79665&mlon=51.45263#map=17/35.79665/51.45263,B
منطقه ۱ شهر تهران,چیذر,tehran:m125,محمودیان یکم,residential,0.18,87.75,50.08,-1.6,58.5,35.79,51.45,https://www.openstreetmap.org/?mlat=35.79351&mlon=51.45268#map=17/35.79351/51.45268,B
منطقه ۱ شهر تهران,چیذر,tehran:m125,شب چراغ,residential,0.17,87.75,50.19,-1.4,58.7,35.8,51.45,https://www.openstreetmap.org/?mlat=35.79516&mlon=51.45213#map=17/35.79516/51.45213,B
منطقه ۱ شهر تهران,دیباجی - فرمانیه,tehran:m120,گل شمال,residential,0.23,138.86,46.36,-9.1,62.23,35.79,51.46,https://www.openstreetmap.org/?mlat=35.79283&mlon=51.46461#map=17/35.79283/51.46461,B
منطقه ۱ شهر تهران,دیباجی - فرمانیه,tehran:m120,آبشار,residential,0.17,125.44,48.05,-5.7,63.19,35.79,51.46,https://www.openstreetmap.org/?mlat=35.79344&mlon=51.46127#map=17/35.79344/51.46127,B
منطقه ۱ شهر تهران,دیباجی - فرمانیه,tehran:m120,بن بست مشتاق,residential,0.14,105.17,50.64,-0.7,64.31,35.79,51.47,https://www.openstreetmap.org/?mlat=35.79177&mlon=51.46967#map=17/35.79177/51.46967,B
منطقه ۱ شهر تهران,دیباجی - فرمانیه,tehran:m120,پیرنیا,residential,0.13,138.86,47.41,-7.0,64.44,35.79,51.47,https://www.openstreetmap.org/?mlat=35.79329&mlon=51.46567#map=17/35.79329/51.46567,B
منطقه ۱ شهر تهران,دیباجی - فرمانیه,tehran:m120,سالاریه,residential,0.11,138.86,47.62,-6.6,64.85,35.79,51.46,https://www.openstreetmap.org/?mlat=35.79421&mlon=51.46398#map=17/35.79421/51.46398,B
منطقه ۱ شهر تهران,دیباجی - فرمانیه,tehran:m120,گلبو,residential,0.22,119.29,49.32,-3.3,64.91,35.79,51.46,https://www.openstreetmap.org/?mlat=35.79485&mlon=51.46090#map=17/35.79485/51.46090,B
منطقه ۱ شهر تهران,اقدسیه,tehran:m121,گلبو,residential,0.12,172.3,51.65,-7.5,77.21,35.8,51.49,https://www.openstreetmap.org/?mlat=35.79759&mlon=51.49249#map=17/35.79759/51.49249,C
منطقه ۱ شهر تهران,اقدسیه,tehran:m121,رضاییان,residential,0.13,172.3,51.74,-7.4,77.36,35.8,51.49,https://www.openstreetmap.org/?mlat=35.79709&mlon=51.49235#map=17/35.79709/51.49235,C
منطقه ۱ شهر تهران,اقدسیه,tehran:m121,ولیعصر,tertiary,0.86,176.89,53.01,-5.1,80.18,35.8,51.49,https://www.openstreetmap.org/?mlat=35.79807&mlon=51.49197#map=17/35.79807/51.49197,C
منطقه ۱ شهر تهران,اقدسیه,tehran:m121,لاله,residential,0.19,184.9,52.73,-5.6,80.51,35.8,51.49,https://www.openstreetmap.org/?mlat=35.79571&mlon=51.49176#map=17/35.79571/51.49176,C
منطقه ۱ شهر تهران,اقدسیه,tehran:m121,صادقی مقدم,residential,0.22,197.16,52.96,-5.2,82.34,35.8,51.49,https://www.openstreetmap.org/?mlat=35.79669&mlon=51.49164#map=17/35.79669/51.49164,C
منطقه ۱ شهر تهران,اقدسیه,tehran:m121,یاسمن,residential,0.19,190.81,53.48,-4.3,82.4,35.8,51.49,https://www.openstreetmap.org/?mlat=35.79976&mlon=51.49200#map=17/35.79976/51.49200,C
منطقه ۱ شهر تهران,ولنجک,tehran:m103,آلاله,residential,0.11,230.05,34.86,-26.6,47.94,35.81,51.39,https://www.openstreetmap.org/?mlat=35.81126&mlon=51.39061#map=17/35.81126/51.39061,B
منطقه ۱ شهر تهران,ولنجک,tehran:m103,گلشن,residential,0.14,253.89,35.18,-25.9,49.49,35.81,51.39,https://www.openstreetmap.org/?mlat=35.80869&mlon=51.39047#map=17/35.80869/51.39047,B
منطقه ۱ شهر تهران,ولنجک,tehran:m103,البرز دوم,residential,0.63,264.04,38.68,-18.6,54.52,35.81,51.39,https://www.openstreetmap.org/?mlat=35.81167&mlon=51.39195#map=17/35.81167/51.39195,B
منطقه ۱ شهر تهران,ولنجک,tehran:m103,گل بهار,residential,0.36,297.97,38.44,-19.0,54.99,35.81,51.39,https://www.openstreetmap.org/?mlat=35.80941&mlon=51.39132#map=17/35.80941/51.39132,B
منطقه ۱ شهر تهران,ولنجک,tehran:m103,اقاقیا,residential,0.28,300.95,38.69,-18.5,55.57,35.81,51.39,https://www.openstreetmap.org/?mlat=35.80810&mlon=51.39180#map=17/35.80810/51.39180,B
منطقه ۱ شهر تهران,ولنجک,tehran:m103,حسین خانی,residential,0.21,392.84,38.85,-18.2,57.5,35.82,51.4,https://www.openstreetmap.org/?mlat=35.81565&mlon=51.40390#map=17/35.81565/51.40390,B
منطقه ۱ شهر تهران,زعفرانیه,tehran:m104,اردیبهشت شرقی,residential,0.16,2.51,44.44,-3.5,27.32,35.81,51.41,https://www.openstreetmap.org/?mlat=35.80707&mlon=51.41405#map=17/35.80707/51.41405,A
منطقه ۱ شهر تهران,زعفرانیه,tehran:m104,حامد,residential,0.3,2.51,44.66,-3.0,27.91,35.81,51.42,https://www.openstreetmap.org/?mlat=35.80730&mlon=51.41503#map=17/35.80730/51.41503,A
منطقه ۱ شهر تهران,زعفرانیه,tehran:m104,سوداچی,residential,0.28,2.51,44.67,-3.0,27.94,35.81,51.41,https://www.openstreetmap.org/?mlat=35.80789&mlon=51.41379#map=17/35.80789/51.41379,A
منطقه ۱ شهر تهران,زعفرانیه,tehran:m104,برزو,residential,0.47,2.51,44.84,-2.6,28.37,35.81,51.41,https://www.openstreetmap.org/?mlat=35.80747&mlon=51.41236#map=17/35.80747/51.41236,A
منطقه ۱ شهر تهران,زعفرانیه,tehran:m104,مهربخش,residential,0.11,2.51,44.85,-2.6,28.42,35.81,51.42,https://www.openstreetmap.org/?mlat=35.80819&mlon=51.41511#map=17/35.80819/51.41511,A
منطقه ۱ شهر تهران,زعفرانیه,tehran:m104,اکبری,residential,0.57,2.51,45.28,-1.6,29.43,35.81,51.41,https://www.openstreetmap.org/?mlat=35.80620&mlon=51.41464#map=17/35.80620/51.41464,A
منطقه ۱ شهر تهران,دربند,tehran:m105,محبیان,residential,0.22,176.1,38.9,-12.5,48.73,35.82,51.43,https://www.openstreetmap.org/?mlat=35.81545&mlon=51.43064#map=17/35.81545/51.43064,A
منطقه ۱ شهر تهران,دربند,tehran:m105,تاجیک,residential,0.18,181.27,38.71,-12.9,48.92,35.82,51.43,https://www.openstreetmap.org/?mlat=35.81607&mlon=51.43061#map=17/35.81607/51.43061,A
منطقه ۱ شهر تهران,دربند,tehran:m105,دربند,tertiary,3.0,262.68,33.29,-25.1,49.25,35.82,51.43,https://www.openstreetmap.org/?mlat=35.82038&mlon=51.42784#map=17/35.82038/51.42784,A
منطقه ۱ شهر تهران,دربند,tehran:m105,مینا,residential,0.13,372.37,26.42,-40.6,49.39,35.82,51.42,https://www.openstreetmap.org/?mlat=35.82365&mlon=51.42456#map=17/35.82365/51.42456,A
منطقه ۱ شهر تهران,دربند,tehran:m105,عاقلی,residential,0.13,372.37,26.6,-40.2,49.41,35.82,51.43,https://www.openstreetmap.org/?mlat=35.82461&mlon=51.42576#map=17/35.82461/51.42576,A
منطقه ۱ شهر تهران,دربند,tehran:m105,یغما,residential,0.14,153.28,40.46,-9.0,49.45,35.81,51.43,https://www.openstreetmap.org/?mlat=35.81445&mlon=51.43068#map=17/35.81445/51.43068,A
منطقه ۱ شهر تهران,گلاب دره,tehran:m106,رضا زبردست شمالی,residential,0.33,0.0,30.27,-21.6,3.69,35.82,51.43,https://www.openstreetmap.org/?mlat=35.82265&mlon=51.43498#map=17/35.82265/51.43498,B
منطقه ۱ شهر تهران,گلاب دره,tehran:m106,شکیبایی,residential,0.36,0.0,30.52,-21.0,3.76,35.82,51.43,https://www.openstreetmap.org/?mlat=35.82303&mlon=51.43372#map=17/35.82303/51.43372,B
منطقه ۱ شهر تهران,گلاب دره,tehran:m106,دهکده,residential,0.37,0.0,31.28,-19.0,4.01,35.82,51.44,https://www.openstreetmap.org/?mlat=35.82205&mlon=51.43586#map=17/35.82205/51.43586,B
منطقه ۱ شهر تهران,گلاب دره,tehran:m106,اسماعیل شکیبایی,residential,0.15,0.0,32.35,-16.2,4.46,35.82,51.43,https://www.openstreetmap.org/?mlat=35.82230&mlon=51.43412#map=17/35.82230/51.43412,B
منطقه ۱ شهر تهران,گلاب دره,tehran:m106,سعیدی,residential,0.32,0.0,33.56,-13.1,5.04,35.82,51.44,https://www.openstreetmap.org/?mlat=35.82144&mlon=51.43558#map=17/35.82144/51.43558,B
منطقه ۱ شهر تهران,گلاب دره,tehran:m106,بهشتی زاده,residential,0.25,0.0,33.83,-12.4,5.15,35.82,51.43,https://www.openstreetmap.org/?mlat=35.82180&mlon=51.43372#map=17/35.82180/51.43372,B
منطقه ۱ شهر تهران,امام زاده قاسم,tehran:m117,گلزار,residential,0.14,145.53,40.01,-7.0,47.12,35.82,51.43,https://www.openstreetmap.org/?mlat=35.81756&mlon=51.43262#map=17/35.81756/51.43262,A
منطقه ۱ شهر تهران,امام زاده قاسم,tehran:m117,آزادی,residential,0.11,100.64,43.75,1.7,48.39,35.81,51.44,https://www.openstreetmap.org/?mlat=35.80844&mlon=51.44010#map=17/35.80844/51.44010,A
منطقه ۱ شهر تهران,امام زاده قاسم,tehran:m117,قوام,residential,0.27,145.83,40.63,-5.6,49.04,35.82,51.43,https://www.openstreetmap.org/?mlat=35.81702&mlon=51.43339#map=17/35.81702/51.43339,A
منطقه ۱ شهر تهران,امام زاده قاسم,tehran:m117,صالحی,residential,0.15,100.64,44.35,3.1,49.61,35.81,51.44,https://www.openstreetmap.org/?mlat=35.80713&mlon=51.43943#map=17/35.80713/51.43943,A
منطقه ۱ شهر تهران,امام زاده قاسم,tehran:m117,شادی,residential,0.11,145.53,40.93,-4.9,49.68,35.82,51.44,https://www.openstreetmap.org/?mlat=35.81695&mlon=51.43957#map=17/35.81695/51.43957,A
منطقه ۱ شهر تهران,امام زاده قاسم,tehran:m117,درمان,residential,0.11,145.53,41.04,-4.6,50.03,35.82,51.43,https://www.openstreetmap.org/?mlat=35.81610&mlon=51.43382#map=17/35.81610/51.43382,A
منطقه ۱ شهر تهران,جماران,tehran:m107,حصارک,residential,0.13,152.24,32.38,-27.0,39.32,35.82,51.46,https://www.openstreetmap.org/?mlat=35.82129&mlon=51.45919#map=17/35.82129/51.45919,B
منطقه ۱ شهر تهران,جماران,tehran:m107,کوهستان,residential,0.97,152.24,33.04,-25.5,39.64,35.82,51.46,https://www.openstreetmap.org/?mlat=35.82064&mlon=51.45692#map=17/35.82064/51.45692,B
منطقه ۱ شهر تهران,جماران,tehran:m107,مسجد,residential,0.11,152.24,33.69,-24.0,39.96,35.82,51.46,https://www.openstreetmap.org/?mlat=35.82087&mlon=51.45931#map=17/35.82087/51.45931,B
منطقه ۱ شهر تهران,جماران,tehran:m107,قنات,residential,0.17,152.24,35.03,-21.0,40.66,35.82,51.46,https://www.openstreetmap.org/?mlat=35.82028&mlon=51.45870#map=17/35.82028/51.45870,B
منطقه ۱ شهر تهران,جماران,tehran:m107,سپیدار,residential,0.26,152.24,35.1,-20.8,40.71,35.82,51.46,https://www.openstreetmap.org/?mlat=35.82049&mlon=51.45981#map=17/35.82049/51.45981,B
منطقه ۱ شهر تهران,جماران,tehran:m107,باغ حاجی,residential,0.15,190.49,32.18,-27.4,44.02,35.82,51.46,https://www.openstreetmap.org/?mlat=35.82179&mlon=51.46078#map=17/35.82179/51.46078,B
منطقه ۱ شهر تهران,نیاوران,tehran:m108,شاهین,residential,0.11,126.59,37.3,-5.8,38.68,35.82,51.47,https://www.openstreetmap.org/?mlat=35.81816&mlon=51.46996#map=17/35.81816/51.46996,B
منطقه ۱ شهر تهران,نیاوران,tehran:m108,صفری,residential,0.22,134.37,36.92,-6.8,39.71,35.82,51.47,https://www.openstreetmap.org/?mlat=35.81843&mlon=51.47053#map=17/35.81843/51.47053,B
منطقه ۱ شهر تهران,نیاوران,tehran:m108,کاج,residential,0.22,126.59,38.68,-2.3,40.96,35.82,51.47,https://www.openstreetmap.org/?mlat=35.81732&mlon=51.47022#map=17/35.81732/51.47022,B
منطقه ۱ شهر تهران,نیاوران,tehran:m108,اقاقیا,residential,0.3,167.61,31.77,-19.8,41.25,35.82,51.47,https://www.openstreetmap.org/?mlat=35.82075&mlon=51.47266#map=17/35.82075/51.47266,B
منطقه ۱ شهر تهران,نیاوران,tehran:m108,اوشانی,residential,0.25,167.61,31.81,-19.7,41.26,35.82,51.48,https://www.openstreetmap.org/?mlat=35.82081&mlon=51.47535#map=17/35.82081/51.47535,B
منطقه ۱ شهر تهران,نیاوران,tehran:m108,گلستانه,residential,0.15,167.61,31.85,-19.6,41.28,35.82,51.47,https://www.openstreetmap.org/?mlat=35.82068&mlon=51.47150#map=17/35.82068/51.47150,B
منطقه ۱ شهر تهران,کاشانک,tehran:m109,طالقانی,residential,0.15,144.8,30.87,-38.2,37.65,35.82,51.48,https://www.openstreetmap.org/?mlat=35.82106&mlon=51.47813#map=17/35.82106/51.47813,A
منطقه ۱ شهر تهران,کاشانک,tehran:m109,بیست و دوم بهمن,residential,0.21,144.8,33.33,-33.3,38.73,35.82,51.48,https://www.openstreetmap.org/?mlat=35.82038&mlon=51.47939#map=17/35.82038/51.47939,A
منطقه ۱ شهر تهران,کاشانک,tehran:m109,اوشانی,residential,0.36,144.8,33.44,-33.0,38.78,35.82,51.48,https://www.openstreetmap.org/?mlat=35.82040&mlon=51.47848#map=17/35.82040/51.47848,A
منطقه ۱ شهر تهران,کاشانک,tehran:m109,کمالی غربی,residential,0.22,145.7,36.97,-26.0,41.39,35.82,51.48,https://www.openstreetmap.org/?mlat=35.81951&mlon=51.47866#map=17/35.81951/51.47866,A
منطقه ۱ شهر تهران,کاشانک,tehran:m109,صادقیان,residential,0.35,152.83,38.43,-23.0,44.56,35.82,51.48,https://www.openstreetmap.org/?mlat=35.81903&mlon=51.47775#map=17/35.81903/51.47775,A
منطقه ۱ شهر تهران,کاشانک,tehran:m109,خداوردی,tertiary,0.54,155.42,40.78,-18.3,50.57,35.82,51.48,https://www.openstreetmap.org/?mlat=35.81649&mlon=51.47686#map=17/35.81649/51.47686,A
منطقه ۴ شهر تهران,شمس آباد,tehran:m414,جلالی پور,residential,0.19,88.54,39.01,-6.7,32.95,35.75,51.48,https://www.openstreetmap.org/?mlat=35.74842&mlon=51.47932#map=17/35.74842/51.47932,A
منطقه ۴ شهر تهران,شمس آباد,tehran:m414,صفایی غربی,residential,0.19,88.54,39.02,-6.6,32.97,35.75,51.48,https://www.openstreetmap.org/?mlat=35.74809&mlon=51.47913#map=17/35.74809/51.47913,A
منطقه ۴ شهر تهران,شمس آباد,tehran:m414,گلستان دوم شرقی-عسگری,residential,0.28,88.54,39.03,-6.6,32.97,35.75,51.48,https://www.openstreetmap.org/?mlat=35.74838&mlon=51.47632#map=17/35.74838/51.47632,A
منطقه ۴ شهر تهران,شمس آباد,tehran:m414,گلستان ۳ شرقی,residential,0.27,88.54,39.08,-6.5,33.09,35.75,51.48,https://www.openstreetmap.org/?mlat=35.74785&mlon=51.47611#map=17/35.74785/51.47611,A
منطقه ۴ شهر تهران,شمس آباد,tehran:m414,گلستان ششم (مطیعی راد),residential,0.2,88.54,39.2,-6.2,33.35,35.75,51.48,https://www.openstreetmap.org/?mlat=35.74766&mlon=51.47893#map=17/35.74766/51.47893,A
منطقه ۴ شهر تهران,شمس آباد,tehran:m414,شریعتی غربی,residential,0.37,90.67,39.06,-6.6,33.63,35.75,51.48,https://www.openstreetmap.org/?mlat=35.74859&mlon=51.48046#map=17/35.74859/51.48046,A
منطقه ۴ شهر تهران,نیروی دریایی,tehran:m417,همسایگان,residential,0.36,106.36,38.32,-23.9,36.27,35.75,51.49,https://www.openstreetmap.org/?mlat=35.74748&mlon=51.48801#map=17/35.74748/51.48801,A
منطقه ۴ شهر تهران,نیروی دریایی,tehran:m417,حسینعلی,residential,0.53,106.36,38.8,-23.0,37.26,35.75,51.49,https://www.openstreetmap.org/?mlat=35.74731&mlon=51.48700#map=17/35.74731/51.48700,A
منطقه ۴ شهر تهران,نیروی دریایی,tehran:m417,عابدیان,residential,0.17,106.36,39.37,-21.8,38.5,35.75,51.48,https://www.openstreetmap.org/?mlat=35.74702&mlon=51.48495#map=17/35.74702/51.48495,A
منطقه ۴ شهر تهران,نیروی دریایی,tehran:m417,شریعتی,residential,0.36,106.36,40.3,-20.0,40.89,35.75,51.49,https://www.openstreetmap.org/?mlat=35.74664&mlon=51.48784#map=17/35.74664/51.48784,A
منطقه ۴ شهر تهران,نیروی دریایی,tehran:m417,دستار بندانی,residential,0.17,106.36,40.37,-19.8,41.17,35.75,51.48,https://www.openstreetmap.org/?mlat=35.74649&mlon=51.48484#map=17/35.74649/51.48484,A
منطقه ۴ شهر تهران,نیروی دریایی,tehran:m417,شهریاری,residential,0.17,106.36,41.42,-17.8,44.13,35.75,51.48,https://www.openstreetmap.org/?mlat=35.74592&mlon=51.48474#map=17/35.74592/51.48474,A
منطقه ۱ شهر تهران,شهرک گلها,tehran:m123,خادم علیزاده,tertiary,0.65,222.94,47.13,-7.9,72.75,35.81,51.5,https://www.openstreetmap.org/?mlat=35.80590&mlon=51.50230#map=17/35.80590/51.50230,C
منطقه ۱ شهر تهران,شهرک گلها,tehran:m123,شهید پیروز شفیعی,tertiary,0.1,258.18,46.62,-8.9,73.77,35.81,51.5,https://www.openstreetmap.org/?mlat=35.80836&mlon=51.49872#map=17/35.80836/51.49872,C
منطقه ۱ شهر تهران,شهرک گلها,tehran:m123,شهرداری,unclassified,0.83,260.78,48.91,-4.4,78.55,35.81,51.5,https://www.openstreetmap.org/?mlat=35.80625&mlon=51.49986#map=17/35.80625/51.49986,C
منطقه ۱ شهر تهران,شهرک گلها,tehran:m123,بنفشه,residential,0.19,271.65,49.67,-2.9,80.5,35.81,51.5,https://www.openstreetmap.org/?mlat=35.80544&mlon=51.49925#map=17/35.80544/51.49925,C
منطقه ۱ شهر تهران,شهرک گلها,tehran:m123,دریا,residential,0.13,285.67,50.26,-1.8,82.09,35.81,51.5,https://www.openstreetmap.org/?mlat=35.80638&mlon=51.49645#map=17/35.80638/51.49645,C
منطقه ۱ شهر تهران,شهرک گلها,tehran:m123,رز,residential,0.14,285.67,51.0,-0.3,83.5,35.8,51.5,https://www.openstreetmap.org/?mlat=35.80440&mlon=51.49842#map=17/35.80440/51.49842,C
منطقه ۱ شهر تهران,داراباد,tehran:m110,لاله,residential,0.22,17.84,26.55,-32.1,8.94,35.82,51.49,https://www.openstreetmap.org/?mlat=35.82108&mlon=51.48954#map=17/35.82108/51.48954,B
منطقه ۱ شهر تهران,داراباد,tehran:m110,کوهستان,residential,0.13,17.84,27.56,-29.5,9.16,35.82,51.49,https://www.openstreetmap.org/?mlat=35.82041&mlon=51.49036#map=17/35.82041/51.49036,B
منطقه ۱ شهر تهران,داراباد,tehran:m110,بن بست کوهستان,residential,0.12,17.84,28.34,-27.5,9.38,35.82,51.49,https://www.openstreetmap.org/?mlat=35.82043&mlon=51.48989#map=17/35.82043/51.48989,B
منطقه ۱ شهر تهران,داراباد,tehran:m110,علی قیدی,residential,0.3,53.56,30.6,-21.7,18.12,35.82,51.49,https://www.openstreetmap.org/?mlat=35.81953&mlon=51.49034#map=17/35.81953/51.49034,B
منطقه ۱ شهر تهران,داراباد,tehran:m110,گلستان,residential,0.21,77.18,34.78,-11.0,25.13,35.82,51.49,https://www.openstreetmap.org/?mlat=35.81644&mlon=51.49200#map=17/35.81644/51.49200,B
منطقه ۱ شهر تهران,داراباد,tehran:m110,اسکندری,residential,0.16,138.38,28.8,-26.3,36.2,35.82,51.49,https://www.openstreetmap.org/?mlat=35.81905&mlon=51.49227#map=17/35.81905/51.49227,B
منطقه ۱ شهر تهران,شهرک نفت (البرز),tehran:m111,بن بست محبی,tertiary,0.15,134.82,23.49,-40.7,34.65,35.82,51.49,https://www.openstreetmap.org/?mlat=35.82056&mlon=51.49225#map=17/35.82056/51.49225,B
منطقه ۱ شهر تهران,شهرک نفت (البرز),tehran:m111,قیدی,service,0.35,179.58,28.04,-29.3,41.46,35.82,51.49,https://www.openstreetmap.org/?mlat=35.81824&mlon=51.49428#map=17/35.81824/51.49428,B
منطقه ۱ شهر تهران,شهرک نفت (البرز),tehran:m111,ارغوان,residential,0.18,188.88,23.9,-39.7,41.84,35.82,51.51,https://www.openstreetmap.org/?mlat=35.81672&mlon=51.50771#map=17/35.81672/51.50771,B
منطقه ۱ شهر تهران,شهرک نفت (البرز),tehran:m111,اقاقیا,residential,0.13,188.88,25.94,-34.6,42.05,35.82,51.51,https://www.openstreetmap.org/?mlat=35.81615&mlon=51.50797#map=17/35.81615/51.50797,B
منطقه ۱ شهر تهران,شهرک نفت (البرز),tehran:m111,شورا,residential,1.01,188.88,30.18,-23.9,43.16,35.82,51.51,https://www.openstreetmap.org/?mlat=35.81507&mlon=51.50720#map=17/35.81507/51.50720,B
منطقه ۱ شهر تهران,شهرک نفت (البرز),tehran:m111,کوهسار,residential,0.23,188.88,31.36,-20.9,43.52,35.81,51.51,https://www.openstreetmap.org/?mlat=35.81441&mlon=51.50718#map=17/35.81441/51.50718,B
منطقه ۱ شهر تهران,شهرک محلاتی,tehran:m112,ارشاد,residential,0.21,58.66,38.03,-8.2,24.27,35.8,51.51,https://www.openstreetmap.org/?mlat=35.80446&mlon=51.51229#map=17/35.80446/51.51229,C
منطقه ۱ شهر تهران,شهرک محلاتی,tehran:m112,شقایق,residential,0.18,58.66,38.48,-7.1,25.06,35.81,51.51,https://www.openstreetmap.org/?mlat=35.80643&mlon=51.51339#map=17/35.80643/51.51339,C
منطقه ۱ شهر تهران,شهرک محلاتی,tehran:m112,کوثر,residential,0.52,58.66,38.62,-6.8,25.34,35.81,51.51,https://www.openstreetmap.org/?mlat=35.80558&mlon=51.51366#map=17/35.80558/51.51366,C
منطقه ۱ شهر تهران,شهرک محلاتی,tehran:m112,رضوان اول,residential,0.67,65.12,37.82,-8.7,25.44,35.8,51.51,https://www.openstreetmap.org/?mlat=35.80307&mlon=51.51097#map=17/35.80307/51.51097,C
منطقه ۱ شهر تهران,شهرک محلاتی,tehran:m112,هجرت,residential,0.77,58.66,38.68,-6.6,25.45,35.8,51.51,https://www.openstreetmap.org/?mlat=35.80244&mlon=51.51271#map=17/35.80244/51.51271,C
منطقه ۱ شهر تهران,شهرک محلاتی,tehran:m112,همت,tertiary,0.76,58.66,38.88,-6.2,25.89,35.81,51.51,https://www.openstreetmap.org/?mlat=35.80706&mlon=51.51403#map=17/35.80706/51.51403,C
منطقه ۱ شهر تهران,سوهانک,tehran:m113,خیابان شهید علی سوهانی,service,0.11,0.0,11.56,-70.5,2.08,35.81,51.54,https://www.openstreetmap.org/?mlat=35.80529&mlon=51.53739#map=17/35.80529/51.53739,C
منطقه ۱ شهر تهران,سوهانک,tehran:m113,دره جوزار,residential,0.22,0.0,14.21,-63.7,2.1,35.81,51.53,https://www.openstreetmap.org/?mlat=35.80878&mlon=51.53408#map=17/35.80878/51.53408,C
منطقه ۱ شهر تهران,سوهانک,tehran:m113,درمانگاه,residential,0.63,0.0,15.79,-59.6,2.12,35.8,51.54,https://www.openstreetmap.org/?mlat=35.80336&mlon=51.53694#map=17/35.80336/51.53694,C
منطقه ۱ شهر تهران,سوهانک,tehran:m113,تنگه باغ,residential,0.2,0.0,15.89,-59.4,2.12,35.8,51.54,https://www.openstreetmap.org/?mlat=35.80492&mlon=51.53573#map=17/35.80492/51.53573,C
منطقه ۱ شهر تهران,سوهانک,tehran:m113,تنگه باغی,residential,0.1,0.0,17.63,-55.0,2.13,35.8,51.54,https://www.openstreetmap.org/?mlat=35.80342&mlon=51.53618#map=17/35.80342/51.53618,C
منطقه ۱ شهر تهران,سوهانک,tehran:m113,شریفی,residential,0.19,0.0,18.86,-51.8,2.15,35.81,51.53,https://www.openstreetmap.org/?mlat=35.80764&mlon=51.53295#map=17/35.80764/51.53295,C
منطقه ۱ شهر تهران,ازگل,tehran:m122,نرگس 12,residential,0.23,125.75,37.51,-24.1,38.8,35.79,51.52,https://www.openstreetmap.org/?mlat=35.78812&mlon=51.51539#map=17/35.78812/51.51539,B
منطقه ۱ شهر تهران,ازگل,tehran:m122,نرگس سوم,service,0.12,132.85,37.99,-23.1,41.05,35.79,51.52,https://www.openstreetmap.org/?mlat=35.78902&mlon=51.51928#map=17/35.78902/51.51928,B
منطقه ۱ شهر تهران,ازگل,tehran:m122,بیدستان ۲,residential,0.12,139.72,45.5,-7.9,60.37,35.8,51.5,https://www.openstreetmap.org/?mlat=35.79558&mlon=51.49787#map=17/35.79558/51.49787,B
منطقه ۱ شهر تهران,ازگل,tehran:m122,بیدستان ۱,residential,0.34,139.72,45.7,-7.5,60.86,35.8,51.5,https://www.openstreetmap.org/?mlat=35.79696&mlon=51.49793#map=17/35.79696/51.49793,B
منطقه ۱ شهر تهران,ازگل,tehran:m122,مدرسه,residential,0.15,139.72,46.11,-6.6,61.82,35.79,51.5,https://www.openstreetmap.org/?mlat=35.79476&mlon=51.49698#map=17/35.79476/51.49698,B
منطقه ۱ شهر تهران,ازگل,tehran:m122,تهرانی,tertiary,0.12,139.72,46.42,-6.0,62.54,35.79,51.5,https://www.openstreetmap.org/?mlat=35.79375&mlon=51.49707#map=17/35.79375/51.49707,B
منطقه ۴ شهر تهران,لویزان - شیان,tehran:m403,کنار گذر شهرک ولایت فقیه,residential,0.27,20.17,19.76,-57.0,8.83,35.78,51.51,https://www.openstreetmap.org/?mlat=35.77525&mlon=51.51462#map=17/35.77525/51.51462,A
منطقه ۴ شهر تهران,لویزان - شیان,tehran:m403,شیان ۷,residential,0.38,74.41,20.73,-54.8,20.94,35.77,51.5,https://www.openstreetmap.org/?mlat=35.77077&mlon=51.49808#map=17/35.77077/51.49808,A
منطقه ۴ شهر تهران,لویزان - شیان,tehran:m403,شیان ۶,residential,0.24,75.11,21.72,-52.7,21.26,35.77,51.5,https://www.openstreetmap.org/?mlat=35.77164&mlon=51.49892#map=17/35.77164/51.49892,A
منطقه ۴ شهر تهران,لویزان - شیان,tehran:m403,شیان ۵,residential,0.34,75.11,23.9,-47.9,21.38,35.77,51.5,https://www.openstreetmap.org/?mlat=35.77181&mlon=51.49818#map=17/35.77181/51.49818,A
منطقه ۴ شهر تهران,لویزان - شیان,tehran:m403,شیان ۴,residential,0.35,75.11,26.18,-43.0,21.65,35.77,51.5,https://www.openstreetmap.org/?mlat=35.77233&mlon=51.49797#map=17/35.77233/51.49797,A
منطقه ۴ شهر تهران,لویزان - شیان,tehran:m403,شبنم,residential,0.12,75.11,28.34,-38.2,22.12,35.77,51.5,https://www.openstreetmap.org/?mlat=35.77172&mlon=51.49647#map=17/35.77172/51.49647,A
منطقه ۴ شهر تهران,نارمک,tehran:m419,دولتیاری,residential,0.15,94.42,48.76,-8.1,57.67,35.74,51.51,https://www.openstreetmap.org/?mlat=35.73531&mlon=51.51042#map=17/35.73531/51.51042,A
منطقه ۴ شهر تهران,نارمک,tehran:m419,شهریاری,residential,0.15,94.42,49.06,-7.5,58.25,35.74,51.51,https://www.openstreetmap.org/?mlat=35.73541&mlon=51.50921#map=17/35.73541/51.50921,A
منطقه ۴ شهر تهران,نارمک,tehran:m419,آب نیکی,residential,0.14,94.42,49.27,-7.1,58.75,35.74,51.51,https://www.openstreetmap.org/?mlat=35.73530&mlon=51.50843#map=17/35.73530/51.50843,A
منطقه ۴ شهر تهران,نارمک,tehran:m419,برادران باقری,residential,0.4,97.43,49.28,-7.1,59.35,35.74,51.51,https://www.openstreetmap.org/?mlat=35.73597&mlon=51.50776#map=17/35.73597/51.50776,A
منطقه ۴ شهر تهران,نارمک,tehran:m419,ملا جعفر,residential,0.14,94.42,49.59,-6.5,59.39,35.74,51.51,https://www.openstreetmap.org/?mlat=35.73564&mlon=51.50676#map=17/35.73564/51.50676,A
منطقه ۴ شهر تهران,نارمک,tehran:m419,بوستانی,residential,0.42,94.42,49.62,-6.4,59.46,35.74,51.51,https://www.openstreetmap.org/?mlat=35.73747&mlon=51.50568#map=17/35.73747/51.50568,A
منطقه ۴ شهر تهران,شمیران نو,tehran:m413,موسسه خدمات رفاهی کشتیرانی,living_street,0.15,0.0,28.63,-24.9,3.18,35.77,51.49,https://www.openstreetmap.org/?mlat=35.76785&mlon=51.49234#map=17/35.76785/51.49234,A
منطقه ۴ شهر تهران,شمیران نو,tehran:m413,شهرک شهید دقایقی,residential,0.22,0.0,30.25,-20.7,3.68,35.77,51.49,https://www.openstreetmap.org/?mlat=35.76754&mlon=51.49142#map=17/35.76754/51.49142,A
منطقه ۴ شهر تهران,شمیران نو,tehran:m413,شهرک دقایقی,residential,1.29,17.9,28.24,-25.9,9.36,35.77,51.49,https://www.openstreetmap.org/?mlat=35.76561&mlon=51.49032#map=17/35.76561/51.49032,A
منطقه ۴ شهر تهران,شمیران نو,tehran:m413,نونوار غربی,residential,0.3,63.48,28.9,-24.2,19.78,35.76,51.5,https://www.openstreetmap.org/?mlat=35.75706&mlon=51.49954#map=17/35.75706/51.49954,A
منطقه ۴ شهر تهران,شمیران نو,tehran:m413,اشتری,residential,0.37,63.48,31.53,-17.3,20.59,35.76,51.5,https://www.openstreetmap.org/?mlat=35.75506&mlon=51.49903#map=17/35.75506/51.49903,A
منطقه ۴ شهر تهران,شمیران نو,tehran:m413,شهید توکلی,residential,0.28,74.39,29.01,-23.9,22.03,35.76,51.5,https://www.openstreetmap.org/?mlat=35.75719&mlon=51.50007#map=17/35.75719/51.50007,A
منطقه ۴ شهر تهران,علم و صنعت,tehran:m418,حسینی,residential,0.33,95.91,45.11,-10.5,50.29,35.75,51.51,https://www.openstreetmap.org/?mlat=35.74528&mlon=51.50876#map=17/35.74528/51.50876,A
منطقه ۴ شهر تهران,علم و صنعت,tehran:m418,قنادان طوسی,residential,0.33,95.91,45.56,-9.6,51.36,35.74,51.51,https://www.openstreetmap.org/?mlat=35.74472&mlon=51.50868#map=17/35.74472/51.50868,A
منطقه ۴ شهر تهران,علم و صنعت,tehran:m418,علویان,residential,0.33,95.91,45.99,-8.8,52.38,35.74,51.51,https://www.openstreetmap.org/?mlat=35.74418&mlon=51.50860#map=17/35.74418/51.50860,A
منطقه ۴ شهر تهران,علم و صنعت,tehran:m418,مهدی‌نژاد,residential,0.43,95.91,46.25,-8.2,52.99,35.75,51.5,https://www.openstreetmap.org/?mlat=35.74561&mlon=51.50440#map=17/35.74561/51.50440,A
منطقه ۴ شهر تهران,علم و صنعت,tehran:m418,فکری دوم غربی,residential,0.29,95.91,46.33,-8.1,53.16,35.74,51.51,https://www.openstreetmap.org/?mlat=35.74490&mlon=51.50509#map=17/35.74490/51.50509,A
منطقه ۴ شهر تهران,علم و صنعت,tehran:m418,پوازی,residential,0.31,95.91,46.41,-7.9,53.34,35.74,51.51,https://www.openstreetmap.org/?mlat=35.74361&mlon=51.50863#map=17/35.74361/51.50863,A
منطقه ۴ شهر تهران,اوقاف,tehran:m412,دانش کهن,residential,0.42,18.3,41.24,-2.8,23.08,35.75,51.51,https://www.openstreetmap.org/?mlat=35.74898&mlon=51.51362#map=17/35.74898/51.51362,A
منطقه ۴ شهر تهران,اوقاف,tehran:m412,سروش هشتم,residential,0.16,44.4,39.17,-7.7,23.1,35.75,51.52,https://www.openstreetmap.org/?mlat=35.75340&mlon=51.51757#map=17/35.75340/51.51757,A
منطقه ۴ شهر تهران,اوقاف,tehran:m412,سروش ششم,residential,0.14,44.4,39.17,-7.7,23.13,35.75,51.52,https://www.openstreetmap.org/?mlat=35.75280&mlon=51.51743#map=17/35.75280/51.51743,A
منطقه ۴ شهر تهران,اوقاف,tehran:m412,حافظ,residential,0.15,44.4,39.21,-7.6,23.23,35.75,51.52,https://www.openstreetmap.org/?mlat=35.75318&mlon=51.51563#map=17/35.75318/51.51563,A
منطقه ۴ شهر تهران,اوقاف,tehran:m412,حصاری,residential,0.2,15.17,41.56,-2.1,23.27,35.75,51.52,https://www.openstreetmap.org/?mlat=35.74847&mlon=51.51707#map=17/35.74847/51.51707,A
منطقه ۴ شهر تهران,اوقاف,tehran:m412,تیموری,residential,0.12,44.4,39.22,-7.6,23.28,35.75,51.52,https://www.openstreetmap.org/?mlat=35.75205&mlon=51.51720#map=17/35.75205/51.51720,A
منطقه ۱۳ شهر تهران,سرخه حصار,tehran:m1306,خیابان افرا,service,0.94,0.0,6.43,-75.7,2.05,35.72,51.57,https://www.openstreetmap.org/?mlat=35.71843&mlon=51.57205#map=17/35.71843/51.57205,A
منطقه ۱۳ شهر تهران,سرخه حصار,tehran:m1306,نسترن,service,0.45,0.0,7.11,-73.1,2.05,35.72,51.55,https://www.openstreetmap.org/?mlat=35.71919&mlon=51.55291#map=17/35.71919/51.55291,A
منطقه ۱۳ شهر تهران,سرخه حصار,tehran:m1306,خیابان سنبل,service,0.31,0.0,7.38,-72.1,2.05,35.72,51.54,https://www.openstreetmap.org/?mlat=35.71796&mlon=51.54104#map=17/35.71796/51.54104,A
منطقه ۱۳ شهر تهران,سرخه حصار,tehran:m1306,میدان ارغوان,service,0.54,0.0,9.19,-65.3,2.06,35.72,51.56,https://www.openstreetmap.org/?mlat=35.72110&mlon=51.56157#map=17/35.72110/51.56157,A
منطقه ۱۳ شهر تهران,سرخه حصار,tehran:m1306,لاله,service,0.77,0.0,9.79,-63.0,2.06,35.72,51.57,https://www.openstreetmap.org/?mlat=35.71959&mlon=51.57300#map=17/35.71959/51.57300,A
منطقه ۱۳ شهر تهران,سرخه حصار,tehran:m1306,بلوار ارغوان,service,1.2,0.0,9.97,-62.3,2.06,35.72,51.54,https://www.openstreetmap.org/?mlat=35.71936&mlon=51.54296#map=17/35.71936/51.54296,A
منطقه ۴ شهر تهران,قنات کوثر,tehran:m405,یکم غربی,residential,0.28,92.88,44.71,-6.5,48.5,35.75,51.53,https://www.openstreetmap.org/?mlat=35.75346&mlon=51.52574#map=17/35.75346/51.52574,C
منطقه ۴ شهر تهران,قنات کوثر,tehran:m405,دوم غربی,residential,0.28,92.88,44.82,-6.2,48.79,35.75,51.53,https://www.openstreetmap.org/?mlat=35.75398&mlon=51.52584#map=17/35.75398/51.52584,C
منطقه ۴ شهر تهران,قنات کوثر,tehran:m405,سوم غربی,residential,0.28,92.88,44.94,-6.0,49.09,35.75,51.53,https://www.openstreetmap.org/?mlat=35.75452&mlon=51.52594#map=17/35.75452/51.52594,C
منطقه ۴ شهر تهران,قنات کوثر,tehran:m405,چهارم غربی علینقیان,residential,0.28,92.88,45.06,-5.7,49.39,35.76,51.53,https://www.openstreetmap.org/?mlat=35.75505&mlon=51.52604#map=17/35.75505/51.52604,C
منطقه ۴ شهر تهران,قنات کوثر,tehran:m405,پنجم غربی,residential,0.28,92.88,45.18,-5.5,49.68,35.76,51.53,https://www.openstreetmap.org/?mlat=35.75558&mlon=51.52613#map=17/35.75558/51.52613,C
منطقه ۴ شهر تهران,قنات کوثر,tehran:m405,ششم غربی,residential,0.28,92.88,45.32,-5.2,50.0,35.76,51.53,https://www.openstreetmap.org/?mlat=35.75611&mlon=51.52623#map=17/35.75611/51.52623,C
منطقه ۸ شهر تهران,تهران پارس,tehran:m807,پروین,residential,0.23,0.0,40.26,-16.1,13.9,35.72,51.53,https://www.openstreetmap.org/?mlat=35.72496&mlon=51.52724#map=17/35.72496/51.52724,B
منطقه ۸ شهر تهران,تهران پارس,tehran:m807,لوکس,service,0.18,0.0,40.36,-15.9,14.24,35.73,51.53,https://www.openstreetmap.org/?mlat=35.72518&mlon=51.52984#map=17/35.72518/51.52984,B
منطقه ۸ شهر تهران,تهران پارس,tehran:m807,بهزاد اختیاری ۱۳۶,residential,0.25,0.0,40.95,-14.6,15.91,35.73,51.53,https://www.openstreetmap.org/?mlat=35.72501&mlon=51.52586#map=17/35.72501/51.52586,B
منطقه ۸ شهر تهران,تهران پارس,tehran:m807,صدو بیست و ششم شرقی,residential,0.2,0.0,41.47,-13.5,17.43,35.72,51.51,https://www.openstreetmap.org/?mlat=35.72380&mlon=51.51490#map=17/35.72380/51.51490,B
منطقه ۸ شهر تهران,تهران پارس,tehran:m807,شیرازی,residential,0.23,3.88,40.95,-14.6,19.14,35.72,51.51,https://www.openstreetmap.org/?mlat=35.72380&mlon=51.51435#map=17/35.72380/51.51435,B
منطقه ۸ شهر تهران,تهران پارس,tehran:m807,کوهی,service,0.11,0.0,42.48,-11.4,20.06,35.73,51.54,https://www.openstreetmap.org/?mlat=35.72601&mlon=51.53644#map=17/35.72601/51.53644,B
منطقه ۴ شهر تهران,مجید آباد - استقلال,tehran:m406,بوستان دوازدهم,residential,0.46,210.04,38.85,-20.8,51.81,35.76,51.55,https://www.openstreetmap.org/?mlat=35.75915&mlon=51.54935#map=17/35.75915/51.54935,B
منطقه ۴ شهر تهران,مجید آباد - استقلال,tehran:m406,بوستان یازدهم,residential,0.32,256.14,39.92,-18.6,56.88,35.76,51.55,https://www.openstreetmap.org/?mlat=35.75838&mlon=51.54916#map=17/35.75838/51.54916,B
منطقه ۴ شهر تهران,مجید آباد - استقلال,tehran:m406,کیش,residential,0.51,190.23,41.98,-14.4,58.4,35.76,51.54,https://www.openstreetmap.org/?mlat=35.76203&mlon=51.54363#map=17/35.76203/51.54363,B
منطقه ۴ شهر تهران,مجید آباد - استقلال,tehran:m406,نوید صفری,residential,0.25,256.14,40.57,-17.3,58.75,35.76,51.55,https://www.openstreetmap.org/?mlat=35.75806&mlon=51.54899#map=17/35.75806/51.54899,B
منطقه ۴ شهر تهران,مجید آباد - استقلال,tehran:m406,بوستان دهم,residential,0.32,244.09,41.23,-16.0,59.76,35.76,51.55,https://www.openstreetmap.org/?mlat=35.75770&mlon=51.54880#map=17/35.75770/51.54880,B
منطقه ۴ شهر تهران,مجید آباد - استقلال,tehran:m406,شهرک پارس,living_street,0.26,261.12,41.48,-15.5,61.75,35.77,51.54,https://www.openstreetmap.org/?mlat=35.76508&mlon=51.54089#map=17/35.76508/51.54089,B
منطقه ۴ شهر تهران,جوادیه تهرانپارس,tehran:m420,آذری,residential,0.21,32.88,33.32,-23.3,14.41,35.74,51.55,https://www.openstreetmap.org/?mlat=35.73994&mlon=51.55258#map=17/35.73994/51.55258,A
منطقه ۴ شهر تهران,جوادیه تهرانپارس,tehran:m420,جعفری,residential,0.11,32.88,35.12,-19.2,15.33,35.74,51.56,https://www.openstreetmap.org/?mlat=35.74024&mlon=51.55572#map=17/35.74024/51.55572,A
منطقه ۴ شهر تهران,جوادیه تهرانپارس,tehran:m420,داریوش سلطانی,residential,0.32,57.61,34.1,-21.5,20.47,35.74,51.55,https://www.openstreetmap.org/?mlat=35.73950&mlon=51.55355#map=17/35.73950/51.55355,A
منطقه ۴ شهر تهران,جوادیه تهرانپارس,tehran:m420,ربیعی,residential,0.5,60.77,34.47,-20.7,21.23,35.74,51.55,https://www.openstreetmap.org/?mlat=35.73942&mlon=51.55396#map=17/35.73942/51.55396,A
منطقه ۴ شهر تهران,جوادیه تهرانپارس,tehran:m420,پامچال,residential,0.1,0.0,43.34,-0.2,22.22,35.73,51.55,https://www.openstreetmap.org/?mlat=35.72637&mlon=51.54675#map=17/35.72637/51.54675,A
منطقه ۴ شهر تهران,جوادیه تهرانپارس,tehran:m420,حسینی,residential,0.41,69.41,35.42,-18.5,23.74,35.74,51.55,https://www.openstreetmap.org/?mlat=35.73915&mlon=51.55479#map=17/35.73915/51.55479,A
منطقه ۴ شهر تهران,گلشن,tehran:m409,احسان,residential,0.19,0.0,37.59,-12.0,8.29,35.75,51.57,https://www.openstreetmap.org/?mlat=35.74516&mlon=51.57235#map=17/35.74516/51.57235,A
منطقه ۴ شهر تهران,گلشن,tehran:m409,رحیمی,residential,0.28,9.36,34.92,-18.3,10.04,35.74,51.56,https://www.openstreetmap.org/?mlat=35.74382&mlon=51.55948#map=17/35.74382/51.55948,A
منطقه ۴ شهر تهران,گلشن,tehran:m409,عروجی,residential,0.22,13.3,33.91,-20.6,10.23,35.74,51.56,https://www.openstreetmap.org/?mlat=35.74409&mlon=51.55681#map=17/35.74409/51.55681,A
منطقه ۴ شهر تهران,گلشن,tehran:m409,حسن زاده,residential,0.28,0.0,38.81,-9.1,10.41,35.74,51.57,https://www.openstreetmap.org/?mlat=35.74436&mlon=51.57102#map=17/35.74436/51.57102,A
منطقه ۴ شهر تهران,گلشن,tehran:m409,هفتم,residential,0.13,13.3,34.25,-19.8,10.43,35.74,51.56,https://www.openstreetmap.org/?mlat=35.74356&mlon=51.55720#map=17/35.74356/51.55720,A
منطقه ۴ شهر تهران,گلشن,tehran:m409,صادقی,residential,0.23,13.3,34.8,-18.5,10.71,35.75,51.56,https://www.openstreetmap.org/?mlat=35.74590&mlon=51.55720#map=17/35.74590/51.55720,A
منطقه ۴ شهر تهران,استخر,tehran:m407,مسجد,residential,0.25,0.0,23.92,-40.8,2.36,35.76,51.55,https://www.openstreetmap.org/?mlat=35.76229&mlon=51.55431#map=17/35.76229/51.55431,B
منطقه ۴ شهر تهران,استخر,tehran:m407,سعادتمند,residential,0.21,0.0,28.46,-29.6,3.13,35.76,51.55,https://www.openstreetmap.org/?mlat=35.76115&mlon=51.55396#map=17/35.76115/51.55396,B
منطقه ۴ شهر تهران,استخر,tehran:m407,نوروزی,residential,0.17,0.0,30.38,-24.9,3.73,35.76,51.55,https://www.openstreetmap.org/?mlat=35.76076&mlon=51.55355#map=17/35.76076/51.55355,B
منطقه ۴ شهر تهران,استخر,tehran:m407,پارکینگ اساتید,service,0.32,0.0,36.57,-9.5,7.03,35.75,51.58,https://www.openstreetmap.org/?mlat=35.74682&mlon=51.57562#map=17/35.74682/51.57562,B
منطقه ۴ شهر تهران,استخر,tehran:m407,جهانتاب,residential,0.16,10.44,26.82,-33.6,7.32,35.76,51.55,https://www.openstreetmap.org/?mlat=35.76160&mlon=51.55394#map=17/35.76160/51.55394,B
منطقه ۴ شهر تهران,استخر,tehran:m407,پارکینگ برادران,service,0.23,0.0,37.45,-7.4,8.09,35.75,51.57,https://www.openstreetmap.org/?mlat=35.74627&mlon=51.57359#map=17/35.74627/51.57359,B
منطقه ۴ شهر تهران,حکیمیه,tehran:m408,اندیشه,living_street,0.27,0.0,24.48,-43.8,2.4,35.74,51.6,https://www.openstreetmap.org/?mlat=35.74150&mlon=51.60467#map=17/35.74150/51.60467,A
منطقه ۴ شهر تهران,حکیمیه,tehran:m408,تقی پور,living_street,0.1,0.0,26.38,-39.4,2.62,35.74,51.6,https://www.openstreetmap.org/?mlat=35.74161&mlon=51.60405#map=17/35.74161/51.60405,A
منطقه ۴ شهر تهران,حکیمیه,tehran:m408,نشاط,living_street,0.11,0.0,26.68,-38.8,2.68,35.74,51.6,https://www.openstreetmap.org/?mlat=35.74249&mlon=51.60443#map=17/35.74249/51.60443,A
منطقه ۴ شهر تهران,حکیمیه,tehran:m408,گل نرگس,living_street,0.12,0.0,27.43,-37.1,2.83,35.74,51.6,https://www.openstreetmap.org/?mlat=35.74337&mlon=51.60463#map=17/35.74337/51.60463,A
منطقه ۴ شهر تهران,حکیمیه,tehran:m408,سحر سوم,residential,0.2,0.0,28.51,-34.6,3.13,35.74,51.6,https://www.openstreetmap.org/?mlat=35.73541&mlon=51.59907#map=17/35.73541/51.59907,A
منطقه ۴ شهر تهران,حکیمیه,tehran:m408,سحر دوم,residential,0.13,0.0,28.73,-34.1,3.21,35.73,51.6,https://www.openstreetmap.org/?mlat=35.73493&mlon=51.59884#map=17/35.73493/51.59884,A
منطقه ۲۱ شهر تهران,شهرک شهرداری,tehran:m2104,چهل و هفتم,tertiary,0.75,210.78,65.22,0.0,91.67,35.73,51.18,https://www.openstreetmap.org/?mlat=35.72533&mlon=51.18332#map=17/35.72533/51.18332,C
منطقه ۲۱ شهر تهران,شهرک شهرداری,tehran:m2104,یاس شمالی,residential,0.33,250.68,61.33,-6.0,92.6,35.73,51.18,https://www.openstreetmap.org/?mlat=35.72793&mlon=51.18253#map=17/35.72793/51.18253,C
منطقه ۲۱ شهر تهران,شهرک شهرداری,tehran:m2104,پارک,tertiary,0.2,238.87,64.07,-1.8,92.82,35.73,51.18,https://www.openstreetmap.org/?mlat=35.72638&mlon=51.18254#map=17/35.72638/51.18254,C
منطقه ۲۱ شهر تهران,شهرک شهرداری,tehran:m2104,یاس جنوبی,residential,0.49,244.77,68.31,4.7,94.02,35.72,51.18,https://www.openstreetmap.org/?mlat=35.72396&mlon=51.18139#map=17/35.72396/51.18139,C
منطقه ۲۱ شهر تهران,شهرک شهرداری,tehran:m2104,چهل و نهم,tertiary,1.03,301.23,66.73,2.3,96.08,35.73,51.18,https://www.openstreetmap.org/?mlat=35.72625&mlon=51.17987#map=17/35.72625/51.17987,C
منطقه ۲۱ شهر تهران,شهرک دریا,tehran:m2116,یکم,residential,0.15,275.82,38.98,-12.0,55.66,35.69,51.24,https://www.openstreetmap.org/?mlat=35.68930&mlon=51.24173#map=17/35.68930/51.24173,C
منطقه ۲۱ شهر تهران,شهرک دریا,tehran:m2116,دوم,residential,0.12,252.98,39.82,-10.1,56.29,35.69,51.24,https://www.openstreetmap.org/?mlat=35.68966&mlon=51.24109#map=17/35.68966/51.24109,C
منطقه ۲۱ شهر تهران,شهرک دریا,tehran:m2116,چهارم,residential,0.12,256.54,40.01,-9.6,57.14,35.69,51.24,https://www.openstreetmap.org/?mlat=35.68932&mlon=51.24101#map=17/35.68932/51.24101,C
منطقه ۲۱ شهر تهران,شهرک دریا,tehran:m2116,سوم,residential,0.17,275.3,40.17,-9.3,58.51,35.69,51.24,https://www.openstreetmap.org/?mlat=35.68879&mlon=51.24128#map=17/35.68879/51.24128,C
منطقه ۲۱ شهر تهران,شهرک دریا,tehran:m2116,ششم,residential,0.12,286.59,40.8,-7.9,60.61,35.69,51.24,https://www.openstreetmap.org/?mlat=35.68879&mlon=51.24087#map=17/35.68879/51.24087,C
منطقه ۲۱ شهر تهران,شهرک دریا,tehran:m2116,شهید عباسعلی نصرالله زاده,residential,0.12,223.28,42.55,-3.9,62.18,35.69,51.24,https://www.openstreetmap.org/?mlat=35.68609&mlon=51.24153#map=17/35.68609/51.24153,C
منطقه ۲۱ شهر تهران,تهرانسر غربی,tehran:m2115,چهاردهم,residential,0.41,0.0,40.94,-15.7,15.88,35.69,51.24,https://www.openstreetmap.org/?mlat=35.69056&mlon=51.24391#map=17/35.69056/51.24391,B
منطقه ۲۱ شهر تهران,تهرانسر غربی,tehran:m2115,اسماعیل زاده,residential,0.14,0.0,41.64,-14.3,17.89,35.69,51.24,https://www.openstreetmap.org/?mlat=35.69100&mlon=51.24406#map=17/35.69100/51.24406,B
منطقه ۲۱ شهر تهران,تهرانسر غربی,tehran:m2115,قیطاسی,residential,0.13,0.0,42.38,-12.8,19.8,35.69,51.25,https://www.openstreetmap.org/?mlat=35.68996&mlon=51.24728#map=17/35.68996/51.24728,B
منطقه ۲۱ شهر تهران,تهرانسر غربی,tehran:m2115,محرمعلی رحیمی,residential,0.14,0.0,42.4,-12.7,19.88,35.69,51.25,https://www.openstreetmap.org/?mlat=35.69070&mlon=51.24579#map=17/35.69070/51.24579,B
منطقه ۲۱ شهر تهران,تهرانسر غربی,tehran:m2115,سیزدهم,residential,0.13,0.0,43.12,-11.2,21.69,35.69,51.24,https://www.openstreetmap.org/?mlat=35.69126&mlon=51.24265#map=17/35.69126/51.24265,B
منطقه ۲۱ شهر تهران,تهرانسر غربی,tehran:m2115,صاحب الزمان (عج),residential,0.13,0.0,43.32,-10.8,22.16,35.69,51.24,https://www.openstreetmap.org/?mlat=35.69144&mlon=51.24416#map=17/35.69144/51.24416,B
منطقه ۲۱ شهر تهران,تهرانسر مرکزی,tehran:m2113,۱۲,residential,0.3,187.36,50.79,-1.5,77.28,35.7,51.26,https://www.openstreetmap.org/?mlat=35.69855&mlon=51.25622#map=17/35.69855/51.25622,C
منطقه ۲۱ شهر تهران,تهرانسر مرکزی,tehran:m2113,محمدحسین گیتی نما,tertiary,0.51,187.36,50.81,-1.5,77.33,35.7,51.26,https://www.openstreetmap.org/?mlat=35.69778&mlon=51.25720#map=17/35.69778/51.25720,C
منطقه ۲۱ شهر تهران,تهرانسر مرکزی,tehran:m2113,هجدهم,residential,0.12,187.36,51.09,-0.9,77.84,35.7,51.25,https://www.openstreetmap.org/?mlat=35.69700&mlon=51.25491#map=17/35.69700/51.25491,C
منطقه ۲۱ شهر تهران,تهرانسر مرکزی,tehran:m2113,جلیلی,residential,0.18,187.36,51.15,-0.8,77.98,35.7,51.26,https://www.openstreetmap.org/?mlat=35.69821&mlon=51.25932#map=17/35.69821/51.25932,C
منطقه ۲۱ شهر تهران,تهرانسر مرکزی,tehran:m2113,امید,residential,0.21,189.2,51.07,-1.0,78.03,35.7,51.26,https://www.openstreetmap.org/?mlat=35.69830&mlon=51.25904#map=17/35.69830/51.25904,C
منطقه ۲۱ شهر تهران,تهرانسر مرکزی,tehran:m2113,ده متری دوم,residential,0.19,187.36,51.22,-0.7,78.07,35.7,51.26,https://www.openstreetmap.org/?mlat=35.69695&mlon=51.25681#map=17/35.69695/51.25681,C
منطقه ۲۱ شهر تهران,باشگاه نفت,tehran:m2112,رجایی شمالی,residential,0.38,46.91,51.57,-1.2,51.87,35.7,51.25,https://www.openstreetmap.org/?mlat=35.69548&mlon=51.24973#map=17/35.69548/51.24973,C
منطقه ۲۱ شهر تهران,باشگاه نفت,tehran:m2112,پانزدهم,tertiary,0.22,73.56,51.0,-2.3,56.94,35.7,51.25,https://www.openstreetmap.org/?mlat=35.69722&mlon=51.25296#map=17/35.69722/51.25296,C
منطقه ۲۱ شهر تهران,باشگاه نفت,tehran:m2112,هفدهم,residential,0.23,73.56,51.33,-1.6,57.54,35.7,51.25,https://www.openstreetmap.org/?mlat=35.69641&mlon=51.25284#map=17/35.69641/51.25284,C
منطقه ۲۱ شهر تهران,باشگاه نفت,tehran:m2112,سیزدهم,residential,0.21,81.97,50.76,-2.7,58.6,35.7,51.25,https://www.openstreetmap.org/?mlat=35.69801&mlon=51.25310#map=17/35.69801/51.25310,C
منطقه ۲۱ شهر تهران,باشگاه نفت,tehran:m2112,۲۱ مردیان,residential,0.24,73.56,51.96,-0.4,58.69,35.69,51.25,https://www.openstreetmap.org/?mlat=35.69481&mlon=51.25284#map=17/35.69481/51.25284,C
منطقه ۲۱ شهر تهران,باشگاه نفت,tehran:m2112,۲۳,residential,0.24,73.56,52.28,0.2,59.28,35.69,51.25,https://www.openstreetmap.org/?mlat=35.69405&mlon=51.25287#map=17/35.69405/51.25287,C
منطقه ۲۱ شهر تهران,تهرانسر شمالی,tehran:m2110,۱۶,residential,0.19,0.0,35.68,-34.4,6.25,35.7,51.27,https://www.openstreetmap.org/?mlat=35.70006&mlon=51.26767#map=17/35.70006/51.26767,A
منطقه ۲۱ شهر تهران,تهرانسر شمالی,tehran:m2110,۱۴,residential,0.14,0.0,36.45,-33.0,6.92,35.7,51.27,https://www.openstreetmap.org/?mlat=35.70068&mlon=51.26774#map=17/35.70068/51.26774,A
منطقه ۲۱ شهر تهران,تهرانسر شمالی,tehran:m2110,۸,residential,0.17,0.0,36.53,-32.8,6.99,35.7,51.27,https://www.openstreetmap.org/?mlat=35.70179&mlon=51.26839#map=17/35.70179/51.26839,A
منطقه ۲۱ شهر تهران,تهرانسر شمالی,tehran:m2110,۱۲,residential,0.13,0.0,36.64,-32.6,7.12,35.7,51.27,https://www.openstreetmap.org/?mlat=35.70121&mlon=51.26797#map=17/35.70121/51.26797,A
منطقه ۲۱ شهر تهران,تهرانسر شمالی,tehran:m2110,۱۰,residential,0.13,0.0,36.94,-32.1,7.43,35.7,51.27,https://www.openstreetmap.org/?mlat=35.70153&mlon=51.26806#map=17/35.70153/51.26806,A
منطقه ۲۱ شهر تهران,تهرانسر شمالی,tehran:m2110,۶,residential,0.18,0.0,38.04,-30.0,8.97,35.7,51.27,https://www.openstreetmap.org/?mlat=35.70234&mlon=51.26857#map=17/35.70234/51.26857,A
منطقه ۲۱ شهر تهران,شهرک پاسداران,tehran:m2114,تهرانسر ,tertiary,0.11,40.78,40.51,-14.9,25.93,35.7,51.27,https://www.openstreetmap.org/?mlat=35.69729&mlon=51.26565#map=17/35.69729/51.26565,C
منطقه ۲۱ شهر تهران,شهرک پاسداران,tehran:m2114,۲۹,residential,0.1,31.57,41.39,-13.0,26.49,35.69,51.26,https://www.openstreetmap.org/?mlat=35.69323&mlon=51.26390#map=17/35.69323/51.26390,C
منطقه ۲۱ شهر تهران,شهرک پاسداران,tehran:m2114,۳۳,residential,0.11,40.58,41.68,-12.4,29.21,35.69,51.26,https://www.openstreetmap.org/?mlat=35.69241&mlon=51.26371#map=17/35.69241/51.26371,C
منطقه ۲۱ شهر تهران,شهرک پاسداران,tehran:m2114,۳۵,residential,0.1,47.35,42.03,-11.7,31.47,35.69,51.26,https://www.openstreetmap.org/?mlat=35.69195&mlon=51.26355#map=17/35.69195/51.26355,C
منطقه ۲۱ شهر تهران,شهرک پاسداران,tehran:m2114,طهماسبی,residential,0.75,46.24,44.2,-7.1,36.39,35.69,51.26,https://www.openstreetmap.org/?mlat=35.69487&mlon=51.26378#map=17/35.69487/51.26378,C
منطقه ۲۱ شهر تهران,شهرک پاسداران,tehran:m2114,۲۷,residential,0.29,47.35,44.76,-6.0,37.86,35.69,51.26,https://www.openstreetmap.org/?mlat=35.69387&mlon=51.26300#map=17/35.69387/51.26300,C
منطقه ۵ شهر تهران,سازمان برنامه شمالی,tehran:m520,هشتم مرکزی,residential,0.16,3.52,45.51,-2.4,30.29,35.74,51.3,https://www.openstreetmap.org/?mlat=35.73557&mlon=51.30186#map=17/35.73557/51.30186,B
منطقه ۵ شهر تهران,سازمان برنامه شمالی,tehran:m520,نهم مرکزی,residential,0.16,3.52,45.54,-2.4,30.36,35.74,51.3,https://www.openstreetmap.org/?mlat=35.73506&mlon=51.30172#map=17/35.73506/51.30172,B
منطقه ۵ شهر تهران,سازمان برنامه شمالی,tehran:m520,دهم مرکزی,residential,0.16,3.52,45.67,-2.1,30.7,35.73,51.3,https://www.openstreetmap.org/?mlat=35.73456&mlon=51.30160#map=17/35.73456/51.30160,B
منطقه ۵ شهر تهران,سازمان برنامه شمالی,tehran:m520,میدان سازمان برنامه,tertiary,0.16,3.52,45.89,-1.6,31.18,35.74,51.3,https://www.openstreetmap.org/?mlat=35.73601&mlon=51.30283#map=17/35.73601/51.30283,B
منطقه ۵ شهر تهران,سازمان برنامه شمالی,tehran:m520,ششم شرقی,residential,0.12,3.52,45.91,-1.6,31.24,35.73,51.3,https://www.openstreetmap.org/?mlat=35.73430&mlon=51.30308#map=17/35.73430/51.30308,B
منطقه ۵ شهر تهران,سازمان برنامه شمالی,tehran:m520,یازدهم مرکزی,residential,0.16,6.23,45.83,-1.8,31.7,35.73,51.3,https://www.openstreetmap.org/?mlat=35.73403&mlon=51.30147#map=17/35.73403/51.30147,B
منطقه ۵ شهر تهران,جنت‌ آباد جنوبی,tehran:m516,طالقانی,residential,0.35,26.66,45.95,-4.4,36.28,35.75,51.31,https://www.openstreetmap.org/?mlat=35.74876&mlon=51.30813#map=17/35.74876/51.30813,A
منطقه ۵ شهر تهران,جنت‌ آباد جنوبی,tehran:m516,شهید خالقی,residential,0.18,24.89,46.42,-3.4,36.98,35.75,51.31,https://www.openstreetmap.org/?mlat=35.74881&mlon=51.30520#map=17/35.74881/51.30520,A
منطقه ۵ شهر تهران,جنت‌ آباد جنوبی,tehran:m516,میخک,residential,0.17,44.82,44.61,-7.2,37.02,35.75,51.31,https://www.openstreetmap.org/?mlat=35.75126&mlon=51.31193#map=17/35.75126/51.31193,A
منطقه ۵ شهر تهران,جنت‌ آباد جنوبی,tehran:m516,یاس نهم,residential,0.15,44.82,44.64,-7.1,37.12,35.75,51.31,https://www.openstreetmap.org/?mlat=35.75269&mlon=51.31356#map=17/35.75269/51.31356,A
منطقه ۵ شهر تهران,جنت‌ آباد جنوبی,tehran:m516,یاس دوم,residential,0.19,24.89,46.55,-3.1,37.31,35.75,51.31,https://www.openstreetmap.org/?mlat=35.74772&mlon=51.30822#map=17/35.74772/51.30822,A
منطقه ۵ شهر تهران,جنت‌ آباد جنوبی,tehran:m516,یاس هفتم,residential,0.18,44.82,44.85,-6.7,37.66,35.75,51.31,https://www.openstreetmap.org/?mlat=35.75238&mlon=51.31373#map=17/35.75238/51.31373,A
منطقه ۵ شهر تهران,شهران جنوبی,tehran:m510,نور سیزدهم,residential,0.11,34.48,41.09,-10.7,26.04,35.76,51.29,https://www.openstreetmap.org/?mlat=35.76202&mlon=51.29496#map=17/35.76202/51.29496,B
منطقه ۵ شهر تهران,شهران جنوبی,tehran:m510,آفتاب,residential,0.22,34.48,41.11,-10.6,26.1,35.76,51.3,https://www.openstreetmap.org/?mlat=35.76152&mlon=51.29512#map=17/35.76152/51.29512,B
منطقه ۵ شهر تهران,شهران جنوبی,tehran:m510,محمد علی رضایی (نور ۱۲),residential,0.12,34.48,41.29,-10.2,26.67,35.76,51.29,https://www.openstreetmap.org/?mlat=35.76154&mlon=51.29484#map=17/35.76154/51.29484,B
منطقه ۵ شهر تهران,شهران جنوبی,tehran:m510,مختاری,residential,0.12,34.48,41.46,-9.8,27.17,35.76,51.29,https://www.openstreetmap.org/?mlat=35.76113&mlon=51.29476#map=17/35.76113/51.29476,B
منطقه ۵ شهر تهران,شهران جنوبی,tehran:m510,نور دهم,residential,0.12,34.48,41.67,-9.4,27.73,35.76,51.29,https://www.openstreetmap.org/?mlat=35.76058&mlon=51.29469#map=17/35.76058/51.29469,B
منطقه ۵ شهر تهران,شهران جنوبی,tehran:m510,نور نهم,residential,0.13,34.48,42.28,-8.1,29.34,35.76,51.29,https://www.openstreetmap.org/?mlat=35.76010&mlon=51.29461#map=17/35.76010/51.29461,B
منطقه ۵ شهر تهران,جنت‌ آباد شمالی,tehran:m508,میلاد سوم,residential,0.3,0.0,40.33,-3.8,14.15,35.78,51.31,https://www.openstreetmap.org/?mlat=35.77637&mlon=51.31205#map=17/35.77637/51.31205,A
منطقه ۵ شهر تهران,جنت‌ آباد شمالی,tehran:m508,میعاد دوم,residential,0.12,0.0,40.34,-3.8,14.19,35.78,51.31,https://www.openstreetmap.org/?mlat=35.77580&mlon=51.31214#map=17/35.77580/51.31214,A
منطقه ۵ شهر تهران,جنت‌ آباد شمالی,tehran:m508,شانزدهم,residential,0.18,0.0,40.43,-3.6,14.45,35.77,51.31,https://www.openstreetmap.org/?mlat=35.77310&mlon=51.31444#map=17/35.77310/51.31444,A
منطقه ۵ شهر تهران,جنت‌ آباد شمالی,tehran:m508,میلاد دوم,residential,0.48,0.0,40.47,-3.5,14.56,35.78,51.31,https://www.openstreetmap.org/?mlat=35.77553&mlon=51.31204#map=17/35.77553/51.31204,A
منطقه ۵ شهر تهران,جنت‌ آباد شمالی,tehran:m508,میلاد یکم,residential,0.24,0.0,40.77,-2.7,15.41,35.78,51.31,https://www.openstreetmap.org/?mlat=35.77552&mlon=51.31280#map=17/35.77552/51.31280,A
منطقه ۵ شهر تهران,جنت‌ آباد شمالی,tehran:m508,میعاد یکم,residential,0.11,0.0,41.05,-2.1,16.18,35.78,51.31,https://www.openstreetmap.org/?mlat=35.77633&mlon=51.31318#map=17/35.77633/51.31318,A
منطقه ۹ شهر تهران,فتح - صنعتی,tehran:m909,فتح ۲۹.۱,service,0.12,375.56,35.2,-32.8,52.72,35.68,51.28,https://www.openstreetmap.org/?mlat=35.67742&mlon=51.27934#map=17/35.67742/51.27934,C
منطقه ۹ شهر تهران,فتح - صنعتی,tehran:m909,ارداقی,tertiary,0.96,112.89,51.89,-0.9,68.44,35.67,51.32,https://www.openstreetmap.org/?mlat=35.67260&mlon=51.32089#map=17/35.67260/51.32089,C
منطقه ۹ شهر تهران,فتح - صنعتی,tehran:m909,فتح بیست و نهم,service,0.56,452.82,43.6,-16.7,70.18,35.68,51.28,https://www.openstreetmap.org/?mlat=35.67921&mlon=51.28449#map=17/35.67921/51.28449,C
منطقه ۹ شهر تهران,فتح - صنعتی,tehran:m909,ایثار ۹,service,0.1,394.55,49.0,-6.4,81.48,35.68,51.3,https://www.openstreetmap.org/?mlat=35.68079&mlon=51.29530#map=17/35.68079/51.29530,C
منطقه ۹ شهر تهران,فتح - صنعتی,tehran:m909,فتح بیست و هفتم,service,0.49,439.53,49.13,-6.1,82.04,35.68,51.29,https://www.openstreetmap.org/?mlat=35.67879&mlon=51.28751#map=17/35.67879/51.28751,C
منطقه ۹ شهر تهران,فتح - صنعتی,tehran:m909,فتح نوزدهم,service,0.51,373.83,51.5,-1.6,86.11,35.68,51.29,https://www.openstreetmap.org/?mlat=35.67866&mlon=51.29378#map=17/35.67866/51.29378,C
منطقه ۵ شهر تهران,کوی بیمه,tehran:m528,مهدی یوسفی,residential,0.18,94.48,42.75,-10.9,44.46,35.71,51.32,https://www.openstreetmap.org/?mlat=35.71005&mlon=51.32009#map=17/35.71005/51.32009,B
منطقه ۵ شهر تهران,کوی بیمه,tehran:m528,سی و چهارم غربی,residential,0.15,94.48,43.95,-8.4,47.28,35.71,51.32,https://www.openstreetmap.org/?mlat=35.70947&mlon=51.31934#map=17/35.70947/51.31934,B
منطقه ۵ شهر تهران,کوی بیمه,tehran:m528,بیست و نهم,residential,0.12,109.53,43.25,-9.8,49.44,35.71,51.32,https://www.openstreetmap.org/?mlat=35.70883&mlon=51.32078#map=17/35.70883/51.32078,B
منطقه ۵ شهر تهران,کوی بیمه,tehran:m528,روح الله قربانی,residential,0.33,97.78,45.59,-4.9,51.87,35.71,51.32,https://www.openstreetmap.org/?mlat=35.70769&mlon=51.31941#map=17/35.70769/51.31941,B
منطقه ۵ شهر تهران,کوی بیمه,tehran:m528,سهیلی,residential,0.13,94.48,46.13,-3.8,52.38,35.71,51.32,https://www.openstreetmap.org/?mlat=35.71040&mlon=51.31650#map=17/35.71040/51.31650,B
منطقه ۵ شهر تهران,کوی بیمه,tehran:m528,بابک,residential,0.12,94.48,46.25,-3.6,52.7,35.71,51.32,https://www.openstreetmap.org/?mlat=35.70989&mlon=51.31654#map=17/35.70989/51.31654,B
منطقه ۲ شهر تهران,زنجان شمالی,tehran:m230,مجید آرمیون,residential,0.18,245.09,57.35,-4.5,89.99,35.71,51.36,https://www.openstreetmap.org/?mlat=35.70637&mlon=51.35739#map=17/35.70637/51.35739,C
منطقه ۲ شهر تهران,زنجان شمالی,tehran:m230,مجید چراغعلی,residential,0.24,245.09,57.94,-3.5,90.43,35.71,51.36,https://www.openstreetmap.org/?mlat=35.70602&mlon=51.35758#map=17/35.70602/51.35758,C
منطقه ۲ شهر تهران,زنجان شمالی,tehran:m230,محسن فیضی,residential,0.13,245.09,58.19,-3.1,90.62,35.71,51.36,https://www.openstreetmap.org/?mlat=35.70568&mlon=51.35821#map=17/35.70568/51.35821,C
منطقه ۲ شهر تهران,زنجان شمالی,tehran:m230,شایگان,residential,0.12,245.09,59.3,-1.2,91.32,35.71,51.36,https://www.openstreetmap.org/?mlat=35.70544&mlon=51.35753#map=17/35.70544/51.35753,C
منطقه ۲ شهر تهران,زنجان شمالی,tehran:m230,امید,residential,0.31,245.09,59.85,-0.3,91.6,35.71,51.36,https://www.openstreetmap.org/?mlat=35.70502&mlon=51.35819#map=17/35.70502/51.35819,C
منطقه ۲ شهر تهران,زنجان شمالی,tehran:m230,لطفی,residential,0.21,245.09,60.02,0.0,91.66,35.71,51.36,https://www.openstreetmap.org/?mlat=35.70542&mlon=51.35665#map=17/35.70542/51.35665,C
منطقه ۲ شهر تهران,دریا,tehran:m210,مطهری ۳,residential,0.15,67.11,55.36,-4.7,62.42,35.77,51.37,https://www.openstreetmap.org/?mlat=35.76998&mlon=51.36763#map=17/35.76998/51.36763,B
منطقه ۲ شهر تهران,دریا,tehran:m210,مطهری ۲,residential,0.15,67.11,55.68,-4.1,62.72,35.77,51.37,https://www.openstreetmap.org/?mlat=35.77047&mlon=51.36751#map=17/35.77047/51.36751,B
منطقه ۲ شهر تهران,دریا,tehran:m210,مطهری ۱,residential,0.15,67.11,55.87,-3.8,62.95,35.77,51.37,https://www.openstreetmap.org/?mlat=35.77076&mlon=51.36744#map=17/35.77076/51.36744,B
منطقه ۲ شهر تهران,دریا,tehran:m210,فجر ۱,residential,0.28,71.93,55.01,-5.3,62.98,35.77,51.37,https://www.openstreetmap.org/?mlat=35.76941&mlon=51.36780#map=17/35.76941/51.36780,B
منطقه ۲ شهر تهران,دریا,tehran:m210,خرداد,residential,0.14,67.11,56.05,-3.5,63.11,35.77,51.37,https://www.openstreetmap.org/?mlat=35.76972&mlon=51.36607#map=17/35.76972/51.36607,B
منطقه ۲ شهر تهران,دریا,tehran:m210,اردیبهشت,residential,0.14,67.11,56.41,-2.9,63.48,35.77,51.37,https://www.openstreetmap.org/?mlat=35.77019&mlon=51.36591#map=17/35.77019/51.36591,B
منطقه ۱۰ شهر تهران,سلسبیل جنوبی,tehran:m1004,شیراوند,residential,0.14,49.85,43.91,-9.3,36.6,35.69,51.37,https://www.openstreetmap.org/?mlat=35.68962&mlon=51.37096#map=17/35.68962/51.37096,B
منطقه ۱۰ شهر تهران,سلسبیل جنوبی,tehran:m1004,هیزمی آرانی,residential,0.11,50.42,43.94,-9.3,36.77,35.69,51.37,https://www.openstreetmap.org/?mlat=35.68861&mlon=51.37087#map=17/35.68861/51.37087,B
منطقه ۱۰ شهر تهران,سلسبیل جنوبی,tehran:m1004,شانجانی,residential,0.19,45.9,44.44,-8.2,36.8,35.69,51.37,https://www.openstreetmap.org/?mlat=35.68958&mlon=51.37168#map=17/35.68958/51.37168,B
منطقه ۱۰ شهر تهران,سلسبیل جنوبی,tehran:m1004,جوادی دوست,residential,0.13,51.01,44.09,-9.0,37.27,35.69,51.37,https://www.openstreetmap.org/?mlat=35.68832&mlon=51.37105#map=17/35.68832/51.37105,B
منطقه ۱۰ شهر تهران,سلسبیل جنوبی,tehran:m1004,نیک برش,residential,0.1,51.09,44.09,-8.9,37.36,35.69,51.37,https://www.openstreetmap.org/?mlat=35.68778&mlon=51.37096#map=17/35.68778/51.37096,B
منطقه ۱۰ شهر تهران,سلسبیل جنوبی,tehran:m1004,دامغان,residential,0.13,51.5,44.12,-8.9,37.62,35.69,51.37,https://www.openstreetmap.org/?mlat=35.68806&mlon=51.37106#map=17/35.68806/51.37106,B
منطقه ۱۰ شهر تهران,کارون شمالی,tehran:m1002,مجلل,residential,0.28,0.0,40.8,-3.1,15.49,35.69,51.37,https://www.openstreetmap.org/?mlat=35.69347&mlon=51.36514#map=17/35.69347/51.36514,C
منطقه ۱۰ شهر تهران,کارون شمالی,tehran:m1002,مطهری,residential,0.23,0.0,40.94,-2.8,15.83,35.69,51.37,https://www.openstreetmap.org/?mlat=35.69396&mlon=51.36540#map=17/35.69396/51.36540,C
منطقه ۱۰ شهر تهران,کارون شمالی,tehran:m1002,فلاح راد,residential,0.28,0.0,41.03,-2.6,16.11,35.69,51.37,https://www.openstreetmap.org/?mlat=35.69249&mlon=51.36522#map=17/35.69249/51.36522,C
منطقه ۱۰ شهر تهران,کارون شمالی,tehran:m1002,اسفندیاری,residential,0.24,0.0,41.07,-2.4,16.23,35.69,51.36,https://www.openstreetmap.org/?mlat=35.69429&mlon=51.36451#map=17/35.69429/51.36451,C
منطقه ۱۰ شهر تهران,کارون شمالی,tehran:m1002,شعبانی,residential,0.26,0.0,41.11,-2.3,16.35,35.69,51.37,https://www.openstreetmap.org/?mlat=35.69211&mlon=51.36526#map=17/35.69211/51.36526,C
منطقه ۱۰ شهر تهران,کارون شمالی,tehran:m1002,ثقفی,residential,0.16,0.0,41.25,-2.0,16.78,35.69,51.36,https://www.openstreetmap.org/?mlat=35.69449&mlon=51.36433#map=17/35.69449/51.36433,C
منطقه ۱۸ شهر تهران,شمس آباد,tehran:m1808,علیپور,tertiary,0.5,87.71,32.33,-10.2,26.26,35.65,51.3,https://www.openstreetmap.org/?mlat=35.65452&mlon=51.30386#map=17/35.65452/51.30386,C
منطقه ۱۸ شهر تهران,شمس آباد,tehran:m1808,جعفری,residential,0.16,74.32,37.2,3.3,26.47,35.66,51.31,https://www.openstreetmap.org/?mlat=35.65974&mlon=51.30604#map=17/35.65974/51.30604,C
منطقه ۱۸ شهر تهران,شمس آباد,tehran:m1808,حسنی,residential,0.18,79.94,36.97,2.7,27.69,35.66,51.31,https://www.openstreetmap.org/?mlat=35.65944&mlon=51.30765#map=17/35.65944/51.30765,C
منطقه ۱۸ شهر تهران,شمس آباد,tehran:m1808,علی اکبر جعفری,tertiary,0.14,72.93,38.3,6.4,27.78,35.66,51.3,https://www.openstreetmap.org/?mlat=35.66075&mlon=51.30418#map=17/35.66075/51.30418,C
منطقه ۱۸ شهر تهران,شمس آباد,tehran:m1808,نهم,residential,0.12,91.82,33.25,-7.6,27.99,35.66,51.3,https://www.openstreetmap.org/?mlat=35.65536&mlon=51.30452#map=17/35.65536/51.30452,C
منطقه ۱۸ شهر تهران,شمس آباد,tehran:m1808,شقایق,residential,0.11,80.97,37.11,3.1,28.04,35.66,51.31,https://www.openstreetmap.org/?mlat=35.65992&mlon=51.30775#map=17/35.65992/51.30775,C
منطقه ۱۸ شهر تهران,شهرک ولیعصر شمالی,tehran:m1813,دوم,residential,0.16,1.57,31.81,-2.3,6.71,35.65,51.34,https://www.openstreetmap.org/?mlat=35.64739&mlon=51.33794#map=17/35.64739/51.33794,A
منطقه ۱۸ شهر تهران,شهرک ولیعصر شمالی,tehran:m1813,علی اشرف عباسخانی,residential,0.13,2.94,31.73,-2.5,7.08,35.65,51.33,https://www.openstreetmap.org/?mlat=35.64674&mlon=51.33384#map=17/35.64674/51.33384,A
منطقه ۱۸ شهر تهران,شهرک ولیعصر شمالی,tehran:m1813,عنایت زارع,residential,0.16,3.3,31.86,-2.2,7.27,35.65,51.34,https://www.openstreetmap.org/?mlat=35.64765&mlon=51.33772#map=17/35.64765/51.33772,A
منطقه ۱۸ شهر تهران,شهرک ولیعصر شمالی,tehran:m1813,ابراهیم میرزایی,residential,0.12,3.46,31.93,-1.9,7.33,35.65,51.33,https://www.openstreetmap.org/?mlat=35.64728&mlon=51.33357#map=17/35.64728/51.33357,A
منطقه ۱۸ شهر تهران,شهرک ولیعصر شمالی,tehran:m1813,مطهری,residential,0.13,3.53,31.84,-2.2,7.33,35.65,51.33,https://www.openstreetmap.org/?mlat=35.64702&mlon=51.33367#map=17/35.64702/51.33367,A
منطقه ۱۸ شهر تهران,شهرک ولیعصر شمالی,tehran:m1813,هجده متری یاسر,residential,0.11,4.04,31.72,-2.6,7.41,35.65,51.34,https://www.openstreetmap.org/?mlat=35.64721&mlon=51.33629#map=17/35.64721/51.33629,A
منطقه ۱۷ شهر تهران,ابوذر غربی,tehran:m1707,سوم,residential,0.15,27.17,40.12,-5.2,21.64,35.66,51.36,https://www.openstreetmap.org/?mlat=35.65826&mlon=51.36188#map=17/35.65826/51.36188,B
منطقه ۱۷ شهر تهران,ابوذر غربی,tehran:m1707,البرزی,residential,0.16,45.13,39.61,-6.4,24.31,35.66,51.35,https://www.openstreetmap.org/?mlat=35.65867&mlon=51.35460#map=17/35.65867/51.35460,B
منطقه ۱۷ شهر تهران,ابوذر غربی,tehran:m1707,محمد غلامی,residential,0.24,44.28,39.87,-5.8,24.78,35.66,51.36,https://www.openstreetmap.org/?mlat=35.65882&mlon=51.35520#map=17/35.65882/51.35520,B
منطقه ۱۷ شهر تهران,ابوذر غربی,tehran:m1707,حسین جهانبخش,residential,0.14,43.66,40.02,-5.4,25.01,35.66,51.36,https://www.openstreetmap.org/?mlat=35.65845&mlon=51.35725#map=17/35.65845/51.35725,B
منطقه ۱۷ شهر تهران,ابوذر غربی,tehran:m1707,سلام الله سلیمی,residential,0.24,42.76,40.09,-5.2,25.06,35.66,51.36,https://www.openstreetmap.org/?mlat=35.65904&mlon=51.35529#map=17/35.65904/51.35529,B
منطقه ۱۷ شهر تهران,ابوذر غربی,tehran:m1707,علی مرادی,residential,0.2,43.66,40.37,-4.6,26.02,35.66,51.36,https://www.openstreetmap.org/?mlat=35.65864&mlon=51.35763#map=17/35.65864/51.35763,B
منطقه ۱۷ شهر تهران,وصفنارد,tehran:m1713,حمید عسگری,tertiary,0.12,25.22,37.16,-5.4,15.45,35.65,51.36,https://www.openstreetmap.org/?mlat=35.65049&mlon=51.35807#map=17/35.65049/51.35807,B
منطقه ۱۷ شهر تهران,وصفنارد,tehran:m1713,بابالویی,residential,0.1,38.4,37.13,-5.5,18.35,35.65,51.36,https://www.openstreetmap.org/?mlat=35.64997&mlon=51.35865#map=17/35.64997/51.35865,B
منطقه ۱۷ شهر تهران,وصفنارد,tehran:m1713,عبدالحسین پیشگیر,residential,0.13,50.46,37.45,-4.7,21.35,35.65,51.36,https://www.openstreetmap.org/?mlat=35.64951&mlon=51.35862#map=17/35.64951/51.35862,B
منطقه ۱۷ شهر تهران,وصفنارد,tehran:m1713,محمدعلی شمشیری,residential,0.13,57.58,37.76,-3.9,23.68,35.65,51.36,https://www.openstreetmap.org/?mlat=35.64992&mlon=51.35759#map=17/35.64992/51.35759,B
منطقه ۱۷ شهر تهران,وصفنارد,tehran:m1713,صفرعلی لطفی مقدم,residential,0.11,67.93,38.35,-2.4,27.0,35.65,51.36,https://www.openstreetmap.org/?mlat=35.64925&mlon=51.35735#map=17/35.64925/51.35735,B
منطقه ۱۷ شهر تهران,وصفنارد,tehran:m1713,محمدرضا تحقیقی,residential,0.1,73.18,38.1,-3.0,27.54,35.65,51.36,https://www.openstreetmap.org/?mlat=35.64775&mlon=51.35919#map=17/35.64775/51.35919,B
منطقه ۱۹ شهر تهران,عبدل آباد,tehran:m1908,سی ام,residential,0.14,0.0,33.15,-2.5,4.82,35.63,51.37,https://www.openstreetmap.org/?mlat=35.63393&mlon=51.36710#map=17/35.63393/51.36710,A
منطقه ۱۹ شهر تهران,عبدل آباد,tehran:m1908,بیست و ششم,residential,0.15,0.0,33.15,-2.5,4.82,35.63,51.37,https://www.openstreetmap.org/?mlat=35.63444&mlon=51.36661#map=17/35.63444/51.36661,A
منطقه ۱۹ شهر تهران,عبدل آباد,tehran:m1908,بیست و چهارم,residential,0.16,0.0,33.16,-2.5,4.83,35.63,51.37,https://www.openstreetmap.org/?mlat=35.63474&mlon=51.36639#map=17/35.63474/51.36639,A
منطقه ۱۹ شهر تهران,عبدل آباد,tehran:m1908,سی و دوم,residential,0.16,0.0,33.17,-2.4,4.84,35.63,51.37,https://www.openstreetmap.org/?mlat=35.63359&mlon=51.36731#map=17/35.63359/51.36731,A
منطقه ۱۹ شهر تهران,عبدل آباد,tehran:m1908,بیست و دوم,residential,0.14,0.0,33.18,-2.4,4.86,35.64,51.37,https://www.openstreetmap.org/?mlat=35.63501&mlon=51.36613#map=17/35.63501/51.36613,A
منطقه ۱۹ شهر تهران,عبدل آباد,tehran:m1908,بیست و هفتم,residential,0.1,0.0,33.22,-2.3,4.88,35.63,51.37,https://www.openstreetmap.org/?mlat=35.63425&mlon=51.36572#map=17/35.63425/51.36572,A
منطقه ۱۹ شهر تهران,خانی آباد شمالی,tehran:m1904,یازدهم,residential,0.11,43.72,40.24,-3.4,25.62,35.63,51.39,https://www.openstreetmap.org/?mlat=35.63326&mlon=51.39160#map=17/35.63326/51.39160,A
منطقه ۱۹ شهر تهران,خانی آباد شمالی,tehran:m1904,پانزدهم,residential,0.11,43.72,40.57,-2.7,26.61,35.63,51.39,https://www.openstreetmap.org/?mlat=35.63239&mlon=51.39183#map=17/35.63239/51.39183,A
منطقه ۱۹ شهر تهران,خانی آباد شمالی,tehran:m1904,محمد قنبری,tertiary,0.23,21.89,42.86,2.8,27.87,35.63,51.39,https://www.openstreetmap.org/?mlat=35.62809&mlon=51.39234#map=17/35.62809/51.39234,A
منطقه ۱۹ شهر تهران,خانی آباد شمالی,tehran:m1904,نیستان,residential,0.18,21.89,43.07,3.3,28.46,35.63,51.39,https://www.openstreetmap.org/?mlat=35.62828&mlon=51.39201#map=17/35.62828/51.39201,A
منطقه ۱۹ شهر تهران,خانی آباد شمالی,tehran:m1904,لاله,residential,0.11,43.72,41.32,-0.9,28.76,35.63,51.39,https://www.openstreetmap.org/?mlat=35.63087&mlon=51.39187#map=17/35.63087/51.39187,A
منطقه ۱۹ شهر تهران,خانی آباد شمالی,tehran:m1904,هفتم,residential,0.15,59.67,39.99,-4.1,28.76,35.63,51.39,https://www.openstreetmap.org/?mlat=35.63412&mlon=51.39107#map=17/35.63412/51.39107,A
منطقه ۱۵ شهر تهران,کیانشهر شمالی,tehran:m1512,شهید محمدرضا جلالی,residential,0.26,45.62,39.4,-4.2,23.89,35.64,51.44,https://www.openstreetmap.org/?mlat=35.64259&mlon=51.43958#map=17/35.64259/51.43958,A
منطقه ۱۵ شهر تهران,کیانشهر شمالی,tehran:m1512,علی دریانی,residential,0.15,45.62,40.36,-1.8,26.41,35.64,51.44,https://www.openstreetmap.org/?mlat=35.64102&mlon=51.44001#map=17/35.64102/51.44001,A
منطقه ۱۵ شهر تهران,کیانشهر شمالی,tehran:m1512,پارک,residential,0.35,60.03,39.47,-4.0,27.51,35.64,51.44,https://www.openstreetmap.org/?mlat=35.64445&mlon=51.44021#map=17/35.64445/51.44021,A
منطقه ۱۵ شهر تهران,کیانشهر شمالی,tehran:m1512,زرندی,service,0.35,45.62,41.09,0.0,28.46,35.64,51.44,https://www.openstreetmap.org/?mlat=35.64155&mlon=51.43672#map=17/35.64155/51.43672,A
منطقه ۱۵ شهر تهران,کیانشهر شمالی,tehran:m1512,نوروزی,tertiary,0.38,45.62,41.17,0.1,28.69,35.64,51.44,https://www.openstreetmap.org/?mlat=35.64025&mlon=51.43705#map=17/35.64025/51.43705,A
منطقه ۱۵ شهر تهران,کیانشهر شمالی,tehran:m1512,سلامت,service,0.31,45.62,41.17,0.2,28.72,35.64,51.44,https://www.openstreetmap.org/?mlat=35.64230&mlon=51.43636#map=17/35.64230/51.43636,A
منطقه ۱۵ شهر تهران,افسریه جنوبی,tehran:m1506,غلامحسین ترابی ۱۸,residential,0.22,107.46,39.21,-2.8,38.47,35.65,51.49,https://www.openstreetmap.org/?mlat=35.64993&mlon=51.48787#map=17/35.64993/51.48787,A
منطقه ۱۵ شهر تهران,افسریه جنوبی,tehran:m1506,اصغری راد ۱۶,residential,0.22,102.63,39.99,-0.9,39.06,35.65,51.49,https://www.openstreetmap.org/?mlat=35.64906&mlon=51.48757#map=17/35.64906/51.48757,A
منطقه ۱۵ شهر تهران,افسریه جنوبی,tehran:m1506,علی اکبر عنابستانی ۱۷,residential,0.22,107.46,39.61,-1.9,39.37,35.65,51.49,https://www.openstreetmap.org/?mlat=35.64949&mlon=51.48772#map=17/35.64949/51.48772,A
منطقه ۱۵ شهر تهران,افسریه جنوبی,tehran:m1506,رستمی ۱۵,residential,0.23,100.7,40.36,0.0,39.51,35.65,51.49,https://www.openstreetmap.org/?mlat=35.64863&mlon=51.48739#map=17/35.64863/51.48739,A
منطقه ۱۵ شهر تهران,افسریه جنوبی,tehran:m1506,فیض آبادی ۱۴,residential,0.31,100.7,40.44,0.2,39.74,35.65,51.49,https://www.openstreetmap.org/?mlat=35.64815&mlon=51.48773#map=17/35.64815/51.48773,A
منطقه ۱۵ شهر تهران,افسریه جنوبی,tehran:m1506,منوچهر هاشمی ۱۳,residential,0.24,100.7,40.97,1.5,41.25,35.65,51.49,https://www.openstreetmap.org/?mlat=35.64775&mlon=51.48709#map=17/35.64775/51.48709,A
منطقه ۱۴ شهر تهران,مینای جنوبی,tehran:m1422,رضا علی,residential,0.14,35.49,38.67,-6.1,20.07,35.67,51.46,https://www.openstreetmap.org/?mlat=35.67040&mlon=51.45711#map=17/35.67040/51.45711,B
منطقه ۱۴ شهر تهران,مینای جنوبی,tehran:m1422,احمد احمدزاده,residential,0.14,41.08,38.08,-7.5,20.35,35.67,51.46,https://www.openstreetmap.org/?mlat=35.66934&mlon=51.45688#map=17/35.66934/51.45688,B
منطقه ۱۴ شهر تهران,مینای جنوبی,tehran:m1422,ولی عصر,residential,0.14,41.08,38.3,-6.9,20.66,35.67,51.46,https://www.openstreetmap.org/?mlat=35.66973&mlon=51.45699#map=17/35.66973/51.45699,B
منطقه ۱۴ شهر تهران,مینای جنوبی,tehran:m1422,زمردیان,residential,0.12,46.47,37.84,-8.1,21.0,35.67,51.46,https://www.openstreetmap.org/?mlat=35.66862&mlon=51.45672#map=17/35.66862/51.45672,B
منطقه ۱۴ شهر تهران,مینای جنوبی,tehran:m1422,رب دوست,residential,0.14,46.47,37.88,-8.0,21.09,35.67,51.46,https://www.openstreetmap.org/?mlat=35.66898&mlon=51.45665#map=17/35.66898/51.45665,B
منطقه ۱۴ شهر تهران,مینای جنوبی,tehran:m1422,فشارکیان,residential,0.21,46.28,38.09,-7.5,21.38,35.67,51.46,https://www.openstreetmap.org/?mlat=35.66842&mlon=51.45600#map=17/35.66842/51.45600,B
منطقه ۱۴ شهر تهران,قصر فیروزه ۱,tehran:m1406,مشهد. مصلی30 ,residential,0.74,80.02,36.87,-24.6,27.61,35.67,51.5,https://www.openstreetmap.org/?mlat=35.67062&mlon=51.50164#map=17/35.67062/51.50164,A
منطقه ۱۴ شهر تهران,قصر فیروزه ۱,tehran:m1406,تجاره,residential,0.8,100.19,38.51,-21.2,35.0,35.66,51.51,https://www.openstreetmap.org/?mlat=35.66418&mlon=51.51296#map=17/35.66418/51.51296,A
منطقه ۱۴ شهر تهران,قصر فیروزه ۱,tehran:m1406,جاده نظامی,tertiary,0.98,106.03,45.28,-7.4,53.43,35.68,51.51,https://www.openstreetmap.org/?mlat=35.68060&mlon=51.50838#map=17/35.68060/51.50838,A
منطقه ۱۴ شهر تهران,قصر فیروزه ۱,tehran:m1406,مشهد,residential,0.1,290.41,37.86,-22.6,53.84,35.67,51.5,https://www.openstreetmap.org/?mlat=35.66805&mlon=51.50234#map=17/35.66805/51.50234,A
منطقه ۱۴ شهر تهران,قصر فیروزه ۱,tehran:m1406,جاده مخصوص ماشین نظامی,tertiary,0.98,116.29,45.22,-7.5,55.79,35.68,51.51,https://www.openstreetmap.org/?mlat=35.68067&mlon=51.50830#map=17/35.68067/51.50830,A
منطقه ۱۴ شهر تهران,قصر فیروزه ۱,tehran:m1406,مشهد ,residential,0.5,176.15,41.71,-14.7,56.2,35.67,51.5,https://www.openstreetmap.org/?mlat=35.67203&mlon=51.49904#map=17/35.67203/51.49904,A
منطقه ۸ شهر تهران,مجیدیه,tehran:m801,ملا هادی,residential,0.16,0.0,38.43,-6.3,9.65,35.73,51.47,https://www.openstreetmap.org/?mlat=35.73297&mlon=51.46757#map=17/35.73297/51.46757,B
منطقه ۸ شهر تهران,مجیدیه,tehran:m801,مجید قلی بیگیان,residential,0.26,0.0,38.52,-6.1,9.83,35.73,51.46,https://www.openstreetmap.org/?mlat=35.73333&mlon=51.46481#map=17/35.73333/51.46481,B
منطقه ۸ شهر تهران,مجیدیه,tehran:m801,دوم غربی,residential,0.11,0.0,38.75,-5.5,10.32,35.73,51.47,https://www.openstreetmap.org/?mlat=35.73349&mlon=51.46616#map=17/35.73349/51.46616,B
منطقه ۸ شهر تهران,مجیدیه,tehran:m801,برادران,residential,0.17,0.0,38.76,-5.5,10.34,35.73,51.47,https://www.openstreetmap.org/?mlat=35.73363&mlon=51.46587#map=17/35.73363/51.46587,B
منطقه ۸ شهر تهران,مجیدیه,tehran:m801,بهروز رفیعا,residential,0.24,0.19,37.95,-7.5,11.02,35.73,51.46,https://www.openstreetmap.org/?mlat=35.73198&mlon=51.46476#map=17/35.73198/51.46476,B
منطقه ۸ شهر تهران,مجیدیه,tehran:m801,پنجم,residential,0.24,0.0,39.17,-4.5,11.16,35.73,51.47,https://www.openstreetmap.org/?mlat=35.73370&mlon=51.46678#map=17/35.73370/51.46678,B
منطقه ۸ شهر تهران,لشکر غربی,tehran:m811,علی روشنایی,residential,0.13,18.65,38.01,-1.3,15.35,35.73,51.46,https://www.openstreetmap.org/?mlat=35.73030&mlon=51.46401#map=17/35.73030/51.46401,C
منطقه ۸ شهر تهران,لشکر غربی,tehran:m811,رمضان درزی,residential,0.22,22.13,37.73,-2.0,15.35,35.73,51.47,https://www.openstreetmap.org/?mlat=35.72903&mlon=51.46519#map=17/35.72903/51.46519,C
منطقه ۸ شهر تهران,لشکر غربی,tehran:m811,پیرهادی,residential,0.13,21.4,37.89,-1.6,15.52,35.73,51.47,https://www.openstreetmap.org/?mlat=35.72898&mlon=51.46591#map=17/35.72898/51.46591,C
منطقه ۸ شهر تهران,لشکر غربی,tehran:m811,علی اکبر ایزدی جنوبی,residential,0.26,22.13,37.96,-1.4,15.73,35.73,51.46,https://www.openstreetmap.org/?mlat=35.72925&mlon=51.46367#map=17/35.72925/51.46367,C
منطقه ۸ شهر تهران,لشکر غربی,tehran:m811,حمیدرضا فتحی,residential,0.22,26.6,37.68,-2.1,16.4,35.73,51.46,https://www.openstreetmap.org/?mlat=35.72839&mlon=51.46426#map=17/35.72839/51.46426,C
منطقه ۸ شهر تهران,لشکر غربی,tehran:m811,مجید بیات,residential,0.11,26.6,37.82,-1.8,16.59,35.73,51.47,https://www.openstreetmap.org/?mlat=35.72841&mlon=51.46524#map=17/35.72841/51.46524,C
منطقه ۸ شهر تهران,لشکر غربی,tehran:m812,رباط جزی,residential,0.14,17.43,37.06,-6.0,13.73,35.73,51.46,https://www.openstreetmap.org/?mlat=35.72604&mlon=51.46011#map=17/35.72604/51.46011,A
منطقه ۸ شهر تهران,لشکر غربی,tehran:m812,عیش آبادی,residential,0.11,22.54,37.09,-5.9,14.56,35.73,51.46,https://www.openstreetmap.org/?mlat=35.72636&mlon=51.46086#map=17/35.72636/51.46086,A
منطقه ۸ شهر تهران,لشکر غربی,tehran:m812,جعفری,residential,0.12,21.51,37.51,-4.8,14.98,35.72,51.46,https://www.openstreetmap.org/?mlat=35.72487&mlon=51.46071#map=17/35.72487/51.46071,A
منطقه ۸ شهر تهران,لشکر غربی,tehran:m812,حوزان,residential,0.37,23.0,37.45,-5.0,15.07,35.73,51.46,https://www.openstreetmap.org/?mlat=35.72747&mlon=51.46095#map=17/35.72747/51.46095,A
منطقه ۸ شهر تهران,لشکر غربی,tehran:m812,ابراهیم حسنی,residential,0.41,25.3,37.35,-5.3,15.7,35.73,51.46,https://www.openstreetmap.org/?mlat=35.72637&mlon=51.46177#map=17/35.72637/51.46177,A
منطقه ۸ شهر تهران,لشکر غربی,tehran:m812,مصطفی شجاعی,residential,0.35,21.99,37.97,-3.7,15.74,35.73,51.46,https://www.openstreetmap.org/?mlat=35.72793&mlon=51.46061#map=17/35.72793/51.46061,A
منطقه ۸ شهر تهران,نارمک جنوبی,tehran:m808,کوچه مسجد کمیل,residential,0.13,2.8,42.71,-5.3,23.51,35.72,51.49,https://www.openstreetmap.org/?mlat=35.71600&mlon=51.49254#map=17/35.71600/51.49254,A
منطقه ۸ شهر تهران,نارمک جنوبی,tehran:m808,حاجیان مقدم,residential,0.13,2.8,43.0,-4.7,24.26,35.72,51.49,https://www.openstreetmap.org/?mlat=35.71578&mlon=51.49183#map=17/35.71578/51.49183,A
منطقه ۸ شهر تهران,نارمک جنوبی,tehran:m808,حسین باقرپور,residential,0.34,2.8,43.27,-4.1,24.9,35.72,51.49,https://www.openstreetmap.org/?mlat=35.71705&mlon=51.49338#map=17/35.71705/51.49338,A
منطقه ۸ شهر تهران,نارمک جنوبی,tehran:m808,یگانه,residential,0.19,2.8,43.35,-3.9,25.1,35.72,51.49,https://www.openstreetmap.org/?mlat=35.71649&mlon=51.49204#map=17/35.71649/51.49204,A
منطقه ۸ شهر تهران,نارمک جنوبی,tehran:m808,نصر الله زاده,residential,0.12,2.8,43.81,-2.9,26.12,35.72,51.49,https://www.openstreetmap.org/?mlat=35.71720&mlon=51.49194#map=17/35.71720/51.49194,A
منطقه ۸ شهر تهران,نارمک جنوبی,tehran:m808,محسن مراد شمس,residential,0.23,2.8,43.95,-2.6,26.4,35.72,51.49,https://www.openstreetmap.org/?mlat=35.71761&mlon=51.49267#map=17/35.71761/51.49267,A
منطقه ۴ شهر تهران,تهرانپارس غربی,tehran:m411,دسترسی به پمپ بنزین,service,0.24,67.41,41.5,-10.2,34.92,35.74,51.54,https://www.openstreetmap.org/?mlat=35.74103&mlon=51.54167#map=17/35.74103/51.54167,A
منطقه ۴ شهر تهران,تهرانپارس غربی,tehran:m411,۲۰۸ شرقی,residential,0.13,67.41,42.08,-9.0,36.45,35.75,51.54,https://www.openstreetmap.org/?mlat=35.74525&mlon=51.54327#map=17/35.74525/51.54327,A
منطقه ۴ شهر تهران,تهرانپارس غربی,tehran:m411,احسانی ۲۱۰,residential,0.15,67.41,42.22,-8.7,36.84,35.75,51.54,https://www.openstreetmap.org/?mlat=35.74574&mlon=51.54345#map=17/35.74574/51.54345,A
منطقه ۴ شهر تهران,تهرانپارس غربی,tehran:m411,۲۱۰/۱,residential,0.16,67.41,42.36,-8.4,37.16,35.75,51.54,https://www.openstreetmap.org/?mlat=35.74616&mlon=51.54359#map=17/35.74616/51.54359,A
منطقه ۴ شهر تهران,تهرانپارس غربی,tehran:m411,ضرغامی,residential,0.14,72.79,42.53,-8.0,38.59,35.74,51.54,https://www.openstreetmap.org/?mlat=35.74164&mlon=51.54098#map=17/35.74164/51.54098,A
منطقه ۴ شهر تهران,تهرانپارس غربی,tehran:m411,گودرزی,residential,0.3,69.46,43.01,-7.0,39.13,35.74,51.54,https://www.openstreetmap.org/?mlat=35.74446&mlon=51.54190#map=17/35.74446/51.54190,A
منطقه ۴ شهر تهران,تهرانپارس شرقی,tehran:m410,نفری,residential,0.32,0.0,36.02,-7.7,6.52,35.74,51.55,https://www.openstreetmap.org/?mlat=35.74267&mlon=51.54696#map=17/35.74267/51.54696,A
منطقه ۴ شهر تهران,تهرانپارس شرقی,tehran:m410,همتی,residential,0.32,0.0,36.09,-7.6,6.58,35.74,51.55,https://www.openstreetmap.org/?mlat=35.73972&mlon=51.54639#map=17/35.73972/51.54639,A
منطقه ۴ شهر تهران,تهرانپارس شرقی,tehran:m410,خبازی,residential,0.29,0.41,33.18,-15.0,7.12,35.74,51.55,https://www.openstreetmap.org/?mlat=35.74339&mlon=51.55371#map=17/35.74339/51.55371,A
منطقه ۴ شهر تهران,تهرانپارس شرقی,tehran:m410,وحدت,residential,0.29,0.41,33.21,-14.9,7.15,35.74,51.55,https://www.openstreetmap.org/?mlat=35.74408&mlon=51.55385#map=17/35.74408/51.55385,A
منطقه ۴ شهر تهران,تهرانپارس شرقی,tehran:m410,دویست و چهار شرقی,residential,0.29,0.41,33.28,-14.7,7.18,35.74,51.55,https://www.openstreetmap.org/?mlat=35.74286&mlon=51.55362#map=17/35.74286/51.55362,A
منطقه ۴ شهر تهران,تهرانپارس شرقی,tehran:m410,ملایی,residential,0.58,0.27,33.56,-14.0,7.25,35.74,51.55,https://www.openstreetmap.org/?mlat=35.74203&mlon=51.55184#map=17/35.74203/51.55184,A
منطقه ۲۲ شهر تهران,سرو آزاد,tehran:m2202,بلوار گیاه شناسی,tertiary,1.11,193.86,24.64,-58.4,42.44,35.75,51.17,https://www.openstreetmap.org/?mlat=35.74611&mlon=51.17487#map=17/35.74611/51.17487,C
منطقه ۲۲ شهر تهران,سرو آزاد,tehran:m2202,سرو,residential,0.46,201.65,47.19,-20.3,71.69,35.75,51.19,https://www.openstreetmap.org/?mlat=35.74681&mlon=51.18664#map=17/35.74681/51.18664,C
منطقه ۲۲ شهر تهران,سرو آزاد,tehran:m2202,صنوبر,residential,0.22,201.65,52.02,-12.1,80.97,35.75,51.19,https://www.openstreetmap.org/?mlat=35.74754&mlon=51.18725#map=17/35.74754/51.18725,C
منطقه ۲۲ شهر تهران,سرو آزاد,tehran:m2202,افرا,residential,0.23,201.65,52.67,-11.0,82.11,35.75,51.18,https://www.openstreetmap.org/?mlat=35.74784&mlon=51.18393#map=17/35.74784/51.18393,C
منطقه ۲۲ شهر تهران,سرو آزاد,tehran:m2202,نارون,residential,0.15,201.65,57.32,-3.1,87.56,35.75,51.19,https://www.openstreetmap.org/?mlat=35.74857&mlon=51.18808#map=17/35.74857/51.18808,C
منطقه ۲۲ شهر تهران,سرو آزاد,tehran:m2202,ورودی برج های سفید,service,0.35,689.16,53.11,-10.3,89.99,35.76,51.2,https://www.openstreetmap.org/?mlat=35.76300&mlon=51.19847#map=17/35.76300/51.19847,C
منطقه ۱۷ شهر تهران,زمزم,tehran:m1711,علیزاده,residential,0.17,29.37,35.81,-2.6,14.84,35.65,51.37,https://www.openstreetmap.org/?mlat=35.64982&mlon=51.36957#map=17/35.64982/51.36957,B
منطقه ۱۷ شهر تهران,زمزم,tehran:m1711,مختار تولی خانلو,residential,0.12,30.41,35.86,-2.4,15.14,35.65,51.37,https://www.openstreetmap.org/?mlat=35.65134&mlon=51.37164#map=17/35.65134/51.37164,B
منطقه ۱۷ شهر تهران,زمزم,tehran:m1711,غلامحسین احمدی,residential,0.28,30.06,36.11,-1.7,15.22,35.65,51.37,https://www.openstreetmap.org/?mlat=35.65116&mlon=51.37095#map=17/35.65116/51.37095,B
منطقه ۱۷ شهر تهران,زمزم,tehran:m1711,کاظم زاده,residential,0.22,29.45,36.31,-1.2,15.3,35.65,51.37,https://www.openstreetmap.org/?mlat=35.65078&mlon=51.37008#map=17/35.65078/51.37008,B
منطقه ۱۷ شهر تهران,زمزم,tehran:m1711,کوچه مسجد,residential,0.15,29.37,36.39,-1.0,15.38,35.65,51.37,https://www.openstreetmap.org/?mlat=35.65010&mlon=51.36921#map=17/35.65010/51.36921,B
منطقه ۱۷ شهر تهران,زمزم,tehran:m1711,معماری,residential,0.34,30.34,36.17,-1.6,15.4,35.65,51.37,https://www.openstreetmap.org/?mlat=35.64999&mlon=51.36939#map=17/35.64999/51.36939,B
منطقه ۲۲ شهر تهران,قائم چیتگر,tehran:m2207,سروستان چهاردهم غربی,residential,0.29,70.45,41.77,-19.2,36.27,35.76,51.24,https://www.openstreetmap.org/?mlat=35.75784&mlon=51.23513#map=17/35.75784/51.23513,B
منطقه ۲۲ شهر تهران,قائم چیتگر,tehran:m2207,سروستان سیزدهم غربی,residential,0.26,70.45,41.88,-19.0,36.52,35.76,51.24,https://www.openstreetmap.org/?mlat=35.75723&mlon=51.23539#map=17/35.75723/51.23539,B
منطقه ۲۲ شهر تهران,قائم چیتگر,tehran:m2207,سروستان چهاردهم شرقی,residential,0.25,70.45,41.97,-18.8,36.74,35.76,51.24,https://www.openstreetmap.org/?mlat=35.75837&mlon=51.23810#map=17/35.75837/51.23810,B
منطقه ۲۲ شهر تهران,قائم چیتگر,tehran:m2207,سروستان سیزدهم شرقی,residential,0.25,70.45,42.24,-18.3,37.46,35.76,51.24,https://www.openstreetmap.org/?mlat=35.75775&mlon=51.23818#map=17/35.75775/51.23818,B
منطقه ۲۲ شهر تهران,قائم چیتگر,tehran:m2207,سروستان دوازدهم,residential,0.5,70.45,42.26,-18.3,37.51,35.76,51.24,https://www.openstreetmap.org/?mlat=35.75697&mlon=51.23692#map=17/35.75697/51.23692,B
منطقه ۲۲ شهر تهران,قائم چیتگر,tehran:m2207,محمدی,residential,0.53,70.45,42.5,-17.8,38.13,35.76,51.24,https://www.openstreetmap.org/?mlat=35.75632&mlon=51.23686#map=17/35.75632/51.23686,B
منطقه ۱۹ شهر تهران,شهرک شریعتی شمالی,tehran:m1902,شهید زلفی,tertiary,0.47,14.35,34.86,3.5,11.01,35.63,51.37,https://www.openstreetmap.org/?mlat=35.63384&mlon=51.37337#map=17/35.63384/51.37337,B
منطقه ۱۹ شهر تهران,شهرک شریعتی شمالی,tehran:m1902,رضا جوادی,residential,0.13,24.12,33.0,-2.0,12.17,35.64,51.37,https://www.openstreetmap.org/?mlat=35.63864&mlon=51.37375#map=17/35.63864/51.37375,B
منطقه ۱۹ شهر تهران,شهرک شریعتی شمالی,tehran:m1902,محمدرضا میرزایی,residential,0.43,24.12,33.24,-1.3,12.3,35.64,51.37,https://www.openstreetmap.org/?mlat=35.63764&mlon=51.37321#map=17/35.63764/51.37321,B
منطقه ۱۹ شهر تهران,شهرک شریعتی شمالی,tehran:m1902,هوشنگ دلیری,residential,0.44,24.12,33.43,-0.7,12.39,35.64,51.37,https://www.openstreetmap.org/?mlat=35.63728&mlon=51.37355#map=17/35.63728/51.37355,B
منطقه ۱۹ شهر تهران,شهرک شریعتی شمالی,tehran:m1902,عادل جواد شعاری,residential,0.45,24.12,33.67,0.0,12.5,35.64,51.37,https://www.openstreetmap.org/?mlat=35.63692&mlon=51.37388#map=17/35.63692/51.37388,B
منطقه ۱۹ شهر تهران,شهرک شریعتی شمالی,tehran:m1902,برادران نیکوبین,residential,0.9,24.12,33.85,0.5,12.57,35.64,51.37,https://www.openstreetmap.org/?mlat=35.63671&mlon=51.37407#map=17/35.63671/51.37407,B
منطقه ۲ شهر تهران,پونک,tehran:m208,دوازده متری دوم,residential,0.18,4.36,40.14,-6.6,16.92,35.77,51.34,https://www.openstreetmap.org/?mlat=35.77015&mlon=51.33902#map=17/35.77015/51.33902,A
منطقه ۲ شهر تهران,پونک,tehran:m208,آفتاب,residential,0.2,4.36,40.25,-6.4,17.18,35.77,51.34,https://www.openstreetmap.org/?mlat=35.77151&mlon=51.33888#map=17/35.77151/51.33888,A
منطقه ۲ شهر تهران,پونک,tehran:m208,دوازده متری یکم,residential,0.23,4.36,40.31,-6.2,17.43,35.77,51.34,https://www.openstreetmap.org/?mlat=35.76931&mlon=51.33882#map=17/35.76931/51.33882,A
منطقه ۲ شهر تهران,پونک,tehran:m208,فرحناز,residential,0.52,4.36,40.51,-5.8,18.01,35.77,51.34,https://www.openstreetmap.org/?mlat=35.77315&mlon=51.33973#map=17/35.77315/51.33973,A
منطقه ۲ شهر تهران,پونک,tehran:m208,میلاد,residential,0.3,4.36,40.71,-5.3,18.52,35.77,51.34,https://www.openstreetmap.org/?mlat=35.77300&mlon=51.33854#map=17/35.77300/51.33854,A
منطقه ۲ شهر تهران,پونک,tehran:m208,هفتم,residential,0.17,4.36,41.25,-4.0,20.11,35.77,51.34,https://www.openstreetmap.org/?mlat=35.77334&mlon=51.33765#map=17/35.77334/51.33765,A
منطقه ۲ شهر تهران,همایون شهر,tehran:osm3276345290,عباس مرتضوی,residential,0.19,52.03,44.19,-2.2,38.04,35.72,51.36,https://www.openstreetmap.org/?mlat=35.71866&mlon=51.35594#map=17/35.71866/51.35594,C
منطقه ۲ شهر تهران,همایون شهر,tehran:osm3276345290,اعتباریان,residential,0.2,52.03,44.31,-1.9,38.18,35.72,51.36,https://www.openstreetmap.org/?mlat=35.71909&mlon=51.35597#map=17/35.71909/51.35597,C
منطقه ۲ شهر تهران,همایون شهر,tehran:osm3276345290,دستبند شرقی,residential,0.16,52.03,44.33,-1.9,38.22,35.72,51.36,https://www.openstreetmap.org/?mlat=35.71795&mlon=51.35586#map=17/35.71795/51.35586,C
منطقه ۲ شهر تهران,همایون شهر,tehran:osm3276345290,دوازده متری آریا,residential,0.17,52.03,44.36,-1.8,38.36,35.72,51.36,https://www.openstreetmap.org/?mlat=35.71882&mlon=51.35703#map=17/35.71882/51.35703,C
منطقه ۲ شهر تهران,همایون شهر,tehran:osm3276345290,درویش,residential,0.11,52.03,44.51,-1.5,38.61,35.72,51.36,https://www.openstreetmap.org/?mlat=35.71893&mlon=51.35758#map=17/35.71893/51.35758,C
منطقه ۲ شهر تهران,همایون شهر,tehran:osm3276345290,همایون پور,residential,0.15,52.03,44.61,-1.2,38.9,35.72,51.36,https://www.openstreetmap.org/?mlat=35.71699&mlon=51.35734#map=17/35.71699/51.35734,C
منطقه ۵ شهر تهران,پونک شمالی,tehran:osm4534949256,ارکیده,residential,0.43,106.96,43.19,-11.6,48.83,35.77,51.32,https://www.openstreetmap.org/?mlat=35.76826&mlon=51.32012#map=17/35.76826/51.32012,B
منطقه ۵ شهر تهران,پونک شمالی,tehran:osm4534949256,مسیر اختصاصی ایستگاه بازیافت ستاری,residential,0.2,117.59,42.3,-13.5,49.08,35.77,51.32,https://www.openstreetmap.org/?mlat=35.76907&mlon=51.31989#map=17/35.76907/51.31989,B
منطقه ۵ شهر تهران,پونک شمالی,tehran:osm4534949256,محمد قپانی,residential,0.34,101.85,44.82,-8.3,51.31,35.77,51.32,https://www.openstreetmap.org/?mlat=35.76757&mlon=51.32086#map=17/35.76757/51.32086,B
منطقه ۵ شهر تهران,پونک شمالی,tehran:osm4534949256,تختی,residential,0.18,91.37,46.89,-4.1,53.16,35.77,51.32,https://www.openstreetmap.org/?mlat=35.76903&mlon=51.32488#map=17/35.76903/51.32488,B
منطقه ۵ شهر تهران,پونک شمالی,tehran:osm4534949256,یاس یکم,residential,0.14,88.53,47.43,-3.0,53.53,35.77,51.33,https://www.openstreetmap.org/?mlat=35.76919&mlon=51.32873#map=17/35.76919/51.32873,B
منطقه ۵ شهر تهران,پونک شمالی,tehran:osm4534949256,محمد کریمی (یاس ۲),residential,0.12,91.37,47.34,-3.2,54.11,35.77,51.33,https://www.openstreetmap.org/?mlat=35.76871&mlon=51.32887#map=17/35.76871/51.32887,B
منطقه ۵ شهر تهران,پونک جنوبی,tehran:osm4534949258,سجاجید,residential,0.26,93.04,47.19,-8.5,54.28,35.75,51.32,https://www.openstreetmap.org/?mlat=35.75447&mlon=51.31828#map=17/35.75447/51.31828,C
منطقه ۵ شهر تهران,پونک جنوبی,tehran:osm4534949258,صفری,residential,0.19,93.04,47.32,-8.3,54.5,35.76,51.32,https://www.openstreetmap.org/?mlat=35.75547&mlon=51.31803#map=17/35.75547/51.31803,C
منطقه ۵ شهر تهران,پونک جنوبی,tehran:osm4534949258,بامداد,residential,0.28,93.04,47.42,-8.1,54.74,35.75,51.32,https://www.openstreetmap.org/?mlat=35.75491&mlon=51.31834#map=17/35.75491/51.31834,C
منطقه ۵ شهر تهران,پونک جنوبی,tehran:osm4534949258,لاله,residential,0.17,93.04,47.46,-8.0,54.83,35.76,51.32,https://www.openstreetmap.org/?mlat=35.75747&mlon=51.31798#map=17/35.75747/51.31798,C
منطقه ۵ شهر تهران,پونک جنوبی,tehran:osm4534949258,احداثی جنوبی,residential,0.11,93.04,48.25,-6.5,56.31,35.76,51.32,https://www.openstreetmap.org/?mlat=35.75523&mlon=51.31906#map=17/35.75523/51.31906,C
منطقه ۵ شهر تهران,پونک جنوبی,tehran:osm4534949258,نوزدهم بهمن,residential,0.28,93.04,48.51,-6.0,56.77,35.76,51.32,https://www.openstreetmap.org/?mlat=35.75629&mlon=51.31888#map=17/35.75629/51.31888,C
منطقه ۳ شهر تهران,کاووسیه,tehran:osm4535034251,تک جنوبی,residential,0.16,174.97,65.42,-5.2,88.27,35.76,51.41,https://www.openstreetmap.org/?mlat=35.76087&mlon=51.40611#map=17/35.76087/51.40611,C
منطقه ۳ شهر تهران,کاووسیه,tehran:osm4535034251,ارم,residential,0.16,174.97,65.47,-5.1,88.28,35.76,51.41,https://www.openstreetmap.org/?mlat=35.76106&mlon=51.40580#map=17/35.76106/51.40580,C
منطقه ۳ شهر تهران,کاووسیه,tehran:osm4535034251,بوستان,residential,0.11,174.97,65.5,-5.0,88.29,35.76,51.4,https://www.openstreetmap.org/?mlat=35.76454&mlon=51.40305#map=17/35.76454/51.40305,C
منطقه ۳ شهر تهران,کاووسیه,tehran:osm4535034251,کار و تجارت,residential,0.16,174.97,65.79,-4.6,88.39,35.76,51.41,https://www.openstreetmap.org/?mlat=35.75972&mlon=51.40503#map=17/35.75972/51.40503,C
منطقه ۳ شهر تهران,کاووسیه,tehran:osm4535034251,نیروی انتظامی,unclassified,0.27,174.97,65.85,-4.5,88.39,35.76,51.4,https://www.openstreetmap.org/?mlat=35.76304&mlon=51.40423#map=17/35.76304/51.40423,C
منطقه ۳ شهر تهران,کاووسیه,tehran:osm4535034251,شادی,residential,0.14,174.97,65.83,-4.6,88.4,35.76,51.41,https://www.openstreetmap.org/?mlat=35.76226&mlon=51.40582#map=17/35.76226/51.40582,C
منطقه ۷ شهر تهران,شارق غربی,tehran:osm4557460174,ابراهیمی,residential,0.12,28.15,40.63,-10.7,23.34,35.71,51.46,https://www.openstreetmap.org/?mlat=35.71269&mlon=51.45922#map=17/35.71269/51.45922,B
منطقه ۷ شهر تهران,شارق غربی,tehran:osm4557460174,ابوالقاسم گیو,residential,0.21,45.05,40.18,-11.7,25.79,35.71,51.46,https://www.openstreetmap.org/?mlat=35.71291&mlon=51.46023#map=17/35.71291/51.46023,B
منطقه ۷ شهر تهران,شارق غربی,tehran:osm4557460174,محسن قیومی,residential,0.11,54.64,39.53,-13.1,26.54,35.71,51.46,https://www.openstreetmap.org/?mlat=35.71365&mlon=51.46049#map=17/35.71365/51.46049,B
منطقه ۷ شهر تهران,شارق غربی,tehran:osm4557460174,نور,residential,0.22,45.05,40.61,-10.7,27.05,35.71,51.46,https://www.openstreetmap.org/?mlat=35.71254&mlon=51.45976#map=17/35.71254/51.45976,B
منطقه ۷ شهر تهران,شارق غربی,tehran:osm4557460174,پرنور,residential,0.12,45.05,41.2,-9.4,28.7,35.71,51.46,https://www.openstreetmap.org/?mlat=35.71206&mlon=51.45926#map=17/35.71206/51.45926,B
منطقه ۷ شهر تهران,شارق غربی,tehran:osm4557460174,محمد شریفی نژاد,residential,0.2,45.05,41.58,-8.6,29.83,35.71,51.46,https://www.openstreetmap.org/?mlat=35.71186&mlon=51.45861#map=17/35.71186/51.45861,B
منطقه ۷ شهر تهران,شارق شرقی,tehran:osm4557460175,مسعود مطلب نژاد,residential,0.17,22.74,39.25,-2.9,18.36,35.72,51.46,https://www.openstreetmap.org/?mlat=35.71702&mlon=51.46005#map=17/35.71702/51.46005,C
منطقه ۷ شهر تهران,شارق شرقی,tehran:osm4557460175,حقگو,residential,0.12,61.08,37.46,-7.3,23.88,35.72,51.47,https://www.openstreetmap.org/?mlat=35.71520&mlon=51.46571#map=17/35.71520/51.46571,C
منطقه ۷ شهر تهران,شارق شرقی,tehran:osm4557460175,شکوفه,residential,0.11,68.83,37.78,-6.5,26.14,35.72,51.46,https://www.openstreetmap.org/?mlat=35.71638&mlon=51.46483#map=17/35.71638/51.46483,C
منطقه ۷ شهر تهران,شارق شرقی,tehran:osm4557460175,علی عباسی,residential,0.15,40.95,40.83,1.0,26.84,35.71,51.47,https://www.openstreetmap.org/?mlat=35.71191&mlon=51.46857#map=17/35.71191/51.46857,C
منطقه ۷ شهر تهران,شارق شرقی,tehran:osm4557460175,معصومی,residential,0.11,64.09,38.96,-3.6,27.4,35.72,51.46,https://www.openstreetmap.org/?mlat=35.71523&mlon=51.45968#map=17/35.71523/51.45968,C
منطقه ۷ شهر تهران,شارق شرقی,tehran:osm4557460175,ابوالفضل جهانی,residential,0.13,50.22,40.33,-0.2,27.4,35.71,51.47,https://www.openstreetmap.org/?mlat=35.71226&mlon=51.46839#map=17/35.71226/51.46839,C
منطقه ۷ شهر تهران,ارامنه جنوبی,tehran:osm4557460176,صحرایی,residential,0.21,0.0,36.59,-4.5,7.05,35.72,51.45,https://www.openstreetmap.org/?mlat=35.71869&mlon=51.45224#map=17/35.71869/51.45224,B
منطقه ۷ شهر تهران,ارامنه جنوبی,tehran:osm4557460176,شاهمرادی,residential,0.11,0.0,37.13,-3.1,7.67,35.72,51.45,https://www.openstreetmap.org/?mlat=35.71880&mlon=51.45324#map=17/35.71880/51.45324,B
منطقه ۷ شهر تهران,ارامنه جنوبی,tehran:osm4557460176,ارغیانی,residential,0.39,0.0,38.04,-0.7,8.98,35.72,51.45,https://www.openstreetmap.org/?mlat=35.71864&mlon=51.45460#map=17/35.71864/51.45460,B
منطقه ۷ شهر تهران,ارامنه جنوبی,tehran:osm4557460176,نیافر,residential,0.2,0.0,38.34,0.1,9.45,35.72,51.45,https://www.openstreetmap.org/?mlat=35.71743&mlon=51.45488#map=17/35.71743/51.45488,B
منطقه ۷ شهر تهران,ارامنه جنوبی,tehran:osm4557460176,علی اکبر شاهمرادی,residential,0.26,0.0,38.38,0.2,9.52,35.72,51.46,https://www.openstreetmap.org/?mlat=35.71807&mlon=51.45504#map=17/35.71807/51.45504,B
منطقه ۷ شهر تهران,ارامنه جنوبی,tehran:osm4557460176,صادق تهرانی,residential,0.15,0.24,37.39,-2.4,10.19,35.72,51.45,https://www.openstreetmap.org/?mlat=35.71799&mlon=51.45344#map=17/35.71799/51.45344,B
منطقه ۷ شهر تهران,ارامنه شمالی,tehran:osm4557460177,اصغر نوری,residential,0.19,3.18,35.89,-5.7,9.43,35.72,51.46,https://www.openstreetmap.org/?mlat=35.72259&mlon=51.45665#map=17/35.72259/51.45665,B
منطقه ۷ شهر تهران,ارامنه شمالی,tehran:osm4557460177,ارباب فریدون,residential,0.24,3.18,36.0,-5.5,9.51,35.72,51.46,https://www.openstreetmap.org/?mlat=35.72332&mlon=51.45576#map=17/35.72332/51.45576,B
منطقه ۷ شهر تهران,ارامنه شمالی,tehran:osm4557460177,حکاکی,residential,0.12,3.18,36.02,-5.4,9.52,35.72,51.46,https://www.openstreetmap.org/?mlat=35.72293&mlon=51.45522#map=17/35.72293/51.45522,B
منطقه ۷ شهر تهران,ارامنه شمالی,tehran:osm4557460177,رسول زادگان,residential,0.18,3.18,36.06,-5.3,9.58,35.72,51.46,https://www.openstreetmap.org/?mlat=35.72251&mlon=51.45554#map=17/35.72251/51.45554,B
منطقه ۷ شهر تهران,ارامنه شمالی,tehran:osm4557460177,خرمی,residential,0.15,3.18,36.11,-5.2,9.6,35.72,51.46,https://www.openstreetmap.org/?mlat=35.72235&mlon=51.45564#map=17/35.72235/51.45564,B
منطقه ۷ شهر تهران,ارامنه شمالی,tehran:osm4557460177,عسگری,residential,0.16,3.18,36.62,-3.8,10.12,35.72,51.46,https://www.openstreetmap.org/?mlat=35.72275&mlon=51.45821#map=17/35.72275/51.45821,B
منطقه ۸ شهر تهران,لشکر شرقی,tehran:osm4557460181,علی روشنایی,residential,0.13,18.65,38.01,-1.3,15.35,35.73,51.46,https://www.openstreetmap.org/?mlat=35.73030&mlon=51.46401#map=17/35.73030/51.46401,C
منطقه ۸ شهر تهران,لشکر شرقی,tehran:osm4557460181,رمضان درزی,residential,0.22,22.13,37.73,-2.0,15.35,35.73,51.47,https://www.openstreetmap.org/?mlat=35.72903&mlon=51.46519#map=17/35.72903/51.46519,C
منطقه ۸ شهر تهران,لشکر شرقی,tehran:osm4557460181,پیرهادی,residential,0.13,21.4,37.89,-1.6,15.52,35.73,51.47,https://www.openstreetmap.org/?mlat=35.72898&mlon=51.46591#map=17/35.72898/51.46591,C
منطقه ۸ شهر تهران,لشکر شرقی,tehran:osm4557460181,علی اکبر ایزدی جنوبی,residential,0.26,22.13,37.96,-1.4,15.73,35.73,51.46,https://www.openstreetmap.org/?mlat=35.72925&mlon=51.46367#map=17/35.72925/51.46367,C
منطقه ۸ شهر تهران,لشکر شرقی,tehran:osm4557460181,حمیدرضا فتحی,residential,0.22,26.6,37.68,-2.1,16.4,35.73,51.46,https://www.openstreetmap.org/?mlat=35.72839&mlon=51.46426#map=17/35.72839/51.46426,C
منطقه ۸ شهر تهران,لشکر شرقی,tehran:osm4557460181,مجید بیات,residential,0.11,26.6,37.82,-1.8,16.59,35.73,51.47,https://www.openstreetmap.org/?mlat=35.72841&mlon=51.46524#map=17/35.72841/51.46524,C
منطقه ۱۸ شهر تهران,یافت آباد شمالی,tehran:osm4822624313,میلاد,residential,0.15,3.77,30.75,1.5,6.99,35.65,51.3,https://www.openstreetmap.org/?mlat=35.64746&mlon=51.30224#map=17/35.64746/51.30224,A
منطقه ۱۸ شهر تهران,یافت آباد شمالی,tehran:osm4822624313,سنبل,residential,0.17,3.77,30.94,2.2,7.04,35.65,51.3,https://www.openstreetmap.org/?mlat=35.64686&mlon=51.30343#map=17/35.64686/51.30343,A
منطقه ۱۸ شهر تهران,یافت آباد شمالی,tehran:osm4822624313,کافی,residential,0.11,3.77,30.92,2.1,7.04,35.65,51.3,https://www.openstreetmap.org/?mlat=35.64689&mlon=51.30261#map=17/35.64689/51.30261,A
منطقه ۱۸ شهر تهران,یافت آباد شمالی,tehran:osm4822624313,سعید سعادتمندی,residential,0.26,3.77,32.22,6.4,7.56,35.65,51.3,https://www.openstreetmap.org/?mlat=35.64687&mlon=51.30462#map=17/35.64687/51.30462,A
منطقه ۱۸ شهر تهران,یافت آباد شمالی,tehran:osm4822624313,نعمت الله زندیه,residential,0.16,3.77,32.26,6.6,7.59,35.65,51.31,https://www.openstreetmap.org/?mlat=35.64652&mlon=51.30525#map=17/35.64652/51.30525,A
منطقه ۱۸ شهر تهران,یافت آباد شمالی,tehran:osm4822624313,شقایق,residential,0.17,9.49,30.28,0.0,8.06,35.65,51.3,https://www.openstreetmap.org/?mlat=35.64723&mlon=51.30213#map=17/35.64723/51.30213,A
منطقه ۱۲ شهر تهران,امامزاده یحیی,tehran:osm5637866071,شاهسون‌ها,residential,0.1,53.67,49.01,-7.0,48.8,35.68,51.43,https://www.openstreetmap.org/?mlat=35.67612&mlon=51.43081#map=17/35.67612/51.43081,C
منطقه ۱۲ شهر تهران,امامزاده یحیی,tehran:osm5637866071,نعیمی سپهر,residential,0.18,38.46,52.1,-1.2,51.15,35.68,51.44,https://www.openstreetmap.org/?mlat=35.67955&mlon=51.43724#map=17/35.67955/51.43724,C
منطقه ۱۲ شهر تهران,امامزاده یحیی,tehran:osm5637866071,حمام سید ابراهیم,residential,0.12,38.46,52.18,-1.0,51.3,35.68,51.44,https://www.openstreetmap.org/?mlat=35.68056&mlon=51.43743#map=17/35.68056/51.43743,C
منطقه ۱۲ شهر تهران,امامزاده یحیی,tehran:osm5637866071,برزن,residential,0.11,30.73,53.39,1.3,51.44,35.68,51.43,https://www.openstreetmap.org/?mlat=35.68173&mlon=51.43178#map=17/35.68173/51.43178,C
منطقه ۱۲ شهر تهران,امامزاده یحیی,tehran:osm5637866071,عبدالله شریفی منفرد,residential,0.17,38.46,52.68,-0.1,52.16,35.68,51.44,https://www.openstreetmap.org/?mlat=35.68037&mlon=51.43693#map=17/35.68037/51.43693,C
منطقه ۱۲ شهر تهران,امامزاده یحیی,tehran:osm5637866071,افشار,residential,0.21,38.46,52.75,0.1,52.28,35.68,51.43,https://www.openstreetmap.org/?mlat=35.68011&mlon=51.43200#map=17/35.68011/51.43200,C
منطقه ۹ شهر تهران,سرآسیاب مهرآباد,tehran:osm5637866589,رحیمی,residential,0.13,0.0,40.22,-2.6,13.8,35.67,51.33,https://www.openstreetmap.org/?mlat=35.67059&mlon=51.33188#map=17/35.67059/51.33188,C
منطقه ۹ شهر تهران,سرآسیاب مهرآباد,tehran:osm5637866589,اسلامی,residential,0.19,0.0,40.9,-0.9,15.76,35.67,51.33,https://www.openstreetmap.org/?mlat=35.67069&mlon=51.33298#map=17/35.67069/51.33298,C
منطقه ۹ شهر تهران,سرآسیاب مهرآباد,tehran:osm5637866589,نیک سیرت اقدم,residential,0.15,9.27,39.46,-4.4,16.17,35.67,51.33,https://www.openstreetmap.org/?mlat=35.66947&mlon=51.33094#map=17/35.66947/51.33094,C
منطقه ۹ شهر تهران,سرآسیاب مهرآباد,tehran:osm5637866589,پناهی,residential,0.15,0.0,41.24,-0.1,16.75,35.67,51.33,https://www.openstreetmap.org/?mlat=35.67066&mlon=51.33349#map=17/35.67066/51.33349,C
منطقه ۹ شهر تهران,سرآسیاب مهرآباد,tehran:osm5637866589,ساروخانی,residential,0.15,10.22,39.86,-3.5,17.26,35.67,51.33,https://www.openstreetmap.org/?mlat=35.66943&mlon=51.33156#map=17/35.66943/51.33156,C
منطقه ۹ شهر تهران,سرآسیاب مهرآباد,tehran:osm5637866589,دانشگاه هوایی جنوبی,tertiary,0.58,0.0,41.46,0.4,17.4,35.67,51.34,https://www.openstreetmap.org/?mlat=35.67186&mlon=51.33602#map=17/35.67186/51.33602,C
منطقه ۱ شهر تهران,اراج,tehran:osm5637866598,گلبو,residential,0.12,172.3,51.65,-7.5,77.21,35.8,51.49,https://www.openstreetmap.org/?mlat=35.79759&mlon=51.49249#map=17/35.79759/51.49249,C
منطقه ۱ شهر تهران,اراج,tehran:osm5637866598,رضاییان,residential,0.13,172.3,51.74,-7.4,77.36,35.8,51.49,https://www.openstreetmap.org/?mlat=35.79709&mlon=51.49235#map=17/35.79709/51.49235,C
منطقه ۱ شهر تهران,اراج,tehran:osm5637866598,ولیعصر,tertiary,0.86,176.89,53.01,-5.1,80.18,35.8,51.49,https://www.openstreetmap.org/?mlat=35.79807&mlon=51.49197#map=17/35.79807/51.49197,C
منطقه ۱ شهر تهران,اراج,tehran:osm5637866598,لاله,residential,0.19,184.9,52.73,-5.6,80.51,35.8,51.49,https://www.openstreetmap.org/?mlat=35.79571&mlon=51.49176#map=17/35.79571/51.49176,C
منطقه ۱ شهر تهران,اراج,tehran:osm5637866598,صادقی مقدم,residential,0.22,197.16,52.96,-5.2,82.34,35.8,51.49,https://www.openstreetmap.org/?mlat=35.79669&mlon=51.49164#map=17/35.79669/51.49164,C
منطقه ۱ شهر تهران,اراج,tehran:osm5637866598,یاسمن,residential,0.19,190.81,53.48,-4.3,82.4,35.8,51.49,https://www.openstreetmap.org/?mlat=35.79976&mlon=51.49200#map=17/35.79976/51.49200,C
منطقه ۲ شهر تهران,مدیریت,tehran:osm5637866849,بن بست کوهسار,living_street,0.19,71.59,48.02,-10.8,50.81,35.78,51.39,https://www.openstreetmap.org/?mlat=35.78166&mlon=51.38681#map=17/35.78166/51.38681,A
منطقه ۲ شهر تهران,مدیریت,tehran:osm5637866849,دیندار,residential,0.16,63.8,49.08,-8.8,51.22,35.77,51.39,https://www.openstreetmap.org/?mlat=35.77161&mlon=51.38584#map=17/35.77161/51.38584,A
منطقه ۲ شهر تهران,مدیریت,tehran:osm5637866849,آناهیتا,living_street,0.23,71.59,48.63,-9.7,51.97,35.78,51.39,https://www.openstreetmap.org/?mlat=35.78207&mlon=51.38641#map=17/35.78207/51.38641,A
منطقه ۲ شهر تهران,مدیریت,tehran:osm5637866849,آبشار,residential,0.29,71.59,48.64,-9.6,51.98,35.78,51.39,https://www.openstreetmap.org/?mlat=35.78172&mlon=51.38575#map=17/35.78172/51.38575,A
منطقه ۲ شهر تهران,مدیریت,tehran:osm5637866849,پیوند دوم,living_street,0.28,71.59,49.68,-7.7,54.17,35.78,51.39,https://www.openstreetmap.org/?mlat=35.78276&mlon=51.38619#map=17/35.78276/51.38619,A
منطقه ۲ شهر تهران,مدیریت,tehran:osm5637866849,داوود رشیدی,tertiary,0.58,86.29,48.21,-10.4,54.4,35.78,51.39,https://www.openstreetmap.org/?mlat=35.77999&mlon=51.38704#map=17/35.77999/51.38704,A
منطقه ۱۸ شهر تهران,شادآباد,tehran:osm5637867004,کوچه میرحجازی,unclassified,0.51,46.93,23.0,-32.3,14.72,35.65,51.3,https://www.openstreetmap.org/?mlat=35.65384&mlon=51.29588#map=17/35.65384/51.29588,C
منطقه ۱۸ شهر تهران,شادآباد,tehran:osm5637867004,نارنجستان,residential,0.23,46.93,26.17,-22.9,15.04,35.65,51.3,https://www.openstreetmap.org/?mlat=35.65320&mlon=51.29856#map=17/35.65320/51.29856,C
منطقه ۱۸ شهر تهران,شادآباد,tehran:osm5637867004,پنجم,residential,0.23,47.77,25.11,-26.1,15.14,35.65,51.3,https://www.openstreetmap.org/?mlat=35.65491&mlon=51.29768#map=17/35.65491/51.29768,C
منطقه ۱۸ شهر تهران,شادآباد,tehran:osm5637867004,سوم,residential,0.13,50.24,27.49,-19.0,16.1,35.65,51.3,https://www.openstreetmap.org/?mlat=35.65491&mlon=51.29920#map=17/35.65491/51.29920,C
منطقه ۱۸ شهر تهران,شادآباد,tehran:osm5637867004,نامور,residential,0.17,46.93,31.87,-6.2,16.67,35.66,51.3,https://www.openstreetmap.org/?mlat=35.65855&mlon=51.29990#map=17/35.65855/51.29990,C
منطقه ۱۸ شهر تهران,شادآباد,tehran:osm5637867004,سلیمانی,residential,0.16,48.51,30.97,-8.8,16.69,35.66,51.3,https://www.openstreetmap.org/?mlat=35.65787&mlon=51.30009#map=17/35.65787/51.30009,C
منطقه ۱۶ شهر تهران,جوادیه,tehran:osm5637867289,بهمن نوری,residential,0.1,0.0,33.06,-18.0,4.79,35.65,51.39,https://www.openstreetmap.org/?mlat=35.65259&mlon=51.38623#map=17/35.65259/51.38623,C
منطقه ۱۶ شهر تهران,جوادیه,tehran:osm5637867289,بهمن محرمی,residential,0.13,0.0,33.07,-18.0,4.8,35.65,51.39,https://www.openstreetmap.org/?mlat=35.65282&mlon=51.38590#map=17/35.65282/51.38590,C
منطقه ۱۶ شهر تهران,جوادیه,tehran:osm5637867289,ابراهیم زاده,residential,0.15,0.0,33.22,-17.6,4.88,35.65,51.39,https://www.openstreetmap.org/?mlat=35.65309&mlon=51.38560#map=17/35.65309/51.38560,C
منطقه ۱۶ شهر تهران,جوادیه,tehran:osm5637867289,علی نوری,residential,0.17,0.0,33.42,-17.1,4.99,35.65,51.39,https://www.openstreetmap.org/?mlat=35.65334&mlon=51.38528#map=17/35.65334/51.38528,C
منطقه ۱۶ شهر تهران,جوادیه,tehran:osm5637867289,مظاهری,residential,0.18,0.0,33.78,-16.2,5.13,35.65,51.39,https://www.openstreetmap.org/?mlat=35.65362&mlon=51.38504#map=17/35.65362/51.38504,C
منطقه ۱۶ شهر تهران,جوادیه,tehran:osm5637867289,طالقانی,residential,0.19,0.0,34.31,-14.9,5.41,35.65,51.38,https://www.openstreetmap.org/?mlat=35.65397&mlon=51.38467#map=17/35.65397/51.38467,C
منطقه ۳ شهر تهران,درب دوم,tehran:osm5637867292,منوچهر آتشی,residential,0.28,0.0,38.88,-4.4,10.58,35.78,51.44,https://www.openstreetmap.org/?mlat=35.78015&mlon=51.44315#map=17/35.78015/51.44315,C
منطقه ۳ شهر تهران,درب دوم,tehran:osm5637867292,جانثاری لادانی,residential,0.18,0.0,38.99,-4.2,10.81,35.78,51.45,https://www.openstreetmap.org/?mlat=35.78027&mlon=51.44549#map=17/35.78027/51.44549,C
منطقه ۳ شهر تهران,درب دوم,tehran:osm5637867292,اخوان ثالث,residential,0.21,0.0,39.27,-3.5,11.41,35.78,51.44,https://www.openstreetmap.org/?mlat=35.78122&mlon=51.44332#map=17/35.78122/51.44332,C
منطقه ۳ شهر تهران,درب دوم,tehran:osm5637867292,بختیاری,residential,0.1,0.0,39.36,-3.3,11.61,35.78,51.44,https://www.openstreetmap.org/?mlat=35.77984&mlon=51.44182#map=17/35.77984/51.44182,C
منطقه ۳ شهر تهران,درب دوم,tehran:osm5637867292,گشتاسب,residential,0.13,0.0,39.45,-3.0,11.85,35.78,51.44,https://www.openstreetmap.org/?mlat=35.78026&mlon=51.44200#map=17/35.78026/51.44200,C
منطقه ۳ شهر تهران,درب دوم,tehran:osm5637867292,جلال اخلاقی غربی,tertiary,0.25,0.0,39.49,-2.9,11.95,35.78,51.45,https://www.openstreetmap.org/?mlat=35.78016&mlon=51.44778#map=17/35.78016/51.44778,C
منطقه ۵ شهر تهران,مرادآباد,tehran:osm5637867522,عدالت,residential,0.15,258.83,39.87,-11.9,56.89,35.79,51.33,https://www.openstreetmap.org/?mlat=35.78551&mlon=51.32643#map=17/35.78551/51.32643,C
منطقه ۵ شهر تهران,مرادآباد,tehran:osm5637867522,معین,tertiary,0.25,247.52,40.16,-11.2,56.93,35.79,51.33,https://www.openstreetmap.org/?mlat=35.78759&mlon=51.33267#map=17/35.78759/51.33267,C
منطقه ۵ شهر تهران,مرادآباد,tehran:osm5637867522,فردوس,service,1.46,238.23,40.5,-10.5,57.43,35.78,51.32,https://www.openstreetmap.org/?mlat=35.78467&mlon=51.32181#map=17/35.78467/51.32181,C
منطقه ۵ شهر تهران,مرادآباد,tehran:osm5637867522,دوم,residential,0.1,258.83,40.86,-9.7,59.68,35.79,51.33,https://www.openstreetmap.org/?mlat=35.78525&mlon=51.32682#map=17/35.78525/51.32682,C
منطقه ۵ شهر تهران,مرادآباد,tehran:osm5637867522,ورودی مجتمع بام پونک,residential,0.37,256.37,42.18,-6.8,63.19,35.79,51.33,https://www.openstreetmap.org/?mlat=35.78595&mlon=51.33013#map=17/35.78595/51.33013,C
منطقه ۵ شهر تهران,مرادآباد,tehran:osm5637867522,بلوار الوند,tertiary,1.05,171.19,45.56,0.7,64.8,35.78,51.33,https://www.openstreetmap.org/?mlat=35.78159&mlon=51.33108#map=17/35.78159/51.33108,C
منطقه ۵ شهر تهران,شهرک نفت,tehran:osm5637867554,قدیری دوم,service,0.16,290.94,9.13,-79.8,47.27,35.8,51.34,https://www.openstreetmap.org/?mlat=35.80076&mlon=51.34009#map=17/35.80076/51.34009,C
منطقه ۵ شهر تهران,شهرک نفت,tehran:osm5637867554,یاس,tertiary,1.24,313.99,24.0,-46.9,48.16,35.79,51.34,https://www.openstreetmap.org/?mlat=35.79308&mlon=51.33925#map=17/35.79308/51.33925,C
منطقه ۵ شهر تهران,شهرک نفت,tehran:osm5637867554,بهاران,residential,0.29,335.75,11.5,-74.5,48.23,35.8,51.34,https://www.openstreetmap.org/?mlat=35.79865&mlon=51.33947#map=17/35.79865/51.33947,C
منطقه ۵ شهر تهران,شهرک نفت,tehran:osm5637867554,کوهساران,residential,0.32,335.75,19.44,-57.0,48.31,35.79,51.34,https://www.openstreetmap.org/?mlat=35.79480&mlon=51.34005#map=17/35.79480/51.34005,C
منطقه ۵ شهر تهران,شهرک نفت,tehran:osm5637867554,الغدیر,residential,0.11,335.75,22.09,-51.1,48.39,35.79,51.34,https://www.openstreetmap.org/?mlat=35.79359&mlon=51.34001#map=17/35.79359/51.34001,C
منطقه ۵ شهر تهران,شهرک نفت,tehran:osm5637867554,بیست وهفتم,residential,0.15,255.26,34.42,-23.8,49.31,35.79,51.34,https://www.openstreetmap.org/?mlat=35.78902&mlon=51.33868#map=17/35.78902/51.33868,C
منطقه ۱۳ شهر تهران,امامت,tehran:osm5637867588,فرهاد معنوی,residential,0.12,57.24,40.79,-9.5,30.55,35.71,51.49,https://www.openstreetmap.org/?mlat=35.71410&mlon=51.49373#map=17/35.71410/51.49373,C
منطقه ۱۳ شهر تهران,امامت,tehran:osm5637867588,رضا مدنی,residential,0.22,51.93,41.64,-7.6,31.69,35.71,51.49,https://www.openstreetmap.org/?mlat=35.71328&mlon=51.49277#map=17/35.71328/51.49277,C
منطقه ۱۳ شهر تهران,امامت,tehran:osm5637867588,مصطفی حسینی,residential,0.32,56.82,41.63,-7.6,32.82,35.71,51.49,https://www.openstreetmap.org/?mlat=35.71474&mlon=51.49297#map=17/35.71474/51.49297,C
منطقه ۱۳ شهر تهران,امامت,tehran:osm5637867588,حسن زارع,residential,0.7,58.96,42.3,-6.2,34.99,35.71,51.49,https://www.openstreetmap.org/?mlat=35.71114&mlon=51.49244#map=17/35.71114/51.49244,C
منطقه ۱۳ شهر تهران,امامت,tehran:osm5637867588,علیرضا محسنی,residential,0.11,62.24,42.51,-5.7,36.05,35.71,51.49,https://www.openstreetmap.org/?mlat=35.71297&mlon=51.49188#map=17/35.71297/51.49188,C
منطقه ۱۳ شهر تهران,امامت,tehran:osm5637867588,ناصر ترابی,residential,0.12,46.88,44.03,-2.3,36.11,35.71,51.49,https://www.openstreetmap.org/?mlat=35.70819&mlon=51.49115#map=17/35.70819/51.49115,C
منطقه ۱۹ شهر تهران,دولتخواه,tehran:osm5637867645,سوم,residential,0.12,18.32,27.42,-10.8,9.19,35.63,51.34,https://www.openstreetmap.org/?mlat=35.62720&mlon=51.34193#map=17/35.62720/51.34193,C
منطقه ۱۹ شهر تهران,دولتخواه,tehran:osm5637867645,اول,residential,0.12,18.32,28.02,-8.8,9.36,35.63,51.34,https://www.openstreetmap.org/?mlat=35.62770&mlon=51.34190#map=17/35.62770/51.34190,C
منطقه ۱۹ شهر تهران,دولتخواه,tehran:osm5637867645,ابراهیم نژاد اکبر,residential,0.15,18.32,29.13,-5.2,9.69,35.62,51.34,https://www.openstreetmap.org/?mlat=35.62194&mlon=51.34292#map=17/35.62194/51.34292,C
منطقه ۱۹ شهر تهران,دولتخواه,tehran:osm5637867645,بیست و پنجم,residential,0.16,18.32,29.36,-4.5,9.76,35.62,51.34,https://www.openstreetmap.org/?mlat=35.62155&mlon=51.34298#map=17/35.62155/51.34298,C
منطقه ۱۹ شهر تهران,دولتخواه,tehran:osm5637867645,پونه,residential,0.27,18.32,29.38,-4.4,9.77,35.63,51.34,https://www.openstreetmap.org/?mlat=35.62870&mlon=51.34254#map=17/35.62870/51.34254,C
منطقه ۱۹ شهر تهران,دولتخواه,tehran:osm5637867645,نباتعلی ابراهیمی,residential,0.15,18.32,29.59,-3.7,9.83,35.62,51.34,https://www.openstreetmap.org/?mlat=35.62114&mlon=51.34304#map=17/35.62114/51.34304,C
منطقه ۲۰ شهر تهران,فیروزآبادی,tehran:osm5637867694,معطری,residential,0.16,0.87,41.96,-23.6,21.13,35.6,51.43,https://www.openstreetmap.org/?mlat=35.59763&mlon=51.42821#map=17/35.59763/51.42821,C
منطقه ۲۰ شهر تهران,فیروزآبادی,tehran:osm5637867694,مهربانی,residential,0.14,0.87,42.23,-23.1,21.85,35.6,51.43,https://www.openstreetmap.org/?mlat=35.59730&mlon=51.42815#map=17/35.59730/51.42815,C
منطقه ۲۰ شهر تهران,فیروزآبادی,tehran:osm5637867694,علیخانی,residential,0.23,5.63,42.12,-23.3,22.78,35.6,51.43,https://www.openstreetmap.org/?mlat=35.59868&mlon=51.42854#map=17/35.59868/51.42854,C
منطقه ۲۰ شهر تهران,فیروزآبادی,tehran:osm5637867694,قدمی,residential,0.32,0.87,43.1,-21.6,24.03,35.6,51.43,https://www.openstreetmap.org/?mlat=35.59687&mlon=51.42833#map=17/35.59687/51.42833,C
منطقه ۲۰ شهر تهران,فیروزآبادی,tehran:osm5637867694,غلامی,residential,0.31,0.87,43.95,-20.0,25.95,35.6,51.43,https://www.openstreetmap.org/?mlat=35.59782&mlon=51.42941#map=17/35.59782/51.42941,C
منطقه ۲۰ شهر تهران,فیروزآبادی,tehran:osm5637867694,علیرضا کلم فروش,residential,0.39,6.38,43.63,-20.6,26.62,35.6,51.43,https://www.openstreetmap.org/?mlat=35.59795&mlon=51.42925#map=17/35.59795/51.42925,C
منطقه ۲۲ شهر تهران,شهرک صدرا,tehran:osm7065482358,ورزشگاه ازادی,service,0.86,25.52,23.18,-53.8,10.12,35.72,51.28,https://www.openstreetmap.org/?mlat=35.72442&mlon=51.27553#map=17/35.72442/51.27553,C
منطقه ۲۲ شهر تهران,شهرک صدرا,tehran:osm7065482358,ورودی کارتینگ,service,0.16,37.56,21.32,-57.5,12.77,35.73,51.27,https://www.openstreetmap.org/?mlat=35.73123&mlon=51.27466#map=17/35.73123/51.27466,C
منطقه ۲۲ شهر تهران,شهرک صدرا,tehran:osm7065482358,الماس,residential,0.33,47.54,27.22,-45.7,15.43,35.72,51.26,https://www.openstreetmap.org/?mlat=35.72139&mlon=51.25749#map=17/35.72139/51.25749,C
منطقه ۲۲ شهر تهران,شهرک صدرا,tehran:osm7065482358,آشیانه سوم,service,0.39,47.54,27.87,-44.4,15.61,35.72,51.26,https://www.openstreetmap.org/?mlat=35.72146&mlon=51.25613#map=17/35.72146/51.25613,C
منطقه ۲۲ شهر تهران,شهرک صدرا,tehran:osm7065482358,ورودی شرقی ورزشگاه,service,0.28,73.15,29.37,-41.4,21.85,35.73,51.28,https://www.openstreetmap.org/?mlat=35.72595&mlon=51.28026#map=17/35.72595/51.28026,C
منطقه ۲۲ شهر تهران,شهرک صدرا,tehran:osm7065482358,پنجاه و نهم,residential,0.13,57.9,38.1,-24.0,24.29,35.74,51.26,https://www.openstreetmap.org/?mlat=35.73672&mlon=51.26266#map=17/35.73672/51.26266,C
منطقه ۱۱ شهر تهران,میدان حر,tehran:m1107-2,پنجم,residential,0.36,202.33,47.24,-13.2,71.81,35.68,51.39,https://www.openstreetmap.org/?mlat=35.68140&mlon=51.38647#map=17/35.68140/51.38647,C
منطقه ۱۱ شهر تهران,میدان حر,tehran:m1107-2,رابرت لازار,residential,0.22,213.35,47.31,-13.1,72.66,35.68,51.39,https://www.openstreetmap.org/?mlat=35.68191&mlon=51.38624#map=17/35.68191/51.38624,C
منطقه ۱۱ شهر تهران,میدان حر,tehran:m1107-2,ششم,residential,0.36,224.96,47.59,-12.6,73.81,35.68,51.39,https://www.openstreetmap.org/?mlat=35.68153&mlon=51.38750#map=17/35.68153/51.38750,C
منطقه ۱۱ شهر تهران,میدان حر,tehran:m1107-2,بادرود,residential,0.18,224.96,48.02,-11.8,74.62,35.68,51.39,https://www.openstreetmap.org/?mlat=35.68143&mlon=51.38820#map=17/35.68143/51.38820,C
منطقه ۱۱ شهر تهران,میدان حر,tehran:m1107-2,مجید برکم,residential,0.25,224.96,48.1,-11.6,74.77,35.68,51.39,https://www.openstreetmap.org/?mlat=35.68216&mlon=51.38710#map=17/35.68216/51.38710,C
منطقه ۱۱ شهر تهران,میدان حر,tehran:m1107-2,چهارم,residential,0.14,208.33,48.65,-10.6,74.95,35.68,51.38,https://www.openstreetmap.org/?mlat=35.68290&mlon=51.38423#map=17/35.68290/51.38423,C
منطقه ۱۹ شهر تهران,شهرک رسالت,tehran:hf3e0f72a73,داستانی,residential,0.32,35.56,28.38,-15.6,13.08,35.61,51.38,https://www.openstreetmap.org/?mlat=35.60650&mlon=51.38185#map=17/35.60650/51.38185,B
منطقه ۱۹ شهر تهران,شهرک رسالت,tehran:hf3e0f72a73,کوچه معصومی,residential,0.2,36.3,33.11,-1.5,15.03,35.61,51.38,https://www.openstreetmap.org/?mlat=35.60751&mlon=51.38143#map=17/35.60751/51.38143,B
منطقه ۱۹ شهر تهران,شهرک رسالت,tehran:hf3e0f72a73,کوچه رضایی,residential,0.4,46.52,27.71,-17.6,15.28,35.61,51.38,https://www.openstreetmap.org/?mlat=35.60652&mlon=51.38110#map=17/35.60652/51.38110,B
منطقه ۱۹ شهر تهران,شهرک رسالت,tehran:hf3e0f72a73,کوچه حسینیه,residential,0.2,46.25,34.11,1.5,17.62,35.61,51.38,https://www.openstreetmap.org/?mlat=35.60782&mlon=51.38100#map=17/35.60782/51.38100,B
منطقه ۱۹ شهر تهران,شهرک رسالت,tehran:hf3e0f72a73,سلیمی,residential,0.25,66.14,21.37,-36.4,19.28,35.61,51.38,https://www.openstreetmap.org/?mlat=35.60539&mlon=51.37748#map=17/35.60539/51.37748,B
منطقه ۱۹ شهر تهران,شهرک رسالت,tehran:hf3e0f72a73,کوچه ابراهیمیان,residential,0.21,66.14,23.65,-29.6,19.41,35.61,51.38,https://www.openstreetmap.org/?mlat=35.60618&mlon=51.37655#map=17/35.60618/51.37655,B
منطقه ۱۹ شهر تهران,شکوفه جنوبي,tehran:h377ba9bf6c,علی فیضی,residential,0.14,0.0,34.06,-19.5,5.28,35.63,51.37,https://www.openstreetmap.org/?mlat=35.63124&mlon=51.36928#map=17/35.63124/51.36928,B
منطقه ۱۹ شهر تهران,شکوفه جنوبي,tehran:h377ba9bf6c,دوم,residential,0.32,0.0,34.48,-18.5,5.51,35.63,51.37,https://www.openstreetmap.org/?mlat=35.62945&mlon=51.36679#map=17/35.62945/51.36679,B
منطقه ۱۹ شهر تهران,شکوفه جنوبي,tehran:h377ba9bf6c,لقمان شمالی,residential,0.41,0.0,34.83,-17.7,5.67,35.63,51.36,https://www.openstreetmap.org/?mlat=35.62726&mlon=51.36375#map=17/35.62726/51.36375,B
منطقه ۱۹ شهر تهران,شکوفه جنوبي,tehran:h377ba9bf6c,بهرام موسی زاده,residential,0.14,0.0,34.88,-17.6,5.7,35.63,51.37,https://www.openstreetmap.org/?mlat=35.63091&mlon=51.36953#map=17/35.63091/51.36953,B
منطقه ۱۹ شهر تهران,شکوفه جنوبي,tehran:h377ba9bf6c,محمد حیدری کاشی,residential,0.11,0.0,35.15,-16.9,5.88,35.63,51.36,https://www.openstreetmap.org/?mlat=35.62673&mlon=51.36486#map=17/35.62673/51.36486,B
منطقه ۱۹ شهر تهران,شکوفه جنوبي,tehran:h377ba9bf6c,یکم,residential,0.48,0.0,35.19,-16.8,5.91,35.63,51.36,https://www.openstreetmap.org/?mlat=35.62749&mlon=51.36489#map=17/35.62749/51.36489,B
منطقه ۱۹ شهر تهران,شريعتي جنوبي,tehran:ha12bfed883,حسین هدایت,residential,0.16,0.0,34.69,-31.3,5.61,35.63,51.37,https://www.openstreetmap.org/?mlat=35.63296&mlon=51.37302#map=17/35.63296/51.37302,B
منطقه ۱۹ شهر تهران,شريعتي جنوبي,tehran:ha12bfed883,سعیدی ساجد,residential,0.16,0.0,35.03,-30.7,5.8,35.63,51.37,https://www.openstreetmap.org/?mlat=35.63260&mlon=51.37329#map=17/35.63260/51.37329,B
منطقه ۱۹ شهر تهران,شريعتي جنوبي,tehran:ha12bfed883,عباس قاسمی,residential,0.16,0.0,35.92,-28.9,6.45,35.63,51.37,https://www.openstreetmap.org/?mlat=35.63186&mlon=51.37384#map=17/35.63186/51.37384,B
منطقه ۱۹ شهر تهران,شريعتي جنوبي,tehran:ha12bfed883,دوم,residential,0.13,0.0,36.06,-28.6,6.55,35.63,51.37,https://www.openstreetmap.org/?mlat=35.63326&mlon=51.37414#map=17/35.63326/51.37414,B
منطقه ۱۹ شهر تهران,شريعتي جنوبي,tehran:ha12bfed883,نیایش شمالی,residential,0.42,0.0,36.49,-27.8,6.96,35.63,51.37,https://www.openstreetmap.org/?mlat=35.63172&mlon=51.37291#map=17/35.63172/51.37291,B
منطقه ۱۹ شهر تهران,شريعتي جنوبي,tehran:ha12bfed883,یازدهم,residential,0.16,0.0,36.54,-27.7,7.0,35.63,51.37,https://www.openstreetmap.org/?mlat=35.63148&mlon=51.37412#map=17/35.63148/51.37412,B
منطقه ۲۱ شهر تهران,تهرانسرشمالي,tehran:he8bde5f004,۳,residential,0.22,155.6,43.8,-13.6,58.42,35.7,51.27,https://www.openstreetmap.org/?mlat=35.70064&mlon=51.26554#map=17/35.70064/51.26554,B
منطقه ۲۱ شهر تهران,تهرانسرشمالي,tehran:he8bde5f004,۱,residential,0.26,155.6,46.78,-7.7,65.35,35.7,51.27,https://www.openstreetmap.org/?mlat=35.70295&mlon=51.26587#map=17/35.70295/51.26587,B
منطقه ۲۱ شهر تهران,تهرانسرشمالي,tehran:he8bde5f004,جنت مکان,residential,0.42,155.6,46.89,-7.5,65.53,35.7,51.26,https://www.openstreetmap.org/?mlat=35.69997&mlon=51.26387#map=17/35.69997/51.26387,B
منطقه ۲۱ شهر تهران,تهرانسرشمالي,tehran:he8bde5f004,۲ شرقی,residential,0.12,155.6,48.51,-4.3,68.62,35.7,51.26,https://www.openstreetmap.org/?mlat=35.70190&mlon=51.26350#map=17/35.70190/51.26350,B
منطقه ۲۱ شهر تهران,تهرانسرشمالي,tehran:he8bde5f004,۱ شرقی,residential,0.12,155.6,48.6,-4.2,68.82,35.7,51.26,https://www.openstreetmap.org/?mlat=35.70146&mlon=51.26332#map=17/35.70146/51.26332,B
منطقه ۲۱ شهر تهران,تهرانسرشمالي,tehran:he8bde5f004,نهم شرقی,residential,0.3,214.47,45.82,-9.6,69.47,35.7,51.26,https://www.openstreetmap.org/?mlat=35.69900&mlon=51.26445#map=17/35.69900/51.26445,B
منطقه ۲۱ شهر تهران,چيتگرشمالي,tehran:h52c97be6d5,خیبر,residential,0.24,203.19,61.38,-6.0,90.08,35.73,51.19,https://www.openstreetmap.org/?mlat=35.72769&mlon=51.18658#map=17/35.72769/51.18658,C
منطقه ۲۱ شهر تهران,چيتگرشمالي,tehran:h52c97be6d5,الوندی غیاثوند,residential,0.12,203.19,61.81,-5.3,90.26,35.73,51.19,https://www.openstreetmap.org/?mlat=35.72736&mlon=51.18573#map=17/35.72736/51.18573,C
منطقه ۲۱ شهر تهران,چيتگرشمالي,tehran:h52c97be6d5,مصطفی خمینی,residential,0.24,203.19,62.1,-4.9,90.35,35.73,51.19,https://www.openstreetmap.org/?mlat=35.72721&mlon=51.18635#map=17/35.72721/51.18635,C
منطقه ۲۱ شهر تهران,چيتگرشمالي,tehran:h52c97be6d5,پارک,residential,0.39,203.19,62.49,-4.3,90.44,35.73,51.18,https://www.openstreetmap.org/?mlat=35.72695&mlon=51.18482#map=17/35.72695/51.18482,C
منطقه ۲۱ شهر تهران,چيتگرشمالي,tehran:h52c97be6d5,الوندی غیاثوند شرقی,residential,0.13,203.19,62.65,-4.0,90.52,35.73,51.19,https://www.openstreetmap.org/?mlat=35.72712&mlon=51.18704#map=17/35.72712/51.18704,C
منطقه ۲۱ شهر تهران,چيتگرشمالي,tehran:h52c97be6d5,رضا اکبری غربی,residential,0.12,203.19,62.84,-3.8,90.57,35.73,51.19,https://www.openstreetmap.org/?mlat=35.72671&mlon=51.18553#map=17/35.72671/51.18553,C
منطقه ۲۰ شهر تهران,نفرآباد و هاشم آباد,tehran:h315dbafd65,مقداد یک,residential,0.12,0.0,25.84,-39.8,2.54,35.58,51.44,https://www.openstreetmap.org/?mlat=35.58139&mlon=51.44459#map=17/35.58139/51.44459,A
منطقه ۲۰ شهر تهران,نفرآباد و هاشم آباد,tehran:h315dbafd65,ابوذر سوم,residential,0.13,0.0,26.63,-37.9,2.66,35.58,51.44,https://www.openstreetmap.org/?mlat=35.58148&mlon=51.44267#map=17/35.58148/51.44267,A
منطقه ۲۰ شهر تهران,نفرآباد و هاشم آباد,tehran:h315dbafd65,مقداد دو,residential,0.11,0.0,27.43,-36.1,2.84,35.58,51.44,https://www.openstreetmap.org/?mlat=35.58177&mlon=51.44453#map=17/35.58177/51.44453,A
منطقه ۲۰ شهر تهران,نفرآباد و هاشم آباد,tehran:h315dbafd65,ابوذر دوم,residential,0.13,0.0,28.15,-34.4,3.05,35.58,51.44,https://www.openstreetmap.org/?mlat=35.58179&mlon=51.44263#map=17/35.58179/51.44263,A
منطقه ۲۰ شهر تهران,نفرآباد و هاشم آباد,tehran:h315dbafd65,مقداد سه,residential,0.11,0.0,29.09,-32.2,3.31,35.58,51.44,https://www.openstreetmap.org/?mlat=35.58217&mlon=51.44457#map=17/35.58217/51.44457,A
منطقه ۲۰ شهر تهران,نفرآباد و هاشم آباد,tehran:h315dbafd65,ابوذر یکم,residential,0.14,0.0,29.86,-30.4,3.54,35.58,51.44,https://www.openstreetmap.org/?mlat=35.58213&mlon=51.44261#map=17/35.58213/51.44261,A
منطقه ۱۸ شهر تهران,خليج فارس جنوبي,tehran:h41e1fc4888,حجاب,residential,0.19,0.51,24.41,-16.2,4.7,35.65,51.27,https://www.openstreetmap.org/?mlat=35.65334&mlon=51.26728#map=17/35.65334/51.26728,A
منطقه ۱۸ شهر تهران,خليج فارس جنوبي,tehran:h41e1fc4888,امیرکبیر,residential,0.2,0.51,25.11,-13.8,4.75,35.65,51.27,https://www.openstreetmap.org/?mlat=35.65373&mlon=51.26745#map=17/35.65373/51.26745,A
منطقه ۱۸ شهر تهران,خليج فارس جنوبي,tehran:h41e1fc4888,تقی حسین پور,residential,0.1,0.51,25.5,-12.4,4.78,35.65,51.27,https://www.openstreetmap.org/?mlat=35.65398&mlon=51.26804#map=17/35.65398/51.26804,A
منطقه ۱۸ شهر تهران,خليج فارس جنوبي,tehran:h41e1fc4888,علی زهرآبادی,residential,0.11,0.51,26.06,-10.5,4.88,35.65,51.27,https://www.openstreetmap.org/?mlat=35.65435&mlon=51.26824#map=17/35.65435/51.26824,A
منطقه ۱۸ شهر تهران,خليج فارس جنوبي,tehran:h41e1fc4888,حاجی رضا عزیزی,residential,0.1,0.51,26.08,-10.4,4.88,35.65,51.27,https://www.openstreetmap.org/?mlat=35.65427&mlon=51.26697#map=17/35.65427/51.26697,A
منطقه ۱۸ شهر تهران,خليج فارس جنوبي,tehran:h41e1fc4888,جوهری,residential,0.13,0.51,26.15,-10.2,4.92,35.65,51.27,https://www.openstreetmap.org/?mlat=35.65426&mlon=51.26630#map=17/35.65426/51.26630,A
منطقه ۷ شهر تهران,خواجه نظام غربي,tehran:hf175e40052,مجتبی خمیجانی,residential,0.22,3.12,37.7,-8.7,11.39,35.72,51.45,https://www.openstreetmap.org/?mlat=35.71716&mlon=51.44858#map=17/35.71716/51.44858,B
منطقه ۷ شهر تهران,خواجه نظام غربي,tehran:hf175e40052,کیوان,service,0.12,3.12,37.86,-8.3,11.62,35.72,51.45,https://www.openstreetmap.org/?mlat=35.71594&mlon=51.44852#map=17/35.71594/51.44852,B
منطقه ۷ شهر تهران,خواجه نظام غربي,tehran:hf175e40052,هجرتی,residential,0.23,6.22,37.44,-9.3,11.82,35.72,51.45,https://www.openstreetmap.org/?mlat=35.71775&mlon=51.44886#map=17/35.71775/51.44886,B
منطقه ۷ شهر تهران,خواجه نظام غربي,tehran:hf175e40052,غفاری,service,0.12,4.4,37.77,-8.5,11.85,35.72,51.45,https://www.openstreetmap.org/?mlat=35.71622&mlon=51.44866#map=17/35.71622/51.44866,B
منطقه ۷ شهر تهران,خواجه نظام غربي,tehran:hf175e40052,محمدرضا بهشتی,residential,0.22,4.45,37.98,-8.0,12.22,35.72,51.45,https://www.openstreetmap.org/?mlat=35.71665&mlon=51.44834#map=17/35.71665/51.44834,B
منطقه ۷ شهر تهران,خواجه نظام غربي,tehran:hf175e40052,بامداد مقدم,residential,0.14,5.88,38.06,-7.8,12.69,35.72,51.45,https://www.openstreetmap.org/?mlat=35.71950&mlon=51.44906#map=17/35.71950/51.44906,B
منطقه ۷ شهر تهران,دهقان,tehran:h404c96dffc,سلمان فارسی,residential,0.31,0.0,38.82,-1.6,10.42,35.71,51.45,https://www.openstreetmap.org/?mlat=35.71434&mlon=51.45353#map=17/35.71434/51.45353,B
منطقه ۷ شهر تهران,دهقان,tehran:h404c96dffc,ناصر شهبازی,residential,0.24,0.0,39.05,-1.0,10.92,35.71,51.46,https://www.openstreetmap.org/?mlat=35.71453&mlon=51.45532#map=17/35.71453/51.45532,B
منطقه ۷ شهر تهران,دهقان,tehran:h404c96dffc,شهید درویش,residential,0.11,0.0,39.06,-1.0,10.95,35.72,51.46,https://www.openstreetmap.org/?mlat=35.71501&mlon=51.45811#map=17/35.71501/51.45811,B
منطقه ۷ شهر تهران,دهقان,tehran:h404c96dffc,خسرو مقصودی,residential,0.31,0.0,39.1,-0.9,11.02,35.72,51.46,https://www.openstreetmap.org/?mlat=35.71514&mlon=51.45648#map=17/35.71514/51.45648,B
منطقه ۷ شهر تهران,دهقان,tehran:h404c96dffc,حصارنویی شرقی,residential,0.16,0.0,39.13,-0.8,11.07,35.72,51.46,https://www.openstreetmap.org/?mlat=35.71574&mlon=51.45798#map=17/35.71574/51.45798,B
منطقه ۷ شهر تهران,دهقان,tehran:h404c96dffc,حسینی,residential,0.18,0.0,39.15,-0.8,11.13,35.72,51.46,https://www.openstreetmap.org/?mlat=35.71651&mlon=51.45662#map=17/35.71651/51.45662,B
منطقه ۶ شهر تهران,گاندي,tehran:he5bbb8f393,سیاوش,residential,0.28,419.14,62.2,-8.7,96.7,35.74,51.41,https://www.openstreetmap.org/?mlat=35.74411&mlon=51.41260#map=17/35.74411/51.41260,C
منطقه ۶ شهر تهران,گاندي,tehran:he5bbb8f393,الوند,residential,0.41,394.43,64.76,-4.9,97.2,35.74,51.41,https://www.openstreetmap.org/?mlat=35.74414&mlon=51.41348#map=17/35.74414/51.41348,C
منطقه ۶ شهر تهران,گاندي,tehran:he5bbb8f393,شمس,residential,0.11,419.14,64.26,-5.6,97.26,35.75,51.41,https://www.openstreetmap.org/?mlat=35.74677&mlon=51.41209#map=17/35.74677/51.41209,C
منطقه ۶ شهر تهران,گاندي,tehran:he5bbb8f393,نوروز,service,0.53,353.45,67.75,-0.5,97.4,35.75,51.42,https://www.openstreetmap.org/?mlat=35.74670&mlon=51.42050#map=17/35.74670/51.42050,C
منطقه ۶ شهر تهران,گاندي,tehran:he5bbb8f393,اسفراین,residential,0.1,419.14,65.49,-3.8,97.54,35.74,51.42,https://www.openstreetmap.org/?mlat=35.74410&mlon=51.41500#map=17/35.74410/51.41500,C
منطقه ۶ شهر تهران,گاندي,tehran:he5bbb8f393,پالیزوانی,residential,0.21,314.46,78.91,15.9,97.55,35.75,51.41,https://www.openstreetmap.org/?mlat=35.74939&mlon=51.41391#map=17/35.74939/51.41391,C
منطقه ۶ شهر تهران,نصرت,tehran:h1f8ecf06bb,والعصر,residential,0.36,0.0,50.73,-3.2,37.88,35.7,51.39,https://www.openstreetmap.org/?mlat=35.70254&mlon=51.38541#map=17/35.70254/51.38541,C
منطقه ۶ شهر تهران,نصرت,tehran:h1f8ecf06bb,جزایری,residential,0.12,0.0,50.99,-2.7,38.36,35.71,51.39,https://www.openstreetmap.org/?mlat=35.70599&mlon=51.38538#map=17/35.70599/51.38538,C
منطقه ۶ شهر تهران,نصرت,tehran:h1f8ecf06bb,بزمه,residential,0.22,0.0,51.03,-2.6,38.44,35.7,51.39,https://www.openstreetmap.org/?mlat=35.70174&mlon=51.38660#map=17/35.70174/51.38660,C
منطقه ۶ شهر تهران,نصرت,tehran:h1f8ecf06bb,سام,residential,0.11,0.0,51.08,-2.5,38.53,35.7,51.39,https://www.openstreetmap.org/?mlat=35.70485&mlon=51.38603#map=17/35.70485/51.38603,C
منطقه ۶ شهر تهران,نصرت,tehran:h1f8ecf06bb,صالحی,residential,0.1,0.0,51.1,-2.5,38.58,35.7,51.39,https://www.openstreetmap.org/?mlat=35.70217&mlon=51.38630#map=17/35.70217/51.38630,C
منطقه ۶ شهر تهران,نصرت,tehran:h1f8ecf06bb,زند,residential,0.25,0.0,51.23,-2.2,38.79,35.7,51.39,https://www.openstreetmap.org/?mlat=35.70337&mlon=51.38575#map=17/35.70337/51.38575,C
منطقه ۶ شهر تهران,کشاورز غربي,tehran:h7346a4e668,ایزدیار,residential,0.21,34.6,52.57,-0.2,51.02,35.71,51.38,https://www.openstreetmap.org/?mlat=35.70734&mlon=51.38459#map=17/35.70734/51.38459,B
منطقه ۶ شهر تهران,کشاورز غربي,tehran:h7346a4e668,خسرو,residential,0.15,112.46,51.59,-2.1,67.75,35.71,51.39,https://www.openstreetmap.org/?mlat=35.70858&mlon=51.38613#map=17/35.70858/51.38613,B
منطقه ۶ شهر تهران,کشاورز غربي,tehran:h7346a4e668,حمصیان,residential,0.15,112.46,51.96,-1.4,68.39,35.71,51.39,https://www.openstreetmap.org/?mlat=35.70860&mlon=51.38759#map=17/35.70860/51.38759,B
منطقه ۶ شهر تهران,کشاورز غربي,tehran:h7346a4e668,میر,residential,0.18,112.46,52.37,-0.6,69.14,35.71,51.39,https://www.openstreetmap.org/?mlat=35.70898&mlon=51.38906#map=17/35.70898/51.38906,B
منطقه ۶ شهر تهران,کشاورز غربي,tehran:h7346a4e668,نیلوفر,residential,0.3,122.34,53.02,0.6,72.22,35.71,51.39,https://www.openstreetmap.org/?mlat=35.70800&mlon=51.38628#map=17/35.70800/51.38628,B
منطقه ۶ شهر تهران,کشاورز غربي,tehran:h7346a4e668,دریا,residential,0.26,138.57,52.28,-0.8,73.7,35.71,51.39,https://www.openstreetmap.org/?mlat=35.70907&mlon=51.38869#map=17/35.70907/51.38869,B
منطقه ۶ شهر تهران,عباس آباد,tehran:h942aa15b23,نعیمی,residential,0.23,0.0,57.12,-3.4,46.68,35.72,51.41,https://www.openstreetmap.org/?mlat=35.72438&mlon=51.41493#map=17/35.72438/51.41493,C
منطقه ۶ شهر تهران,عباس آباد,tehran:h942aa15b23,عرفان,residential,0.24,0.0,58.22,-1.5,47.52,35.72,51.42,https://www.openstreetmap.org/?mlat=35.72481&mlon=51.41762#map=17/35.72481/51.41762,C
منطقه ۶ شهر تهران,عباس آباد,tehran:h942aa15b23,صابری فومنی ۴,residential,0.19,0.0,59.12,0.0,48.07,35.73,51.42,https://www.openstreetmap.org/?mlat=35.72548&mlon=51.41983#map=17/35.72548/51.41983,C
منطقه ۶ شهر تهران,عباس آباد,tehran:h942aa15b23,دل آویز,residential,0.29,0.0,59.18,0.1,48.11,35.73,51.41,https://www.openstreetmap.org/?mlat=35.72621&mlon=51.41413#map=17/35.72621/51.41413,C
منطقه ۶ شهر تهران,عباس آباد,tehran:h942aa15b23,مقدم,residential,0.16,0.0,59.26,0.2,48.18,35.73,51.41,https://www.openstreetmap.org/?mlat=35.72592&mlon=51.41487#map=17/35.72592/51.41487,C
منطقه ۶ شهر تهران,عباس آباد,tehran:h942aa15b23,آزادگان,residential,0.23,0.0,59.32,0.3,48.21,35.73,51.42,https://www.openstreetmap.org/?mlat=35.72560&mlon=51.41729#map=17/35.72560/51.41729,C
منطقه ۱۶ شهر تهران,علي آباد شمالي,tehran:h09c4ce2b4c,محمد باقری,residential,0.1,100.74,44.04,-9.7,49.02,35.63,51.42,https://www.openstreetmap.org/?mlat=35.63387&mlon=51.41690#map=17/35.63387/51.41690,C
منطقه ۱۶ شهر تهران,علي آباد شمالي,tehran:h09c4ce2b4c,داود پروینی,residential,0.15,72.9,47.12,-3.4,49.21,35.64,51.42,https://www.openstreetmap.org/?mlat=35.63772&mlon=51.41574#map=17/35.63772/51.41574,C
منطقه ۱۶ شهر تهران,علي آباد شمالي,tehran:h09c4ce2b4c,مهدی قاسمعلیان,residential,0.21,100.74,44.32,-9.2,49.59,35.63,51.42,https://www.openstreetmap.org/?mlat=35.63407&mlon=51.41661#map=17/35.63407/51.41661,C
منطقه ۱۶ شهر تهران,علي آباد شمالي,tehran:h09c4ce2b4c,غلامرضا همدانی,tertiary,0.91,79.33,47.07,-3.5,50.83,35.64,51.42,https://www.openstreetmap.org/?mlat=35.63842&mlon=51.41649#map=17/35.63842/51.41649,C
منطقه ۱۶ شهر تهران,علي آباد شمالي,tehran:h09c4ce2b4c,ابریشم,residential,0.12,100.74,44.9,-8.0,51.03,35.63,51.42,https://www.openstreetmap.org/?mlat=35.63347&mlon=51.41559#map=17/35.63347/51.41559,C
منطقه ۱۶ شهر تهران,علي آباد شمالي,tehran:h09c4ce2b4c,دوم شرقی,residential,0.14,100.74,45.09,-7.6,51.51,35.63,51.42,https://www.openstreetmap.org/?mlat=35.63458&mlon=51.41574#map=17/35.63458/51.41574,C
منطقه ۲ شهر تهران,اسلام آباد,tehran:h659992fa59,گلزار اول,residential,0.16,61.59,43.15,-11.4,37.61,35.76,51.39,https://www.openstreetmap.org/?mlat=35.76300&mlon=51.38630#map=17/35.76300/51.38630,B
منطقه ۲ شهر تهران,اسلام آباد,tehran:h659992fa59,مولانا,residential,0.32,61.59,44.33,-8.9,40.18,35.76,51.39,https://www.openstreetmap.org/?mlat=35.76494&mlon=51.38521#map=17/35.76494/51.38521,B
منطقه ۲ شهر تهران,اسلام آباد,tehran:h659992fa59,صفا,residential,0.11,62.17,44.6,-8.4,40.85,35.77,51.39,https://www.openstreetmap.org/?mlat=35.76723&mlon=51.38669#map=17/35.76723/51.38669,B
منطقه ۲ شهر تهران,اسلام آباد,tehran:h659992fa59,یعغوبی نژاد,residential,0.43,61.59,46.71,-4.1,45.86,35.77,51.39,https://www.openstreetmap.org/?mlat=35.76712&mlon=51.38649#map=17/35.76712/51.38649,B
منطقه ۲ شهر تهران,اسلام آباد,tehran:h659992fa59,دیندار,residential,1.02,62.45,47.4,-2.6,47.43,35.77,51.39,https://www.openstreetmap.org/?mlat=35.76794&mlon=51.38580#map=17/35.76794/51.38580,B
منطقه ۲ شهر تهران,اسلام آباد,tehran:h659992fa59,فیروزگر,residential,0.13,63.8,48.43,-0.5,49.91,35.77,51.39,https://www.openstreetmap.org/?mlat=35.77245&mlon=51.38705#map=17/35.77245/51.38705,B
منطقه ۲ شهر تهران,شهيد خرم رودي,tehran:h970e3f5ffc,ستایش دوم,residential,0.1,87.66,48.81,-2.2,55.88,35.73,51.34,https://www.openstreetmap.org/?mlat=35.72822&mlon=51.34120#map=17/35.72822/51.34120,B
منطقه ۲ شهر تهران,شهيد خرم رودي,tehran:h970e3f5ffc,میثاق یکم,residential,0.21,84.47,49.24,-1.4,56.16,35.73,51.34,https://www.openstreetmap.org/?mlat=35.72817&mlon=51.34264#map=17/35.72817/51.34264,B
منطقه ۲ شهر تهران,شهيد خرم رودي,tehran:h970e3f5ffc,ستایش,residential,0.26,84.47,49.3,-1.3,56.28,35.73,51.34,https://www.openstreetmap.org/?mlat=35.72790&mlon=51.34213#map=17/35.72790/51.34213,B
منطقه ۲ شهر تهران,شهيد خرم رودي,tehran:h970e3f5ffc,برادران ساجدی غربی,residential,0.22,91.3,49.06,-1.7,57.38,35.73,51.34,https://www.openstreetmap.org/?mlat=35.72868&mlon=51.34312#map=17/35.72868/51.34312,B
منطقه ۲ شهر تهران,شهيد خرم رودي,tehran:h970e3f5ffc,ستایش سوم,residential,0.2,89.17,49.38,-1.1,57.5,35.73,51.34,https://www.openstreetmap.org/?mlat=35.72759&mlon=51.34140#map=17/35.72759/51.34140,B
منطقه ۲ شهر تهران,شهيد خرم رودي,tehran:h970e3f5ffc,میثاق,residential,0.17,84.47,49.96,0.1,57.61,35.73,51.34,https://www.openstreetmap.org/?mlat=35.72764&mlon=51.34364#map=17/35.72764/51.34364,B
منطقه ۱ شهر تهران,حصاربوعلي,tehran:hd7e7b4078b,فاتح,residential,0.21,140.48,49.74,-3.1,69.36,35.81,51.46,https://www.openstreetmap.org/?mlat=35.81075&mlon=51.46442#map=17/35.81075/51.46442,B
منطقه ۱ شهر تهران,حصاربوعلي,tehran:hd7e7b4078b,ترکاشوند,residential,0.2,140.48,50.08,-2.5,70.01,35.81,51.46,https://www.openstreetmap.org/?mlat=35.80925&mlon=51.46408#map=17/35.80925/51.46408,B
منطقه ۱ شهر تهران,حصاربوعلي,tehran:hd7e7b4078b,سعید ناطقیان,residential,0.24,140.48,50.69,-1.3,71.16,35.81,51.47,https://www.openstreetmap.org/?mlat=35.81024&mlon=51.46777#map=17/35.81024/51.46777,B
منطقه ۱ شهر تهران,حصاربوعلي,tehran:hd7e7b4078b,اختصاصی ناطقیان,residential,0.2,140.48,50.91,-0.8,71.55,35.81,51.47,https://www.openstreetmap.org/?mlat=35.81025&mlon=51.46835#map=17/35.81025/51.46835,B
منطقه ۱ شهر تهران,حصاربوعلي,tehran:hd7e7b4078b,سعیدی,tertiary,1.28,161.25,49.63,-3.3,71.76,35.81,51.47,https://www.openstreetmap.org/?mlat=35.80595&mlon=51.46565#map=17/35.80595/51.46565,B
منطقه ۱ شهر تهران,حصاربوعلي,tehran:hd7e7b4078b,حمید,residential,0.12,165.93,49.6,-3.4,72.48,35.8,51.47,https://www.openstreetmap.org/?mlat=35.80285&mlon=51.46580#map=17/35.80285/51.46580,B
منطقه ۶ شهر تهران,ميدان جهاد,tehran:h29eb055569,۱۶/۱,residential,0.16,31.33,43.39,-13.6,31.41,35.73,51.4,https://www.openstreetmap.org/?mlat=35.72699&mlon=51.40156#map=17/35.72699/51.40156,C
منطقه ۶ شهر تهران,ميدان جهاد,tehran:h29eb055569,زینالی ۱۴,residential,0.14,31.91,43.99,-12.4,32.93,35.73,51.4,https://www.openstreetmap.org/?mlat=35.72647&mlon=51.40147#map=17/35.72647/51.40147,C
منطقه ۶ شهر تهران,ميدان جهاد,tehran:h29eb055569,۱۶/۲,tertiary,0.13,39.71,43.25,-13.9,33.0,35.73,51.4,https://www.openstreetmap.org/?mlat=35.72754&mlon=51.40140#map=17/35.72754/51.40140,C
منطقه ۶ شهر تهران,ميدان جهاد,tehran:h29eb055569,۱۲/۲,residential,0.14,31.96,44.48,-11.5,33.98,35.73,51.4,https://www.openstreetmap.org/?mlat=35.72607&mlon=51.40146#map=17/35.72607/51.40146,C
منطقه ۶ شهر تهران,ميدان جهاد,tehran:h29eb055569,شهریار,tertiary,0.35,25.75,45.28,-9.9,34.49,35.73,51.4,https://www.openstreetmap.org/?mlat=35.72572&mlon=51.40230#map=17/35.72572/51.40230,C
منطقه ۶ شهر تهران,ميدان جهاد,tehran:h29eb055569,افشار,residential,0.14,31.96,44.9,-10.6,35.07,35.73,51.4,https://www.openstreetmap.org/?mlat=35.72573&mlon=51.40146#map=17/35.72573/51.40146,C
منطقه ۶ شهر تهران,فاطمي,tehran:ha9c148206e,دوم شرقی,residential,0.13,48.65,44.73,-9.4,38.11,35.72,51.4,https://www.openstreetmap.org/?mlat=35.72396&mlon=51.39757#map=17/35.72396/51.39757,B
منطقه ۶ شهر تهران,فاطمي,tehran:ha9c148206e,یکم شرقی,residential,0.15,48.65,44.87,-9.1,38.5,35.72,51.4,https://www.openstreetmap.org/?mlat=35.72373&mlon=51.39795#map=17/35.72373/51.39795,B
منطقه ۶ شهر تهران,فاطمي,tehran:ha9c148206e,نوید,residential,0.24,48.65,45.01,-8.8,38.84,35.72,51.4,https://www.openstreetmap.org/?mlat=35.72402&mlon=51.39609#map=17/35.72402/51.39609,B
منطقه ۶ شهر تهران,فاطمي,tehran:ha9c148206e,شاهرخی شرقی,residential,0.15,48.65,45.22,-8.4,39.37,35.72,51.4,https://www.openstreetmap.org/?mlat=35.72331&mlon=51.39838#map=17/35.72331/51.39838,B
منطقه ۶ شهر تهران,فاطمي,tehran:ha9c148206e,مرداد,residential,0.38,48.65,45.38,-8.1,39.73,35.72,51.4,https://www.openstreetmap.org/?mlat=35.72299&mlon=51.39762#map=17/35.72299/51.39762,B
منطقه ۶ شهر تهران,فاطمي,tehran:ha9c148206e,شهباز ثقفی,residential,0.28,48.65,45.46,-7.9,39.92,35.72,51.4,https://www.openstreetmap.org/?mlat=35.72319&mlon=51.39548#map=17/35.72319/51.39548,B
منطقه ۶ شهر تهران,قزل قلعه,tehran:hba310d7b81,بیست وپنجم,residential,0.21,80.53,41.52,-5.7,37.89,35.73,51.39,https://www.openstreetmap.org/?mlat=35.73132&mlon=51.39421#map=17/35.73132/51.39421,A
منطقه ۶ شهر تهران,قزل قلعه,tehran:hba310d7b81,فجر یک,residential,0.49,80.53,41.8,-5.1,38.65,35.73,51.39,https://www.openstreetmap.org/?mlat=35.73220&mlon=51.39223#map=17/35.73220/51.39223,A
منطقه ۶ شهر تهران,قزل قلعه,tehran:hba310d7b81,والفجر ۲,residential,0.22,80.53,42.2,-4.2,39.66,35.73,51.39,https://www.openstreetmap.org/?mlat=35.73231&mlon=51.39367#map=17/35.73231/51.39367,A
منطقه ۶ شهر تهران,قزل قلعه,tehran:hba310d7b81,سیدعباس قدس میرحیدری,residential,0.33,80.53,42.24,-4.1,39.78,35.73,51.39,https://www.openstreetmap.org/?mlat=35.73196&mlon=51.39430#map=17/35.73196/51.39430,A
منطقه ۶ شهر تهران,قزل قلعه,tehran:hba310d7b81,شهید فریدون عباسی,residential,0.59,80.53,42.42,-3.7,40.24,35.73,51.39,https://www.openstreetmap.org/?mlat=35.73195&mlon=51.39458#map=17/35.73195/51.39458,A
منطقه ۶ شهر تهران,قزل قلعه,tehran:hba310d7b81,خشایار کریمیان,residential,0.43,80.53,43.16,-2.0,42.1,35.73,51.4,https://www.openstreetmap.org/?mlat=35.73062&mlon=51.39780#map=17/35.73062/51.39780,A
منطقه ۶ شهر تهران,شيراز,tehran:he0938adad2,پنجاه و سوم,residential,0.17,7.25,52.84,-9.6,45.74,35.74,51.41,https://www.openstreetmap.org/?mlat=35.74486&mlon=51.40624#map=17/35.74486/51.40624,B
منطقه ۶ شهر تهران,شيراز,tehran:he0938adad2,پنجاه و پنجم,residential,0.19,5.45,53.43,-8.6,46.22,35.75,51.41,https://www.openstreetmap.org/?mlat=35.74554&mlon=51.40599#map=17/35.74554/51.40599,B
منطقه ۶ شهر تهران,شيراز,tehran:he0938adad2,شصت و دوم,residential,0.11,5.45,53.48,-8.5,46.33,35.74,51.4,https://www.openstreetmap.org/?mlat=35.74476&mlon=51.40445#map=17/35.74476/51.40445,B
منطقه ۶ شهر تهران,شيراز,tehran:he0938adad2,ترانه,residential,0.11,5.45,53.81,-7.9,46.77,35.75,51.4,https://www.openstreetmap.org/?mlat=35.74528&mlon=51.40441#map=17/35.74528/51.40441,B
منطقه ۶ شهر تهران,شيراز,tehran:he0938adad2,پنجاه وهفتم,residential,0.18,5.45,53.93,-7.7,46.94,35.75,51.41,https://www.openstreetmap.org/?mlat=35.74616&mlon=51.40591#map=17/35.74616/51.40591,B
منطقه ۶ شهر تهران,شيراز,tehran:he0938adad2,پنجاه و نهم,residential,0.14,5.45,54.36,-7.0,47.52,35.75,51.41,https://www.openstreetmap.org/?mlat=35.74674&mlon=51.40570#map=17/35.74674/51.40570,B
منطقه ۴ شهر تهران,قاسم آباد,tehran:hcd2569e412,گلستان جنگل,residential,1.19,3.06,29.58,-26.5,6.39,35.76,51.52,https://www.openstreetmap.org/?mlat=35.76200&mlon=51.51554#map=17/35.76200/51.51554,A
منطقه ۴ شهر تهران,قاسم آباد,tehran:hcd2569e412,هشت متری احداثی,residential,0.13,19.89,28.47,-29.3,9.71,35.76,51.51,https://www.openstreetmap.org/?mlat=35.76221&mlon=51.51461#map=17/35.76221/51.51461,A
منطقه ۴ شهر تهران,قاسم آباد,tehran:hcd2569e412,کوهستان یکم,residential,0.36,0.08,37.37,-7.1,10.11,35.76,51.52,https://www.openstreetmap.org/?mlat=35.76028&mlon=51.51860#map=17/35.76028/51.51860,A
منطقه ۴ شهر تهران,قاسم آباد,tehran:hcd2569e412,کوهستان دوم,residential,0.13,0.08,38.09,-5.4,11.19,35.76,51.52,https://www.openstreetmap.org/?mlat=35.75974&mlon=51.51901#map=17/35.75974/51.51901,A
منطقه ۴ شهر تهران,قاسم آباد,tehran:hcd2569e412,فرعی,residential,0.24,54.61,39.34,-2.2,26.09,35.76,51.52,https://www.openstreetmap.org/?mlat=35.75907&mlon=51.51924#map=17/35.75907/51.51924,A
منطقه ۴ شهر تهران,قاسم آباد,tehran:hcd2569e412,اطاعتی,residential,0.28,68.38,42.53,5.7,37.76,35.75,51.52,https://www.openstreetmap.org/?mlat=35.75432&mlon=51.52271#map=17/35.75432/51.52271,A
منطقه ۱ شهر تهران,جوزستان,tehran:h6fbe3c0793,سالم,residential,0.15,97.72,41.76,-16.2,42.65,35.81,51.44,https://www.openstreetmap.org/?mlat=35.80738&mlon=51.44337#map=17/35.80738/51.44337,B
منطقه ۱ شهر تهران,جوزستان,tehran:h6fbe3c0793,پورهاشمی,residential,0.17,78.18,44.41,-10.9,44.29,35.81,51.45,https://www.openstreetmap.org/?mlat=35.80776&mlon=51.44989#map=17/35.80776/51.44989,B
منطقه ۱ شهر تهران,جوزستان,tehran:h6fbe3c0793,آثار,residential,0.28,107.08,41.84,-16.0,45.41,35.81,51.44,https://www.openstreetmap.org/?mlat=35.80819&mlon=51.44379#map=17/35.80819/51.44379,B
منطقه ۱ شهر تهران,جوزستان,tehran:h6fbe3c0793,نجابت جو,tertiary,0.2,107.08,42.54,-14.6,47.19,35.81,51.44,https://www.openstreetmap.org/?mlat=35.80737&mlon=51.44203#map=17/35.80737/51.44203,B
منطقه ۱ شهر تهران,جوزستان,tehran:h6fbe3c0793,کنی,residential,0.16,111.63,42.25,-15.2,47.59,35.81,51.45,https://www.openstreetmap.org/?mlat=35.80860&mlon=51.44587#map=17/35.80860/51.44587,B
منطقه ۱ شهر تهران,جوزستان,tehran:h6fbe3c0793,مجدیه,residential,0.18,107.08,43.17,-13.3,48.8,35.81,51.45,https://www.openstreetmap.org/?mlat=35.80824&mlon=51.44839#map=17/35.80824/51.44839,B
منطقه ۱۴ شهر تهران,سيزده آبان,tehran:h31374d181f,حمید گودرزی,residential,0.34,0.0,38.59,-1.8,9.98,35.69,51.48,https://www.openstreetmap.org/?mlat=35.68565&mlon=51.48478#map=17/35.68565/51.48478,B
منطقه ۱۴ شهر تهران,سيزده آبان,tehran:h31374d181f,امیر احسان مختاری,residential,0.33,0.0,38.68,-1.6,10.13,35.69,51.48,https://www.openstreetmap.org/?mlat=35.68504&mlon=51.48484#map=17/35.68504/51.48484,B
منطقه ۱۴ شهر تهران,سيزده آبان,tehran:h31374d181f,پرستار,tertiary,0.33,0.0,38.92,-1.0,10.67,35.69,51.48,https://www.openstreetmap.org/?mlat=35.68608&mlon=51.48286#map=17/35.68608/51.48286,B
منطقه ۱۴ شهر تهران,سيزده آبان,tehran:h31374d181f,ابوالقاسم رقیمی,residential,0.34,0.0,38.93,-1.0,10.69,35.69,51.48,https://www.openstreetmap.org/?mlat=35.68629&mlon=51.48470#map=17/35.68629/51.48470,B
منطقه ۱۴ شهر تهران,سيزده آبان,tehran:h31374d181f,برادران افراسیابی,tertiary,0.36,0.0,38.95,-0.9,10.74,35.69,51.48,https://www.openstreetmap.org/?mlat=35.68599&mlon=51.48205#map=17/35.68599/51.48205,B
منطقه ۱۴ شهر تهران,سيزده آبان,tehran:h31374d181f,نادر اسد,residential,0.34,0.0,39.3,0.0,11.48,35.69,51.48,https://www.openstreetmap.org/?mlat=35.68697&mlon=51.48462#map=17/35.68697/51.48462,B
منطقه ۱۴ شهر تهران,بروجردي,tehran:hdcc9693783,اندرزگو,tertiary,0.29,0.0,38.74,-5.6,10.28,35.69,51.47,https://www.openstreetmap.org/?mlat=35.68570&mlon=51.46899#map=17/35.68570/51.46899,B
منطقه ۱۴ شهر تهران,بروجردي,tehran:hdcc9693783,محمدباقر داود آبادی,tertiary,0.11,0.0,39.39,-4.0,11.68,35.69,51.47,https://www.openstreetmap.org/?mlat=35.68662&mlon=51.47013#map=17/35.68662/51.47013,B
منطقه ۱۴ شهر تهران,بروجردي,tehran:hdcc9693783,اسلامی,residential,0.12,0.0,39.42,-3.9,11.76,35.69,51.47,https://www.openstreetmap.org/?mlat=35.68591&mlon=51.46644#map=17/35.68591/51.46644,B
منطقه ۱۴ شهر تهران,بروجردي,tehran:hdcc9693783,محمدی,residential,0.31,0.0,39.43,-3.9,11.78,35.69,51.47,https://www.openstreetmap.org/?mlat=35.68637&mlon=51.46805#map=17/35.68637/51.46805,B
منطقه ۱۴ شهر تهران,بروجردي,tehran:hdcc9693783,سعید نعمت اللهی,residential,0.21,0.0,39.56,-3.6,12.09,35.69,51.47,https://www.openstreetmap.org/?mlat=35.68662&mlon=51.46826#map=17/35.68662/51.46826,B
منطقه ۱۴ شهر تهران,بروجردي,tehran:hdcc9693783,نایب آقا,residential,0.13,0.0,39.76,-3.1,12.59,35.69,51.47,https://www.openstreetmap.org/?mlat=35.68627&mlon=51.46623#map=17/35.68627/51.46623,B
منطقه ۱۴ شهر تهران,آهنگ شرقي,tehran:h031c8070a9,شهید برادران یوسفی,residential,0.11,43.9,40.21,-1.6,25.53,35.66,51.47,https://www.openstreetmap.org/?mlat=35.66392&mlon=51.47141#map=17/35.66392/51.47141,A
منطقه ۱۴ شهر تهران,آهنگ شرقي,tehran:h031c8070a9,رضائی اصفهانی,residential,0.21,43.9,40.34,-1.3,25.97,35.67,51.47,https://www.openstreetmap.org/?mlat=35.66696&mlon=51.47268#map=17/35.66696/51.47268,A
منطقه ۱۴ شهر تهران,آهنگ شرقي,tehran:h031c8070a9,خسروی,residential,0.53,43.9,41.16,0.8,28.27,35.67,51.47,https://www.openstreetmap.org/?mlat=35.66721&mlon=51.47418#map=17/35.66721/51.47418,A
منطقه ۱۴ شهر تهران,آهنگ شرقي,tehran:h031c8070a9,محمود بنوفاطمه,residential,0.12,60.61,40.07,-1.9,29.11,35.67,51.47,https://www.openstreetmap.org/?mlat=35.66700&mlon=51.47118#map=17/35.66700/51.47118,A
منطقه ۱۴ شهر تهران,آهنگ شرقي,tehran:h031c8070a9,سلیمی,residential,0.14,82.42,39.21,-4.0,32.01,35.67,51.47,https://www.openstreetmap.org/?mlat=35.66507&mlon=51.47080#map=17/35.66507/51.47080,A
منطقه ۱۴ شهر تهران,آهنگ شرقي,tehran:h031c8070a9,صاحب الزمان جنوبی,residential,0.12,81.08,39.91,-2.3,33.43,35.67,51.47,https://www.openstreetmap.org/?mlat=35.66921&mlon=51.46742#map=17/35.66921/51.46742,A
منطقه ۱۴ شهر تهران,آهنگ غربي,tehran:hc9a5d4c163,۳۴ مشتاقی,residential,0.12,0.0,39.36,-9.6,11.6,35.66,51.49,https://www.openstreetmap.org/?mlat=35.65851&mlon=51.48812#map=17/35.65851/51.48812,A
منطقه ۱۴ شهر تهران,آهنگ غربي,tehran:hc9a5d4c163,۳۲,residential,0.13,0.0,39.5,-9.3,11.97,35.66,51.49,https://www.openstreetmap.org/?mlat=35.65888&mlon=51.48824#map=17/35.65888/51.48824,A
منطقه ۱۴ شهر تهران,آهنگ غربي,tehran:hc9a5d4c163,اول شرقی,residential,0.11,0.0,39.61,-9.1,12.18,35.66,51.49,https://www.openstreetmap.org/?mlat=35.65688&mlon=51.48694#map=17/35.65688/51.48694,A
منطقه ۱۴ شهر تهران,آهنگ غربي,tehran:hc9a5d4c163,دوم شرقی,residential,0.13,0.0,39.66,-8.9,12.32,35.66,51.49,https://www.openstreetmap.org/?mlat=35.65732&mlon=51.48711#map=17/35.65732/51.48711,A
منطقه ۱۴ شهر تهران,آهنگ غربي,tehran:hc9a5d4c163,اقاقیا - احترامی,residential,0.11,0.0,40.53,-6.9,14.76,35.66,51.49,https://www.openstreetmap.org/?mlat=35.65744&mlon=51.48641#map=17/35.65744/51.48641,A
منطقه ۱۴ شهر تهران,آهنگ غربي,tehran:hc9a5d4c163,مبارز شرقی,residential,0.29,0.0,40.59,-6.8,14.91,35.66,51.49,https://www.openstreetmap.org/?mlat=35.65791&mlon=51.48654#map=17/35.65791/51.48654,A
منطقه ۱۴ شهر تهران,قيام,tehran:h65780b36b2,سعید شیخی,residential,0.55,70.92,44.63,-2.2,43.15,35.67,51.48,https://www.openstreetmap.org/?mlat=35.66916&mlon=51.47783#map=17/35.66916/51.47783,B
منطقه ۱۴ شهر تهران,قيام,tehran:h65780b36b2,شاهد هفتم غربی,residential,0.11,78.06,44.26,-3.0,43.94,35.67,51.47,https://www.openstreetmap.org/?mlat=35.67122&mlon=51.47356#map=17/35.67122/51.47356,B
منطقه ۱۴ شهر تهران,قيام,tehran:h65780b36b2,شاهد هفتم,residential,0.15,78.06,44.37,-2.8,44.17,35.67,51.48,https://www.openstreetmap.org/?mlat=35.67097&mlon=51.47518#map=17/35.67097/51.47518,B
منطقه ۱۴ شهر تهران,قيام,tehran:h65780b36b2,قیام,tertiary,1.39,76.02,44.69,-2.1,44.4,35.67,51.48,https://www.openstreetmap.org/?mlat=35.67150&mlon=51.47683#map=17/35.67150/51.47683,B
منطقه ۱۴ شهر تهران,قيام,tehran:h65780b36b2,شاهد,tertiary,0.84,78.06,44.48,-2.5,44.41,35.67,51.47,https://www.openstreetmap.org/?mlat=35.67135&mlon=51.47431#map=17/35.67135/51.47431,B
منطقه ۱۴ شهر تهران,قيام,tehran:h65780b36b2,حسین پاکزادیان,residential,0.16,78.06,44.76,-1.9,45.09,35.67,51.48,https://www.openstreetmap.org/?mlat=35.67138&mlon=51.47560#map=17/35.67138/51.47560,B
