neighborhood_id,name_fa,district,area_km2,road_km_local,road_km_collector,road_km_arterial,road_km_pedestrian,n_subunits,street_light_index,index_ci95_low,index_ci95_high,score_0_100,lighting_class,index_main_spec,index_spec_min,index_spec_max,index_no_commerce_term,index_subunit_min,index_subunit_max,dark_pocket_share_pct,index_npp_2025,index_npp_2024,index_npp_2023,index_j01_2025,index_j01_2024,index_j01_2023,index_y2025,index_y2024,index_y2023,index_change_2023_2025_points,index_leafoff,index_leafon,canopy_seasonal_loss_pct,rad_obs_local_collector,obs_score_0_100,rad_obs_2023,rad_obs_2025,rad_obs_change_2023_2025_pct,rad_obs_p10,dark_share_obs_pct,rad_area_obs,rad_area_model,share_local_own_pct,share_local_neighbors_spill_pct,share_arterial_pct,share_collector_pct,share_commerce_retail_fuel_pct,share_industrial_airport_sports_other_pct,share_background_pct,nights_valid,local_drop_nights_pct,ci_halfwidth_points,year_sd_points,sensor_diff_points,quality_grade,field_priority,boundary_note
tehran:m2106,شهرک دانشگاه تهران,منطقه ۲۱ شهر تهران,5.708,41.44,15.69,22.58,0.59,14,305.6,232.0,313.5,95.9,خیلی پرنور,307.1,232.2,311.7,232.2,137.6,587.8,0.0,304.7,308.6,290.5,269.9,311.9,300.5,300.2,327.2,287.9,12.3,302.5,291.9,2.3,60.59,94.6,55.25,62.11,12.4,39.95,9.1,58.59,53.93,44.2,13.9,10.6,10.2,3.4,14.6,3.1,378,0.0,40.8,20.1,-34.8,B,,
tehran:m506,شهرک کوهسار,منطقه ۵ شهر تهران,0.26,5.41,1.3,0.53,0.15,4,147.5,59.6,219.3,69.2,پرنور,148.0,60.5,218.5,165.8,126.1,258.8,0.0,143.1,139.9,130.0,188.4,156.9,127.4,162.6,151.1,132.3,30.3,152.2,136.1,-0.2,45.59,52.2,43.17,46.91,8.7,44.42,0.0,45.67,46.95,42.7,11.9,9.4,17.1,15.5,0.0,3.5,324,0.0,79.9,15.3,45.3,C,,
tehran:m507,المهدی - سیمون بولیوار,منطقه ۵ شهر تهران,1.627,21.57,9.84,14.75,3.93,5,51.9,16.7,77.8,26.1,کم‌نور,51.0,17.0,77.3,54.2,0.0,126.1,29.5,52.9,39.9,58.0,70.8,62.9,80.3,51.2,38.0,65.1,-13.9,50.9,48.5,-1.4,46.23,54.0,44.97,46.17,2.7,42.63,0.0,46.11,46.39,9.1,29.5,21.9,20.7,15.3,0.0,3.6,319,0.0,30.6,13.6,17.9,B,,
tehran:m524,مهران - پیامبر,منطقه ۵ شهر تهران,1.359,18.06,5.42,7.85,2.36,7,137.1,126.7,153.7,66.5,پرنور,135.0,128.4,152.4,142.9,98.8,168.4,0.0,139.1,133.7,125.9,141.6,157.7,126.7,135.5,140.4,116.9,18.6,137.7,125.6,-1.2,51.28,74.0,49.13,50.51,2.8,49.51,0.0,51.34,51.61,22.5,23.0,16.1,11.9,23.3,0.0,3.2,375,0.0,13.5,12.4,2.5,A,,
tehran:m517,شهر زیبا,منطقه ۵ شهر تهران,0.633,7.46,1.35,9.38,0.57,6,217.5,167.2,285.7,85.8,خیلی پرنور,204.6,167.5,285.4,167.5,73.3,240.8,0.0,201.3,198.4,195.9,210.9,211.7,189.5,209.4,203.1,188.8,20.6,203.8,200.2,-1.1,51.04,71.9,48.59,51.57,6.1,46.36,0.0,51.98,49.7,24.3,23.6,26.7,8.6,13.0,0.4,3.4,381,0.0,59.2,10.6,9.6,B,,
tehran:m2205,زیبادشت,منطقه ۲۲ شهر تهران,1.753,21.08,12.75,12.27,6.64,6,187.8,146.8,233.1,78.5,پرنور,189.8,147.3,232.9,147.3,72.6,218.5,0.0,227.8,164.1,161.8,208.1,163.2,175.5,231.1,169.2,166.2,64.9,189.0,183.5,-2.2,49.03,63.9,44.86,52.0,15.9,40.11,8.1,48.71,49.01,33.2,23.4,20.2,8.4,11.4,0.0,3.4,390,0.0,43.1,36.6,-19.7,B,,
tehran:m518,اندیشه - جوانمردان,منطقه ۵ شهر تهران,2.569,24.55,4.4,8.38,3.54,12,122.5,106.6,145.2,61.5,پرنور,132.3,107.2,144.9,112.2,51.6,240.8,0.0,131.4,122.2,135.8,141.7,133.3,127.4,133.7,127.5,131.9,1.8,132.8,131.7,-4.9,38.05,12.9,36.62,38.11,4.1,28.21,51.1,34.84,34.72,35.6,19.3,18.9,9.7,11.5,0.3,4.8,343,0.0,19.3,3.2,10.3,A,,
tehran:m509,کن,منطقه ۵ شهر تهران,1.473,25.3,2.82,4.92,1.66,10,49.9,23.1,74.7,25.1,کم‌نور,51.2,23.3,74.5,48.6,0.0,407.4,47.9,52.9,51.6,52.5,43.6,61.2,60.9,48.5,53.2,53.5,-5.0,49.6,55.2,0.5,36.55,8.7,35.45,36.71,3.6,32.99,79.8,37.47,35.97,27.0,23.0,17.6,10.8,17.0,0.0,4.6,292,0.0,25.8,2.8,-9.3,A,,
tehran:m501,بهاران,منطقه ۵ شهر تهران,2.051,14.86,3.59,2.67,0.49,9,255.9,198.6,295.3,90.8,خیلی پرنور,254.8,199.2,294.3,199.2,0.0,443.7,3.3,257.9,230.1,261.1,251.2,217.7,204.4,271.0,242.1,246.6,24.4,294.1,228.5,4.9,33.26,5.4,32.91,33.38,1.4,27.82,87.3,32.58,30.55,46.0,14.8,10.2,15.4,7.8,0.3,5.5,306,0.0,48.4,15.6,-6.7,B,,
tehran:m205,کوهسار,منطقه ۲ شهر تهران,0.471,6.04,1.65,1.79,0.09,6,239.0,153.9,338.1,88.0,خیلی پرنور,255.1,154.5,336.6,182.3,162.0,313.9,0.0,288.2,243.4,278.5,191.0,246.3,292.1,237.9,230.2,290.3,-52.4,271.7,244.5,6.6,52.17,76.2,52.46,50.27,-4.2,36.97,14.2,52.14,45.26,21.6,51.6,9.9,3.6,9.7,0.0,3.7,404,0.2,92.1,32.7,-97.2,C,,
tehran:m201,فرحزاد,منطقه ۲ شهر تهران,0.747,10.24,3.55,1.04,2.96,4,152.2,101.1,178.4,70.6,پرنور,157.7,102.2,177.1,114.1,76.5,188.8,0.0,126.5,129.8,141.2,114.8,127.0,128.8,149.6,162.6,162.4,-12.8,176.4,138.0,2.3,35.79,7.4,34.51,35.78,3.7,24.39,53.3,33.88,34.9,27.6,33.9,7.4,12.5,13.8,0.0,4.8,345,0.0,38.7,7.4,-11.7,B,,
tehran:m504,مراد آباد,منطقه ۵ شهر تهران,1.503,10.81,3.46,2.17,0.61,9,265.0,196.0,297.8,91.7,خیلی پرنور,260.3,196.9,297.0,203.0,46.9,286.4,1.2,266.5,266.8,253.7,239.9,262.4,254.5,257.8,265.3,236.1,21.7,263.5,255.3,0.7,45.45,51.0,44.96,44.36,-1.3,38.28,10.0,39.57,36.77,47.9,15.8,8.3,14.4,9.1,0.0,4.5,324,0.0,50.9,15.2,-26.6,C,,مرز در لایهٔ رسمی تقریباً بر «مرادآباد» منطبق/درون آن است
tehran:m505,شهرک نفت - سیمون بولیوار,منطقه ۵ شهر تهران,1.667,11.25,3.61,0.26,1.53,6,264.0,216.7,297.9,91.2,خیلی پرنور,265.5,217.3,295.1,217.3,76.5,335.8,0.0,256.7,253.3,254.2,259.4,246.5,235.9,282.1,263.3,247.8,34.3,260.8,265.5,1.1,39.47,18.5,37.94,40.05,5.6,18.12,26.9,28.76,27.68,39.8,23.1,5.1,13.8,12.2,0.0,6.0,337,0.0,40.6,17.2,2.7,C,,مرز در لایهٔ رسمی تقریباً بر «شهرک نفت» منطبق/درون آن است
tehran:m202,پرواز,منطقه ۲ شهر تهران,0.925,12.79,5.42,3.6,3.5,6,113.6,83.3,151.9,57.5,متوسط,110.7,85.1,151.1,85.1,21.0,188.8,14.4,117.9,115.9,101.2,137.4,102.8,100.5,115.8,107.6,106.7,9.1,108.3,112.8,-1.2,47.82,59.3,45.9,48.04,4.7,40.69,5.1,47.91,44.95,22.4,34.5,10.9,12.8,15.7,0.0,3.7,348,0.0,34.3,5.0,19.5,B,,
tehran:m1421,شاهین,منطقه ۱۴ شهر تهران,0.297,7.81,0.0,3.3,0.85,6,73.8,55.4,94.0,35.5,کم‌نور,79.2,55.9,93.6,57.0,15.3,91.0,4.1,65.4,76.0,76.5,77.6,93.4,72.8,70.1,84.3,74.2,-4.1,80.9,77.9,0.8,40.65,24.2,38.9,39.99,2.8,40.0,0.0,40.83,39.68,20.5,23.5,24.3,12.9,14.7,0.0,4.2,456,0.0,19.3,7.3,12.2,B,,
tehran:m1416,نبی اکرم,منطقه ۱۴ شهر تهران,0.321,7.43,2.11,0.33,0.01,8,72.8,13.7,96.6,34.8,کم‌نور,73.4,14.1,95.9,72.2,0.0,79.3,3.9,62.4,93.9,79.8,63.8,59.7,74.4,30.5,66.6,83.4,-52.9,70.4,66.2,2.8,42.81,39.6,40.98,42.08,2.7,40.79,0.0,42.98,41.1,17.9,16.9,12.1,32.5,16.5,0.0,4.1,456,0.0,41.4,27.0,1.4,B,,
tehran:m1408,فرزانه,منطقه ۱۴ شهر تهران,0.335,6.98,1.07,0.39,0.07,6,4.7,0.8,22.0,3.8,خیلی کم‌نور,4.4,0.8,22.0,17.5,0.0,73.5,94.4,3.6,5.7,7.7,4.0,3.5,4.8,1.2,3.9,23.7,-22.5,3.9,4.1,0.6,39.23,17.4,37.78,39.05,3.4,38.59,11.2,38.8,38.84,7.6,20.2,11.0,35.3,21.4,0.1,4.3,462,0.0,10.6,12.3,0.4,B,اولویت ۱,
tehran:m1420,شکیبا,منطقه ۱۴ شهر تهران,0.825,17.9,1.63,5.33,1.31,8,27.1,17.1,39.4,14.8,خیلی کم‌نور,27.0,18.1,38.0,27.3,15.3,87.5,77.3,24.3,26.6,32.8,30.4,26.5,31.0,23.9,29.8,35.8,-11.9,26.9,30.7,2.6,41.73,31.5,39.62,41.78,5.5,40.35,0.0,41.92,41.34,17.1,23.5,23.5,17.3,14.5,0.0,4.0,457,0.0,11.1,6.0,6.1,A,اولویت ۱,
tehran:m1415,شیوا,منطقه ۱۴ شهر تهران,0.542,14.59,4.67,0.4,1.05,10,59.0,50.6,64.0,28.6,کم‌نور,62.1,52.7,62.1,57.2,0.0,87.5,44.6,46.3,70.0,59.9,53.2,59.8,66.7,29.7,60.9,72.2,-42.5,55.3,56.3,2.1,39.95,20.2,37.95,39.98,5.3,38.25,22.4,39.78,40.03,21.1,13.3,14.7,30.5,16.2,0.0,4.2,461,0.0,6.7,22.0,6.9,B,,
tehran:m1410,نیکنام,منطقه ۱۴ شهر تهران,0.422,13.87,2.61,3.26,0.68,7,3.0,0.3,15.5,2.0,خیلی کم‌نور,2.9,0.5,14.5,14.3,0.0,39.4,100.0,0.9,4.9,16.3,12.5,3.4,24.5,0.3,1.2,28.0,-27.7,2.0,9.5,-0.4,41.11,27.9,39.35,41.28,4.9,39.88,0.1,41.27,40.33,2.7,27.7,20.4,23.9,21.0,0.0,4.1,458,0.0,7.6,15.7,11.6,B,اولویت ۱,
tehran:m1411,جابری,منطقه ۱۴ شهر تهران,0.327,9.7,1.15,1.24,0.25,7,8.5,0.8,30.0,6.4,خیلی کم‌نور,7.4,2.0,29.4,29.4,0.1,56.6,99.3,6.2,17.7,9.1,31.8,3.1,10.3,2.4,3.0,11.0,-8.6,6.8,6.4,0.1,41.18,28.1,38.86,42.44,9.2,39.56,0.0,40.41,41.81,5.0,29.7,19.7,16.9,24.7,0.0,4.0,459,0.0,14.6,4.8,25.6,B,اولویت ۱,
tehran:m1412,دژکام,منطقه ۱۴ شهر تهران,0.391,12.39,1.52,0.8,0.47,11,6.6,0.6,17.9,5.2,خیلی کم‌نور,8.0,1.0,17.7,17.7,0.0,70.9,99.5,7.2,12.7,10.8,2.6,5.2,5.5,1.6,7.5,12.3,-10.7,5.6,6.5,2.6,40.02,20.7,37.77,40.55,7.4,38.56,13.0,39.8,40.84,12.7,29.2,16.6,14.8,22.7,0.0,4.1,453,0.0,8.6,5.4,-4.6,B,اولویت ۱,
tehran:m1414,آهنگران,منطقه ۱۴ شهر تهران,0.207,6.61,0.24,2.39,0.61,11,81.0,64.9,113.1,39.4,کم‌نور,86.6,65.3,112.9,67.3,0.1,91.0,7.1,79.5,94.2,79.2,84.2,100.1,79.0,70.5,92.2,81.0,-10.5,90.8,80.0,1.5,41.39,29.5,38.95,41.23,5.9,40.83,0.0,41.71,39.53,21.1,16.4,21.0,21.1,16.2,0.0,4.2,461,0.0,24.1,10.9,4.7,B,,
tehran:m1413,مینای شمالی,منطقه ۱۴ شهر تهران,0.5,16.31,1.41,1.6,0.31,8,36.0,15.1,46.3,19.2,خیلی کم‌نور,35.8,15.4,45.8,36.3,0.0,91.0,95.6,40.5,38.3,37.6,21.0,34.6,36.4,28.5,36.4,37.9,-9.4,38.8,37.4,3.0,39.93,19.9,38.26,39.56,3.4,39.1,2.0,39.98,39.96,17.6,28.7,18.6,12.7,18.2,0.0,4.2,458,0.0,15.6,5.1,-19.5,A,اولویت ۱,
tehran:m1401,شکوفه,منطقه ۱۴ شهر تهران,0.387,9.6,0.0,2.23,0.86,10,31.6,3.9,64.0,16.4,خیلی کم‌نور,28.0,4.7,63.3,45.5,0.0,148.5,92.7,48.9,35.6,19.7,50.8,21.4,17.8,37.6,22.6,20.7,16.9,17.0,22.8,2.2,45.53,51.7,42.69,46.99,10.1,42.43,0.0,46.15,45.41,20.4,25.9,15.5,9.7,24.8,0.0,3.7,445,0.0,30.0,9.3,1.9,B,اولویت ۲,
tehran:m1402,چهارصد دستگاه,منطقه ۱۴ شهر تهران,0.304,6.92,0.73,4.39,0.34,8,35.1,9.2,47.3,18.9,خیلی کم‌نور,31.8,9.7,45.8,45.8,0.1,106.7,98.8,26.7,28.5,17.3,47.1,32.0,35.0,12.6,26.7,29.6,-17.0,29.9,33.4,-0.8,45.5,51.4,42.43,46.08,8.6,43.8,0.0,46.43,46.01,11.3,24.9,22.6,14.9,22.4,0.1,3.6,454,0.0,19.0,9.1,20.4,B,اولویت ۲,
tehran:m1404,صد دستگاه,منطقه ۱۴ شهر تهران,0.395,9.41,3.11,2.09,0.03,6,13.7,0.0,46.0,8.4,خیلی کم‌نور,12.5,1.4,45.4,45.4,0.0,40.3,100.0,1.4,8.8,39.4,37.3,12.5,44.0,1.0,1.6,55.1,-54.1,9.5,18.0,1.0,41.31,28.9,40.52,40.68,0.4,39.8,0.0,41.21,42.21,1.7,32.9,11.7,26.5,23.0,0.2,3.9,461,0.0,23.0,31.1,35.9,B,اولویت ۱,
tehran:m1409,دهم فروردین,منطقه ۱۴ شهر تهران,0.313,10.33,1.34,0.26,0.86,6,2.8,1.9,3.0,1.8,خیلی کم‌نور,2.8,1.9,2.8,2.8,0.0,64.7,98.0,1.8,3.1,2.9,2.5,2.6,3.1,0.9,2.6,3.8,-2.9,2.3,2.6,-0.5,39.05,16.1,37.76,38.79,2.7,38.31,34.1,38.76,40.11,5.7,23.8,15.4,31.7,19.2,0.1,4.2,461,0.0,0.6,1.5,0.7,B,اولویت ۱,
tehran:m1405,پرستار,منطقه ۱۴ شهر تهران,0.678,11.15,3.88,4.77,1.13,11,6.2,0.4,32.1,4.9,خیلی کم‌نور,7.4,0.5,32.1,32.1,0.0,140.0,99.7,6.2,9.7,8.0,7.8,7.5,8.4,3.2,7.3,12.9,-9.7,6.4,7.2,1.7,42.95,40.2,40.4,43.27,7.1,40.17,0.0,43.76,45.11,14.8,21.5,18.5,19.1,22.3,0.3,3.7,437,0.0,15.8,4.9,1.6,B,اولویت ۲,
tehran:m1417,ابوذر,منطقه ۱۴ شهر تهران,1.133,20.66,5.67,6.44,0.19,14,32.9,8.9,40.9,17.1,خیلی کم‌نور,26.6,9.4,40.2,40.1,0.0,206.2,97.7,18.0,33.3,30.6,26.1,28.8,25.2,6.1,26.6,43.6,-37.5,22.0,29.6,-0.1,43.92,43.5,41.92,43.98,4.9,39.93,0.0,43.88,44.46,18.0,23.4,16.2,24.5,14.0,0.1,3.7,428,0.0,16.0,18.8,8.1,A,اولویت ۲,
tehran:m1312,دهقان - کوکاکولا,منطقه ۱۳ شهر تهران,0.553,14.27,0.87,0.7,0.01,5,130.5,108.2,142.4,64.7,پرنور,133.3,109.2,140.7,118.7,61.4,176.8,0.0,115.1,137.2,133.0,109.3,138.7,115.6,105.6,140.4,124.0,-18.4,140.8,122.9,1.5,43.85,43.1,43.24,41.66,-3.7,38.62,9.8,44.33,42.45,30.7,26.7,8.1,11.3,18.8,0.5,3.9,453,0.0,17.1,17.4,-5.8,B,,
tehran:m1311,زاهد گیلانی,منطقه ۱۳ شهر تهران,0.506,15.34,0.5,3.71,0.56,6,117.7,80.7,148.1,59.3,متوسط,122.1,81.2,147.5,113.3,46.0,269.0,0.4,103.8,113.2,104.2,105.4,130.4,108.8,100.6,127.6,108.2,-7.6,114.8,119.3,-2.4,49.59,65.3,47.62,47.7,0.2,47.72,0.0,49.5,50.43,31.7,19.4,18.4,9.6,17.2,0.3,3.3,440,0.0,33.7,13.9,1.6,B,,
tehran:m1301,شهید اسدی,منطقه ۱۳ شهر تهران,0.546,13.84,0.46,6.15,1.59,13,112.0,89.4,148.2,56.5,متوسط,120.7,90.5,147.6,90.5,13.1,203.0,1.9,91.5,110.2,98.7,106.4,119.1,107.8,100.0,122.2,112.5,-12.5,107.4,125.6,-3.9,53.1,80.1,51.08,50.88,-0.4,50.45,0.0,53.72,54.28,32.6,26.4,16.7,5.5,15.6,0.2,3.1,418,0.0,29.4,11.1,14.9,B,,
tehran:m1310,صفا,منطقه ۱۳ شهر تهران,0.868,16.18,2.91,6.3,1.03,7,30.2,17.2,63.4,15.9,خیلی کم‌نور,21.6,17.3,62.4,38.2,13.1,117.7,60.4,51.4,34.3,11.0,36.5,32.0,5.8,51.1,26.8,7.3,43.8,21.6,16.6,-1.9,49.74,66.4,45.36,49.73,9.6,48.01,0.0,49.71,49.72,19.5,30.5,18.8,8.3,19.5,0.1,3.4,435,0.0,23.1,21.9,-14.9,B,اولویت ۲,
tehran:m1205,آبشار,منطقه ۱۲ شهر تهران,0.774,20.0,1.73,3.28,1.26,9,78.8,54.8,113.3,38.9,کم‌نور,76.9,55.7,113.0,68.5,0.0,148.5,0.8,62.7,61.1,66.4,74.0,67.9,62.1,77.9,75.4,64.2,13.7,90.5,69.6,3.1,47.71,58.8,45.84,47.49,3.6,45.08,0.0,47.75,47.93,39.1,13.9,11.9,4.6,26.9,0.0,3.5,376,0.0,29.2,7.3,11.3,A,,
tehran:m1206,امام زاده یحیی,منطقه ۱۲ شهر تهران,0.683,17.94,0.13,1.36,0.33,7,88.3,30.4,138.9,42.1,متوسط,91.1,30.8,138.3,62.9,0.0,118.7,52.1,115.9,104.3,101.8,94.6,91.7,112.6,91.1,85.4,105.4,-14.3,79.2,117.4,-2.6,52.4,77.9,50.9,52.18,2.5,50.12,0.0,52.75,48.87,18.9,21.0,9.3,2.2,45.2,0.0,3.4,239,0.0,54.2,10.3,-21.3,C,,مرز در لایهٔ رسمی تقریباً بر «امامزاده یحیی» منطبق/درون آن است
tehran:m1204,ایران,منطقه ۱۲ شهر تهران,1.212,23.76,4.27,2.81,1.02,9,133.0,119.0,148.0,65.5,پرنور,135.1,120.1,147.1,121.4,31.0,148.5,0.3,124.8,114.4,143.1,120.1,132.6,130.6,131.1,131.6,142.8,-11.7,143.4,130.4,2.3,51.25,73.5,49.85,50.61,1.5,48.46,0.0,52.44,51.82,38.5,7.1,9.6,4.2,37.3,0.0,3.2,372,0.0,14.5,6.6,-4.7,B,,
tehran:m1207,پامنار,منطقه ۱۲ شهر تهران,1.207,19.86,1.52,2.86,6.31,7,5.3,0.0,201.1,4.6,خیلی کم‌نور,6.0,0.0,201.1,201.1,0.0,46.3,100.0,11.0,8.8,8.7,5.5,8.1,8.0,3.5,6.9,7.7,-4.2,7.6,7.3,0.3,53.5,81.8,51.35,52.59,2.4,47.1,0.0,55.84,56.18,0.8,15.0,7.3,1.6,72.3,0.1,3.0,215,0.0,100.6,2.2,-5.5,C,اولویت ۳ (درجهٔ C),
tehran:m1202,بهارستان,منطقه ۱۲ شهر تهران,1.529,29.11,5.61,8.27,2.9,10,0.4,0.3,94.2,0.5,خیلی کم‌نور,0.3,0.3,94.2,94.2,0.0,101.3,99.7,0.3,0.3,0.4,0.3,0.4,0.4,0.3,0.4,0.4,-0.1,0.3,0.3,2.0,55.85,88.2,52.98,54.42,2.7,50.53,0.0,56.08,59.18,4.5,10.2,11.7,2.9,67.7,0.0,2.8,313,0.0,47.0,0.1,0.0,C,اولویت ۳ (درجهٔ C),
tehran:m1203,دروازه شمیران,منطقه ۱۲ شهر تهران,1.223,29.43,2.14,4.73,0.8,10,90.4,72.5,93.3,44.0,متوسط,91.5,72.9,91.5,72.9,0.0,148.3,14.4,73.4,90.4,94.6,75.0,90.1,96.2,76.2,97.3,94.3,-18.1,85.1,92.2,0.0,50.72,71.1,48.9,49.21,0.6,47.38,0.0,51.29,50.78,29.1,18.2,14.4,4.4,30.6,0.0,3.3,417,0.0,10.4,11.4,1.6,B,,
tehran:m718,نظام آباد,منطقه ۷ شهر تهران,0.548,11.81,0.72,3.92,0.91,5,122.5,108.3,139.4,61.5,پرنور,123.3,109.5,138.3,109.5,63.8,184.9,0.0,111.8,109.9,138.8,107.8,124.4,143.8,104.3,118.3,144.4,-40.1,116.1,127.2,-4.9,55.37,87.0,55.15,53.0,-3.9,47.65,0.0,56.37,53.56,23.5,33.5,17.1,4.0,18.8,0.1,3.1,409,0.0,15.6,20.4,-4.0,B,,
tehran:m719,گرگان,منطقه ۷ شهر تهران,0.432,11.64,0.34,2.29,0.46,10,125.7,112.7,143.5,63.2,پرنور,129.0,114.2,142.6,120.6,0.0,184.9,4.6,122.3,120.1,145.9,97.4,126.8,145.7,115.4,123.2,144.9,-29.5,126.6,123.5,-3.5,52.59,78.8,53.03,50.6,-4.6,44.09,0.0,53.3,50.84,29.3,23.3,17.5,3.1,23.5,0.1,3.3,417,0.0,15.4,15.3,-24.9,B,,
tehran:m1302,اشراقی,منطقه ۱۳ شهر تهران,0.726,14.51,0.86,2.96,0.45,8,74.6,52.2,104.8,36.2,کم‌نور,81.7,53.6,104.1,64.3,10.6,203.0,33.6,69.6,77.2,106.3,58.2,75.6,106.2,70.6,75.9,104.6,-34.0,82.5,80.2,-2.7,37.13,10.7,36.93,35.96,-2.6,30.39,61.1,37.99,37.31,17.9,43.2,12.5,4.8,16.7,0.5,4.5,430,0.0,26.3,18.3,-11.4,B,,
tehran:m1514,اسلام آباد - والفجر,منطقه ۱۵ شهر تهران,1.688,24.58,0.12,12.04,5.58,8,33.1,20.7,52.3,17.6,خیلی کم‌نور,27.1,21.5,51.4,26.0,0.0,84.1,63.6,72.0,49.9,10.0,63.2,37.5,3.5,71.5,79.4,5.3,66.2,49.0,13.7,12.7,40.07,21.2,30.36,45.76,50.7,28.15,73.1,37.64,32.64,16.2,33.9,30.1,0.3,13.1,1.3,5.1,429,0.5,15.8,40.7,-8.8,C,اولویت ۳ (درجهٔ C),
tehran:m1504,بلوار ابوذر - آهنگ,منطقه ۱۵ شهر تهران,3.003,39.53,0.78,28.8,15.43,11,105.2,89.3,115.1,53.7,متوسط,106.3,89.4,114.4,89.4,0.0,187.1,22.3,104.2,108.1,89.5,103.2,115.4,94.8,108.0,119.4,90.3,17.7,111.6,97.6,6.6,42.97,40.5,37.79,44.94,18.9,39.73,0.8,43.33,41.56,31.1,22.2,30.0,1.8,10.8,0.0,4.0,444,0.0,12.9,14.7,-1.0,A,,
tehran:m1513,بروجردی - دهقان,منطقه ۱۵ شهر تهران,0.866,7.49,0.0,9.63,2.19,6,193.7,158.5,248.0,80.3,خیلی پرنور,210.1,159.7,247.7,159.7,64.7,215.7,0.0,230.0,197.3,136.4,245.6,226.4,172.5,228.3,209.6,145.9,82.4,208.8,206.1,-2.8,43.45,42.7,38.53,44.36,15.1,39.59,5.5,41.4,38.97,21.4,31.4,33.7,2.6,6.5,0.0,4.3,452,0.0,44.8,43.2,15.6,C,,
tehran:m1509,ولیعصر - بیسیم,منطقه ۱۵ شهر تهران,0.584,9.81,0.78,1.6,11.25,8,82.8,64.4,112.1,40.2,کم‌نور,86.8,65.2,111.9,65.2,67.9,99.0,0.0,88.5,83.9,77.9,73.0,83.1,71.6,91.2,88.9,76.9,14.3,84.5,79.5,4.1,39.83,19.4,36.77,40.58,10.4,38.65,8.8,39.99,39.81,36.8,27.3,15.4,5.3,10.7,0.3,4.2,429,0.0,23.8,7.7,-15.5,B,,
tehran:m1113,قلمستان - براداران جوادیان,منطقه ۱۱ شهر تهران,0.406,10.16,1.37,1.69,0.11,8,113.4,97.9,137.3,57.3,متوسط,113.6,100.5,136.8,136.8,0.0,168.4,1.4,135.0,99.6,94.7,120.4,118.8,103.5,127.0,108.0,100.8,26.2,111.8,107.9,1.6,45.96,53.2,43.61,46.13,5.8,43.39,0.0,45.95,45.66,22.9,35.5,11.9,0.1,25.6,0.4,3.6,380,0.0,19.7,13.5,-14.6,B,,
tehran:m1118,راه آهن,منطقه ۱۱ شهر تهران,0.36,10.75,0.02,2.15,0.21,10,188.6,160.7,227.3,79.0,پرنور,181.7,161.9,226.5,161.9,20.6,290.0,1.7,188.3,171.3,190.4,172.6,166.8,184.1,186.5,170.4,188.5,-2.0,160.9,183.5,-3.5,55.7,87.7,54.77,54.98,0.4,52.1,0.0,58.03,52.31,50.2,17.8,13.1,0.9,13.6,1.2,3.2,360,0.0,33.3,9.9,-15.7,B,,
tehran:m1117,آگاهی,منطقه ۱۱ شهر تهران,0.465,11.91,0.0,1.85,0.23,8,46.3,4.1,83.5,22.5,کم‌نور,38.6,4.7,82.3,53.9,20.6,206.6,50.4,35.5,47.3,24.3,24.8,51.2,10.8,38.1,53.8,24.0,14.1,33.4,36.9,-2.7,48.17,60.6,45.88,47.76,4.1,43.84,0.0,47.06,50.37,32.7,32.9,12.3,0.3,18.0,0.4,3.3,368,0.0,39.7,14.9,-10.7,B,,
tehran:m1112,فروزش - امیر بهادر,منطقه ۱۱ شهر تهران,0.56,17.28,0.01,1.92,0.43,10,47.8,16.1,69.0,23.8,کم‌نور,54.7,16.9,67.7,16.9,0.0,116.8,91.1,33.4,64.9,61.4,57.6,57.4,49.3,47.4,60.1,55.1,-7.7,66.1,47.5,1.9,42.34,35.9,41.09,41.41,0.8,41.32,0.0,42.3,41.27,29.9,28.7,11.4,0.2,25.7,0.1,4.0,355,0.0,26.4,6.4,24.2,A,,
tehran:m1213,تختی,منطقه ۱۲ شهر تهران,0.859,22.53,0.42,3.89,0.65,7,116.2,75.1,159.6,58.6,متوسط,119.2,75.5,159.3,75.5,20.6,159.7,1.1,103.4,102.3,122.9,103.4,111.0,120.2,104.8,114.8,126.1,-21.3,129.9,117.5,0.8,50.54,70.3,49.36,49.41,0.1,45.27,0.0,51.15,51.01,33.9,30.6,10.2,1.4,19.9,0.7,3.3,316,0.0,42.2,10.7,0.0,B,,
tehran:m1511,مطهری,منطقه ۱۵ شهر تهران,1.144,17.07,0.25,7.34,4.33,12,64.5,41.1,89.0,31.7,کم‌نور,74.5,41.3,88.4,54.5,26.0,190.5,24.7,84.0,76.7,54.0,88.8,78.7,56.5,86.8,77.4,54.6,32.2,78.8,66.4,3.7,40.26,22.5,37.1,41.41,11.6,37.88,20.7,40.24,40.05,22.5,36.7,20.2,3.6,11.3,1.5,4.2,419,0.0,24.0,16.6,4.8,A,,
tehran:m1501,شوش,منطقه ۱۵ شهر تهران,0.467,11.93,0.61,2.23,4.3,9,72.9,64.3,80.0,35.0,کم‌نور,74.1,65.0,79.0,69.3,29.7,94.9,7.1,72.2,76.6,61.5,70.2,87.8,51.3,72.2,82.6,59.2,13.0,75.2,75.2,2.3,42.26,34.8,39.35,42.18,7.2,40.25,0.0,42.04,42.23,28.5,28.1,13.6,4.4,21.1,0.4,3.9,355,0.0,7.9,11.7,-2.0,B,,
tehran:m1510,مظاهری,منطقه ۱۵ شهر تهران,0.618,16.58,0.89,2.75,3.2,7,56.0,43.0,70.7,26.9,کم‌نور,58.0,43.8,70.2,70.2,42.4,181.2,60.5,56.2,55.7,66.8,48.5,62.3,57.0,51.5,57.0,60.7,-9.2,58.4,58.8,2.1,42.97,40.5,40.87,42.9,5.0,40.57,0.0,43.98,44.06,26.1,30.1,14.5,4.9,19.8,1.0,3.8,351,0.0,13.8,4.6,-7.7,A,,
tehran:m1210,قیام,منطقه ۱۲ شهر تهران,0.688,17.15,0.77,4.96,0.63,8,106.8,89.5,124.6,54.7,متوسط,107.6,89.8,123.6,89.8,0.0,114.7,1.4,93.1,104.1,110.7,98.3,115.5,112.4,98.5,112.3,110.2,-11.7,108.5,104.6,2.6,45.11,49.6,43.38,44.07,1.6,42.76,0.0,45.23,45.04,27.2,26.6,15.8,3.0,23.6,0.0,3.7,404,0.0,17.5,7.4,5.2,A,,
tehran:m1211,کوثر,منطقه ۱۲ شهر تهران,0.823,22.37,1.91,2.71,0.95,8,37.0,20.2,49.1,19.7,خیلی کم‌نور,39.1,20.9,48.3,20.9,29.7,103.8,96.3,32.2,38.0,22.5,38.9,27.2,40.8,38.7,37.6,31.4,7.3,46.7,32.9,3.3,42.35,36.3,39.67,42.34,6.7,40.9,0.0,42.65,42.87,20.5,33.0,13.3,3.8,25.2,0.2,3.9,346,0.0,14.4,3.9,6.7,A,اولویت ۱,
tehran:m1502,طیب,منطقه ۱۵ شهر تهران,0.816,25.17,0.32,2.68,5.95,10,68.1,60.7,95.0,33.8,کم‌نور,70.1,61.2,94.8,61.2,29.7,99.0,0.4,73.9,64.9,71.2,64.6,64.4,62.7,73.8,69.3,69.2,4.6,76.2,66.1,5.3,41.24,28.6,38.93,41.17,5.8,39.68,0.0,41.39,41.76,37.8,22.6,15.1,4.9,15.6,0.1,4.0,427,0.0,17.2,2.6,-9.3,A,,
tehran:m1424,دولاب,منطقه ۱۴ شهر تهران,0.654,18.6,0.02,7.2,1.83,9,26.4,16.9,36.8,14.6,خیلی کم‌نور,27.0,17.3,35.4,23.2,3.0,115.8,99.5,15.7,30.6,25.0,21.4,36.5,25.6,18.4,32.2,27.6,-9.2,24.3,28.7,2.1,40.67,24.6,38.38,40.33,5.1,38.62,9.5,40.66,41.03,28.5,22.0,27.1,4.9,13.4,0.0,4.1,456,0.0,10.0,7.0,5.7,A,اولویت ۱,
tehran:m1508,اتابک,منطقه ۱۵ شهر تهران,0.949,22.1,3.08,11.53,1.58,9,60.7,48.2,69.8,29.7,کم‌نور,65.3,48.8,68.8,48.8,13.4,151.0,48.6,72.9,61.3,50.4,75.8,74.0,45.3,77.4,73.1,47.7,29.7,71.5,56.3,1.8,40.16,21.7,36.66,40.83,11.4,37.72,27.8,39.99,40.7,31.1,23.0,28.8,5.9,7.1,0.0,4.1,445,0.0,10.8,16.1,2.9,A,,
tehran:m2020,عباس آباد شهر ری,منطقه ۲۰ شهر تهران,0.222,4.94,1.46,0.49,0.12,5,3.5,0.1,9.6,2.3,خیلی کم‌نور,3.3,0.3,9.5,3.8,0.0,36.7,100.0,9.4,9.9,1.7,4.7,7.7,0.1,4.9,9.4,0.4,4.5,0.6,2.5,-16.0,25.56,0.5,23.17,28.73,24.0,23.0,100.0,26.42,18.85,0.9,38.8,10.6,32.3,3.7,4.9,8.8,239,0.0,4.8,4.5,-4.7,C,اولویت ۳ (درجهٔ C),
tehran:m2019,تقی آباد,منطقه ۲۰ شهر تهران,0.511,4.74,1.93,2.03,0.11,4,277.2,224.3,361.3,93.6,خیلی پرنور,300.8,226.3,358.4,226.3,16.9,371.5,21.5,280.6,334.2,313.0,173.3,276.1,266.0,259.7,324.7,310.7,-51.0,316.3,289.0,-12.5,35.59,7.2,34.79,35.39,1.7,28.78,64.8,36.76,26.58,23.6,12.4,17.8,31.5,3.8,4.6,6.3,251,0.0,68.5,34.2,-107.3,C,,
tehran:m2018,علایین,منطقه ۲۰ شهر تهران,1.249,17.28,4.94,11.15,1.48,6,1.8,0.0,22.1,1.5,خیلی کم‌نور,3.5,0.0,21.2,11.3,0.0,15.9,100.0,9.4,0.7,11.1,23.3,34.5,35.3,6.8,0.5,8.3,-1.5,0.6,2.5,-6.3,33.3,5.6,32.37,33.28,2.8,24.95,89.5,33.57,28.67,0.8,26.9,27.2,28.7,8.6,2.0,5.8,259,0.0,11.0,4.1,13.9,A,اولویت ۱,
tehran:m2014,محله استخر شهرری,منطقه ۲۰ شهر تهران,0.439,8.88,2.25,1.28,0.27,9,176.8,148.4,229.7,76.2,پرنور,179.3,150.3,228.8,152.8,0.0,191.8,3.7,171.3,188.8,165.6,150.3,163.8,147.1,173.7,179.4,168.8,4.9,186.5,158.1,2.2,50.07,68.3,46.14,53.6,16.2,44.35,0.0,48.48,48.88,34.6,12.8,16.4,18.7,14.1,0.0,3.4,342,0.0,40.6,5.3,-21.0,B,,
tehran:m2016,ولی آباد,منطقه ۲۰ شهر تهران,0.866,16.36,2.86,6.03,4.48,7,18.6,9.0,28.1,10.9,خیلی کم‌نور,20.8,9.7,26.3,17.7,0.0,311.3,97.0,20.7,26.8,12.1,25.9,37.4,14.8,23.1,30.8,18.9,4.2,8.0,24.5,-5.1,49.76,66.8,47.51,51.87,9.2,34.01,21.0,55.18,40.97,18.1,19.9,21.2,20.0,14.7,1.9,4.1,317,0.0,9.6,6.0,5.2,A,اولویت ۲,
tehran:m2013,سرتخت,منطقه ۲۰ شهر تهران,0.38,6.77,0.82,1.21,0.72,5,265.3,209.7,394.7,92.1,خیلی پرنور,267.1,210.7,394.1,225.6,136.2,311.3,0.0,257.7,212.9,197.2,192.6,226.1,139.1,280.7,268.0,253.3,27.4,254.4,267.0,-15.4,86.39,100.0,87.68,83.46,-4.8,65.94,0.0,84.95,53.78,29.5,20.8,12.6,17.8,15.7,0.4,3.1,337,0.6,92.5,13.7,-65.1,C,,
tehran:m2011,اقدسیه شهرری,منطقه ۲۰ شهر تهران,0.589,14.79,0.5,2.36,0.34,8,139.5,99.2,169.7,67.0,پرنور,147.8,99.8,168.9,131.2,0.0,183.2,2.3,161.4,143.8,124.9,132.6,145.3,127.3,170.4,148.0,134.2,36.2,148.0,151.0,-0.9,50.54,70.3,46.11,54.76,18.8,44.78,0.0,49.67,52.92,33.2,19.2,14.1,15.7,14.7,0.0,3.1,345,0.0,35.2,18.3,-28.8,B,,
tehran:m2012,فیروز آبادی,منطقه ۲۰ شهر تهران,0.776,16.43,2.94,2.71,1.27,6,92.1,64.8,157.7,45.4,متوسط,90.2,66.0,157.5,92.6,0.0,200.1,31.2,87.4,79.9,66.8,115.4,95.4,67.7,91.9,92.8,77.8,14.1,78.1,89.7,-6.0,57.14,90.4,52.9,59.48,12.4,43.28,0.0,58.56,55.25,15.6,36.6,11.2,18.0,15.4,0.1,3.0,352,0.0,46.4,8.4,28.0,C,,مرز در لایهٔ رسمی تقریباً بر «فیروزآبادی» منطبق/درون آن است
tehran:m2009,شهید غیوری,منطقه ۲۰ شهر تهران,0.438,5.0,0.8,4.13,1.08,6,269.6,214.7,473.5,92.6,خیلی پرنور,295.4,215.1,473.3,226.9,13.8,297.9,0.6,279.2,261.2,248.9,257.1,280.0,244.9,322.2,301.9,254.0,68.2,295.8,297.5,-3.4,52.91,79.5,48.48,56.73,17.0,50.24,0.0,53.21,48.88,27.3,24.3,17.1,15.5,12.3,0.0,3.4,356,0.0,129.4,35.0,-22.1,C,,
tehran:m2008,دیلمان,منطقه ۲۰ شهر تهران,1.097,24.18,3.39,4.68,4.24,8,60.3,20.3,72.8,29.2,کم‌نور,66.8,20.6,71.9,54.3,0.0,297.9,40.1,76.5,71.0,66.0,72.3,80.4,74.5,74.4,70.3,61.7,12.7,61.5,64.4,-2.3,47.88,59.8,44.25,51.05,15.4,42.82,0.0,48.55,48.02,28.5,20.0,17.8,18.9,11.2,0.1,3.5,360,0.0,26.2,6.5,-4.2,A,,
tehran:m2006,منصوریه منگل,منطقه ۲۰ شهر تهران,0.461,8.74,1.18,4.83,0.24,10,118.3,80.1,260.9,59.6,متوسط,122.6,80.8,260.8,96.7,0.0,180.3,1.0,117.3,128.9,93.4,100.0,125.2,95.8,129.4,133.0,94.3,35.1,136.4,119.6,-1.2,46.44,55.2,43.02,48.97,13.8,43.62,0.0,46.3,46.77,31.8,19.4,18.9,17.5,8.7,0.1,3.6,358,0.0,90.4,21.4,-17.3,C,,
tehran:m1911,دولتخواه جنوبی,منطقه ۱۹ شهر تهران,1.669,8.85,2.87,7.09,6.12,8,202.8,148.6,234.2,82.6,خیلی پرنور,202.2,149.4,233.4,149.4,18.3,307.2,31.7,205.0,183.4,192.1,183.8,183.4,163.9,227.3,204.7,178.7,48.6,181.5,219.1,-8.8,31.38,4.5,29.48,32.71,11.0,29.0,100.0,33.11,33.09,24.9,27.9,18.9,14.4,8.8,0.1,5.0,300,0.0,42.8,24.3,-21.2,C,,مرز در لایهٔ رسمی تقریباً بر «دولتخواه» منطبق/درون آن است
tehran:m1903,اسفندیاری و بستان,منطقه ۱۹ شهر تهران,1.07,15.26,3.78,6.1,2.88,11,73.3,60.2,89.1,35.3,کم‌نور,70.5,60.7,88.7,60.7,0.0,431.0,42.9,115.0,82.7,69.8,100.9,77.4,68.1,97.9,67.7,60.4,37.5,77.0,62.5,-0.7,52.69,79.3,51.04,54.22,6.2,39.15,7.5,53.0,52.76,26.6,25.9,13.5,19.0,11.4,0.4,3.2,401,0.0,14.4,19.9,-14.1,A,,
tehran:m1815,شهرک صادقیه,منطقه ۱۸ شهر تهران,0.313,3.93,2.37,1.48,0.18,3,242.9,181.7,380.8,88.2,خیلی پرنور,269.2,182.4,380.4,197.2,172.6,260.3,0.0,215.0,257.3,266.2,178.8,259.6,225.0,206.0,324.5,310.0,-104.0,234.5,269.5,-4.4,44.18,44.2,47.37,42.52,-10.2,42.38,0.0,44.75,41.08,15.4,16.7,19.2,27.5,17.2,0.0,4.1,331,0.0,99.6,64.6,-36.2,C,,
tehran:m1712,جلیلی,منطقه ۱۷ شهر تهران,0.379,12.18,1.46,0.0,0.26,9,8.0,4.6,28.1,6.1,خیلی کم‌نور,6.9,4.7,28.1,28.1,0.0,132.0,96.8,13.9,4.5,3.8,17.8,6.8,3.3,14.7,4.6,3.7,11.0,8.1,7.0,2.7,36.72,9.0,34.09,38.85,14.0,35.71,100.0,36.53,37.7,17.7,13.5,12.2,17.0,35.2,0.0,4.4,414,0.0,11.8,6.1,3.9,B,اولویت ۱,
tehran:m1714,زهتابی,منطقه ۱۷ شهر تهران,0.757,13.45,1.55,4.52,2.01,4,20.0,0.2,34.0,11.5,خیلی کم‌نور,5.3,0.3,33.5,29.4,14.5,61.4,99.5,2.1,5.4,12.6,0.3,2.2,8.8,0.4,8.7,14.6,-14.2,10.1,11.6,0.8,39.08,16.4,37.36,40.48,8.4,37.03,53.4,39.08,39.25,3.8,22.4,22.1,19.8,27.7,0.0,4.2,374,0.0,16.9,7.1,-1.8,B,اولویت ۱,
tehran:m1709,سجاد,منطقه ۱۷ شهر تهران,0.564,15.33,0.63,0.82,0.37,8,4.4,1.3,27.4,3.3,خیلی کم‌نور,4.3,1.5,27.4,27.4,0.0,57.6,98.6,5.4,6.0,6.7,7.7,5.9,4.0,4.8,5.3,4.7,0.1,5.8,3.8,3.6,37.42,11.3,34.72,39.67,14.3,36.36,89.5,37.1,37.79,7.0,23.3,12.3,12.3,40.5,0.2,4.4,439,0.0,13.0,0.3,2.3,B,اولویت ۱,
tehran:m1710,گلچین,منطقه ۱۷ شهر تهران,0.464,15.28,3.77,0.0,0.0,6,33.4,23.9,50.5,18.2,خیلی کم‌نور,27.3,27.3,50.0,36.8,1.6,110.6,96.3,8.0,41.5,18.4,24.2,54.6,16.4,15.2,48.0,21.3,-6.1,30.8,20.1,1.5,38.12,13.3,36.37,38.19,5.0,37.21,75.1,38.15,38.15,20.9,18.6,13.4,15.9,26.8,0.0,4.4,424,0.0,13.3,17.4,16.2,A,اولویت ۱,
tehran:m1116,انبار نفت,منطقه ۱۱ شهر تهران,0.646,11.37,3.26,3.76,5.26,6,158.0,116.1,181.8,73.1,پرنور,157.3,116.9,180.9,116.9,64.6,206.6,0.0,165.3,151.6,151.8,160.2,148.8,156.0,169.3,159.4,143.8,25.5,144.4,162.4,-1.0,53.01,79.8,50.38,53.13,5.5,48.69,0.0,52.49,50.76,34.5,25.9,17.3,2.4,16.2,0.5,3.3,380,0.0,32.9,12.9,-5.1,B,,
tehran:m1115,عباسی,منطقه ۱۱ شهر تهران,0.522,11.65,3.79,4.12,1.94,3,102.1,66.9,158.6,51.5,متوسط,114.6,67.7,158.0,67.7,101.4,135.1,0.0,84.9,137.6,108.4,80.0,132.7,99.3,92.1,132.2,113.3,-21.2,133.4,103.1,2.5,48.58,62.5,45.81,47.86,4.5,45.45,0.0,48.81,49.86,20.3,34.9,20.5,4.2,16.3,0.5,3.3,425,0.0,45.8,20.1,-4.9,B,,
tehran:m1705,مقدم,منطقه ۱۷ شهر تهران,0.467,10.35,2.46,3.8,0.74,7,103.1,45.2,176.6,52.9,متوسط,138.2,45.8,175.7,91.3,10.4,110.6,2.5,120.9,130.6,149.1,115.4,144.4,173.2,118.1,137.0,155.4,-37.3,133.3,142.3,-1.1,41.39,29.5,39.99,41.16,2.9,38.53,9.8,41.5,38.92,26.7,18.2,21.9,14.8,14.1,0.0,4.3,442,0.0,65.7,18.7,-5.5,C,,
tehran:m1706,ابوذر شرقی,منطقه ۱۷ شهر تهران,0.387,14.7,0.59,0.96,0.14,11,49.5,23.8,70.4,24.8,کم‌نور,46.5,24.9,69.6,52.4,4.9,110.6,47.9,47.7,31.4,52.2,39.9,10.6,38.9,46.5,23.6,48.3,-1.8,45.8,48.9,-1.4,39.35,17.6,37.08,41.22,11.2,38.31,21.5,39.37,39.96,32.9,12.0,12.5,12.5,25.9,0.0,4.2,438,0.0,23.3,13.8,-7.8,B,,
tehran:m1701,آذری,منطقه ۱۷ شهر تهران,0.618,12.35,0.96,2.91,4.28,8,77.0,58.2,101.1,38.1,کم‌نور,66.3,59.2,100.5,97.6,15.0,121.8,3.6,77.2,54.0,73.0,74.5,45.2,34.4,74.8,55.6,65.7,9.1,63.5,65.7,0.4,44.7,46.8,42.21,46.52,10.2,41.24,0.0,45.16,45.24,14.9,16.4,14.6,9.4,40.1,0.9,3.7,368,0.0,21.4,9.6,-2.7,B,,
tehran:m1708,یافت آباد شمالی,منطقه ۱۷ شهر تهران,1.022,16.76,2.83,5.59,8.06,8,38.0,23.9,79.6,19.9,خیلی کم‌نور,31.5,24.3,79.3,79.3,0.0,93.3,75.7,52.9,32.8,24.0,39.4,28.7,23.0,41.3,23.3,20.8,20.5,33.0,27.0,1.6,41.08,27.6,37.53,43.52,16.0,38.81,6.9,41.77,41.85,9.3,14.9,15.8,11.8,43.1,1.1,4.0,405,0.0,27.8,11.2,-13.5,B,اولویت ۱,
tehran:m1814,شهرک ولیعصر جنوبی,منطقه ۱۸ شهر تهران,1.457,18.81,8.29,3.67,6.78,10,18.3,4.5,39.7,10.2,خیلی کم‌نور,16.9,5.1,39.4,39.4,0.0,86.4,97.5,4.1,13.4,8.2,20.9,24.4,16.0,10.3,17.3,14.9,-4.6,15.8,13.2,-0.7,35.95,7.9,33.81,37.61,11.2,31.12,71.0,37.72,36.84,6.2,21.4,13.0,32.8,21.9,0.2,4.5,396,0.0,17.6,3.6,16.8,A,اولویت ۱,
tehran:m1805,تولید دارو,منطقه ۱۸ شهر تهران,0.743,12.42,2.22,3.22,5.22,3,6.6,0.0,74.4,5.2,خیلی کم‌نور,6.7,0.0,74.4,74.4,0.0,31.1,100.0,9.2,9.7,4.8,9.9,13.1,5.4,5.0,7.8,6.6,-1.6,4.7,4.6,0.3,42.76,39.4,39.3,44.42,13.0,36.38,29.8,42.72,43.82,0.8,15.5,13.1,15.4,47.8,3.6,3.8,398,0.0,37.2,1.4,0.7,C,اولویت ۳ (درجهٔ C),
tehran:m907,شمشیری,منطقه ۹ شهر تهران,0.935,16.47,2.58,4.43,2.28,8,60.2,0.9,100.2,28.9,کم‌نور,59.2,1.1,100.0,100.0,0.0,121.8,38.3,87.7,63.9,60.8,62.4,58.4,73.2,67.9,52.4,60.6,7.3,50.7,62.2,-0.5,44.92,48.2,42.7,46.0,7.7,41.12,0.0,45.52,44.59,19.0,12.0,14.9,12.8,36.4,1.3,3.7,393,0.0,49.6,7.8,-25.3,B,,
tehran:m1702,امام زاده حسن,منطقه ۱۷ شهر تهران,0.557,11.75,2.24,2.69,6.87,7,102.4,84.4,132.2,52.2,متوسط,109.5,85.2,131.5,100.4,4.9,110.6,6.4,133.9,101.3,87.6,126.1,104.2,96.0,137.6,102.0,86.2,51.4,91.2,102.9,-3.7,42.54,37.9,38.84,46.31,19.2,40.23,0.0,42.87,41.84,24.6,18.1,11.6,7.6,33.9,0.1,4.0,410,0.0,23.9,26.3,-7.8,B,,
tehran:m1703,باغ خزانه,منطقه ۱۷ شهر تهران,0.634,15.83,1.38,3.01,3.41,5,11.2,3.2,59.7,7.9,خیلی کم‌نور,3.2,3.2,59.7,8.3,4.9,110.6,96.7,37.8,2.6,2.0,7.4,2.9,2.0,27.5,2.8,2.1,25.4,2.8,17.4,-6.2,38.89,15.1,36.0,42.05,16.8,37.4,53.3,38.62,39.91,13.9,33.1,15.7,9.1,24.0,0.0,4.2,444,0.0,28.2,14.5,-30.4,B,اولویت ۱,
tehran:m1114,هلال احمر,منطقه ۱۱ شهر تهران,0.791,11.36,1.96,2.74,6.71,5,157.7,137.2,186.4,72.8,پرنور,154.5,139.3,185.2,139.3,101.4,168.4,0.0,130.0,145.4,168.6,139.3,143.8,168.7,127.9,147.4,158.7,-30.8,147.8,149.6,0.2,52.45,78.3,51.4,50.08,-2.6,50.78,0.0,52.67,51.01,23.1,35.5,13.7,0.8,22.5,1.1,3.3,355,0.0,24.6,15.6,9.3,B,,
tehran:m1704,بلورسازی,منطقه ۱۷ شهر تهران,0.879,17.62,3.41,8.49,3.36,7,58.2,25.1,77.0,27.7,کم‌نور,63.8,25.6,76.1,52.6,10.4,87.2,1.2,67.5,44.9,24.0,122.0,65.9,18.9,90.6,58.1,27.4,63.2,69.5,52.7,2.7,44.92,48.2,41.75,45.77,9.6,41.27,1.9,45.67,44.53,11.8,37.9,22.5,7.9,15.9,0.3,3.7,437,0.0,26.0,31.6,54.5,B,,
tehran:m1109,خرمشهر,منطقه ۱۱ شهر تهران,0.484,9.27,0.96,2.89,0.21,6,69.7,49.7,104.8,34.3,کم‌نور,74.3,50.9,103.9,65.1,64.2,152.8,0.0,47.9,76.4,116.1,27.2,58.9,95.0,48.8,69.7,112.4,-63.6,75.2,73.6,-1.2,51.87,75.4,53.07,49.07,-7.5,49.17,0.0,52.21,52.72,15.0,45.3,13.2,1.6,20.3,1.4,3.2,337,0.0,27.6,32.4,-20.7,B,,
tehran:m1008,سلیمانی - تیموری,منطقه ۱۰ شهر تهران,1.055,29.06,1.81,2.27,1.75,11,39.3,22.9,55.5,20.5,کم‌نور,40.6,23.5,54.7,54.7,4.9,60.5,73.5,38.7,42.3,43.8,37.8,41.1,30.2,35.7,41.1,37.8,-2.1,31.7,40.6,-2.6,38.19,13.6,36.0,39.03,8.4,35.83,54.7,38.37,38.26,19.9,26.4,9.3,6.6,33.3,0.1,4.4,392,0.0,16.3,2.7,-0.9,B,,
tehran:m1007,جی,منطقه ۱۰ شهر تهران,0.549,10.58,3.13,0.97,0.42,6,18.5,4.8,29.8,10.5,خیلی کم‌نور,10.9,5.5,28.2,28.2,15.0,85.8,92.8,27.5,9.1,12.1,28.0,5.4,21.1,25.5,5.8,15.9,9.6,28.8,8.6,2.1,38.41,14.3,37.21,38.95,4.7,36.33,57.6,38.52,38.38,13.2,28.9,10.4,10.6,32.2,0.3,4.3,374,0.0,12.5,9.9,0.5,B,اولویت ۱,
tehran:m906,مهرآباد جنوبی,منطقه ۹ شهر تهران,0.806,15.27,1.18,6.52,2.22,9,88.6,77.3,104.9,43.0,متوسط,92.3,80.3,103.7,81.2,0.0,273.0,0.8,85.5,79.8,89.0,76.1,86.5,83.1,88.0,83.5,89.6,-1.6,107.1,85.7,4.1,38.47,14.6,36.26,38.82,7.1,36.17,56.1,38.35,38.62,29.4,15.5,17.4,11.1,21.7,0.5,4.3,390,0.0,13.8,3.2,-9.4,A,,
tehran:m905,امام زاده عبدالله,منطقه ۹ شهر تهران,1.264,18.46,5.01,5.56,3.56,6,72.7,59.3,88.7,34.5,کم‌نور,77.5,60.2,87.5,60.2,15.0,85.8,0.2,64.0,69.3,89.5,67.4,72.7,88.7,70.0,73.1,87.5,-17.5,86.7,77.2,2.0,41.05,27.4,40.41,40.16,-0.6,39.13,3.8,40.95,40.98,17.1,28.6,16.5,11.8,21.5,0.3,4.1,375,0.0,14.7,9.3,3.4,A,,
tehran:m904,دستغیب,منطقه ۹ شهر تهران,0.587,18.02,1.76,4.73,1.18,5,123.6,101.2,154.8,62.1,پرنور,140.4,102.4,154.0,106.8,69.8,132.5,0.0,107.0,156.8,134.5,111.2,161.6,137.3,111.0,165.8,138.3,-27.3,144.6,130.8,3.2,40.77,24.8,40.12,38.37,-4.4,37.0,17.3,40.73,40.11,33.2,16.5,19.7,9.3,17.0,0.1,4.2,388,0.0,26.8,27.4,4.2,B,,
tehran:m1006,هاشمی,منطقه ۱۰ شهر تهران,0.874,27.7,3.59,2.89,2.95,11,42.6,25.7,50.9,21.2,کم‌نور,41.8,26.1,50.1,26.1,19.3,107.1,65.6,38.7,28.0,48.4,44.2,26.0,49.7,40.7,27.7,47.3,-6.6,45.4,40.7,-0.1,39.68,19.2,39.06,38.33,-1.9,37.71,24.4,39.64,39.23,29.9,15.4,13.0,8.1,29.2,0.1,4.2,404,0.0,12.6,10.0,5.5,A,,
tehran:m902,استاد معین,منطقه ۹ شهر تهران,0.993,14.91,1.4,10.17,19.45,9,36.7,8.8,83.1,19.4,خیلی کم‌نور,30.1,9.6,82.2,43.3,0.0,274.2,91.0,57.6,22.7,32.9,74.0,17.7,15.8,60.1,12.6,16.4,43.7,41.6,29.0,1.6,41.01,26.9,39.04,40.72,4.3,35.95,38.4,45.31,44.41,26.5,25.6,20.4,6.0,16.8,0.8,3.8,406,0.0,37.2,26.4,16.4,B,اولویت ۱,
tehran:m903,دکتر هوشیار,منطقه ۹ شهر تهران,1.028,28.91,3.07,4.12,0.65,10,4.1,1.2,10.3,2.6,خیلی کم‌نور,4.1,1.2,10.3,10.3,0.0,132.5,96.2,3.7,4.0,5.4,3.7,4.2,3.9,4.0,4.2,7.0,-3.0,4.0,4.0,-2.2,40.8,25.7,39.81,39.92,0.3,37.81,20.3,40.85,42.69,19.1,22.3,20.7,8.4,25.5,0.1,3.9,407,0.0,4.6,1.7,0.0,A,اولویت ۱,
tehran:m1001,زنجان جنوبی,منطقه ۱۰ شهر تهران,0.855,20.09,3.28,6.41,1.71,7,22.7,0.4,54.8,12.0,خیلی کم‌نور,22.9,1.0,54.4,54.4,0.0,45.5,100.0,19.4,24.5,22.5,27.5,36.2,29.9,18.1,25.3,24.2,-6.1,10.1,26.6,-3.7,43.02,40.9,41.61,42.36,1.8,40.16,0.0,44.03,43.12,4.8,28.0,20.4,6.4,36.3,0.1,3.9,387,0.0,27.2,3.9,8.1,B,اولویت ۲,
tehran:m229,تیموری,منطقه ۲ شهر تهران,0.922,17.44,3.06,7.36,2.75,8,202.8,165.2,261.4,82.6,خیلی پرنور,216.4,165.9,261.0,189.2,52.0,245.1,0.0,217.3,181.0,205.6,211.0,206.4,227.1,226.2,200.9,214.1,12.1,207.9,215.9,-5.4,57.99,92.6,56.86,57.51,1.1,49.84,0.0,57.91,56.91,44.1,8.4,18.5,5.8,20.0,0.3,2.9,414,0.0,48.1,12.7,-6.3,B,,
tehran:m228,طرشت,منطقه ۲ شهر تهران,1.293,23.44,3.72,5.3,1.96,6,110.1,80.9,122.4,55.8,متوسط,105.5,81.8,121.4,91.5,52.0,191.2,0.0,73.5,100.9,106.0,70.5,89.5,93.4,79.8,111.6,119.2,-39.4,89.4,116.1,-5.3,57.37,91.0,55.74,54.98,-1.4,48.5,0.0,56.71,56.75,22.7,33.7,18.2,4.5,17.4,0.6,2.9,419,0.0,20.8,20.9,-3.0,B,,
tehran:m227,چوب تراش,منطقه ۲ شهر تهران,0.814,13.44,0.8,8.09,0.18,4,30.3,16.9,63.2,16.1,خیلی کم‌نور,31.3,18.6,62.5,44.2,14.7,158.0,54.5,34.1,46.1,16.2,49.8,47.2,11.9,36.5,45.9,17.8,18.7,41.2,19.6,-0.7,48.55,62.1,45.87,47.97,4.6,45.61,0.0,48.55,48.42,5.2,35.1,26.3,3.8,25.4,0.9,3.4,417,0.0,23.2,14.3,15.7,B,اولویت ۲,
tehran:m1102,جمالزاده,منطقه ۱۱ شهر تهران,0.468,6.9,3.52,2.82,1.02,9,13.2,9.4,48.8,8.2,خیلی کم‌نور,13.5,9.4,48.8,48.8,0.0,232.6,95.9,14.9,12.6,13.2,14.7,12.3,12.3,14.5,12.6,12.8,1.7,12.7,13.5,-0.7,50.4,69.3,48.67,49.93,2.6,48.69,0.0,50.24,53.75,12.1,13.3,15.6,1.6,54.3,0.0,3.1,386,0.0,19.7,1.0,-0.2,C,اولویت ۳ (درجهٔ C),
tehran:m1101,جمهوری,منطقه ۱۱ شهر تهران,0.45,8.1,3.02,2.17,2.18,7,38.5,7.7,90.7,20.2,خیلی کم‌نور,21.8,8.2,90.2,90.2,0.0,198.1,73.1,25.0,43.1,43.8,14.3,33.3,33.6,10.0,23.8,36.0,-26.0,15.3,20.8,-0.4,53.91,83.5,52.08,52.51,0.8,51.27,0.0,53.94,53.55,6.5,18.7,17.5,2.6,51.7,0.0,3.1,409,0.0,41.5,13.0,-10.7,C,,
tehran:m225,شادمان,منطقه ۲ شهر تهران,1.516,28.83,3.75,7.38,0.55,12,33.9,14.9,53.1,18.4,خیلی کم‌نور,27.5,15.4,52.3,46.6,3.8,136.0,82.4,27.7,37.0,22.9,25.4,31.0,16.2,25.3,36.6,25.1,0.2,31.6,24.8,-1.8,49.73,66.0,48.04,48.37,0.7,44.89,0.0,49.85,49.24,12.7,26.5,18.2,5.9,32.7,0.5,3.4,390,0.0,19.1,6.6,-2.3,B,اولویت ۲,
tehran:m224,توحید,منطقه ۲ شهر تهران,0.901,17.49,4.23,4.38,1.17,10,64.9,49.1,144.3,32.4,کم‌نور,63.6,51.1,144.0,144.0,0.0,208.5,40.4,29.3,67.9,82.2,49.7,65.6,106.1,27.9,68.5,92.9,-65.0,46.8,64.5,-3.9,55.92,88.5,54.92,52.67,-4.1,50.78,0.0,56.48,55.92,18.6,8.9,15.2,5.1,49.0,0.3,3.0,394,0.0,47.6,32.8,20.4,C,,
tehran:m1103,فلسطین - انقلاب,منطقه ۱۱ شهر تهران,0.689,10.56,4.47,2.38,2.48,8,0.8,0.3,49.5,1.0,خیلی کم‌نور,0.6,0.3,49.5,49.5,0.0,94.5,99.3,0.5,0.7,1.0,0.5,0.8,0.9,0.4,0.6,0.9,-0.5,0.6,0.5,1.9,53.52,82.1,51.99,51.44,-1.1,50.5,0.0,53.54,60.86,5.0,8.6,12.4,1.5,69.7,0.0,2.7,361,0.0,24.6,0.3,0.0,C,اولویت ۳ (درجهٔ C),
tehran:m714,خواجه نصیر,منطقه ۷ شهر تهران,0.561,12.86,0.01,5.99,0.3,7,34.6,17.7,66.7,18.7,خیلی کم‌نور,36.1,18.5,65.9,65.9,0.0,184.9,71.4,53.7,40.0,19.6,64.5,56.5,19.9,50.4,42.9,20.0,30.4,39.2,27.2,2.4,51.31,74.4,47.7,51.12,7.2,48.91,0.0,51.0,51.41,11.7,25.8,19.3,2.4,37.6,0.1,3.2,386,0.0,24.5,15.8,10.8,B,اولویت ۲,
tehran:m616,دانشگاه تهران,منطقه ۶ شهر تهران,1.259,12.47,3.62,8.61,8.52,6,9.9,0.0,238.6,7.2,خیلی کم‌نور,8.8,0.0,238.6,238.6,0.0,89.5,89.5,16.6,14.0,9.3,14.0,22.3,20.1,7.6,9.3,9.4,-1.8,9.0,8.5,3.1,60.64,94.9,57.42,59.71,4.0,52.85,0.0,60.05,60.47,0.6,15.7,14.0,2.9,64.1,0.0,2.8,363,0.0,119.3,1.0,-2.6,C,اولویت ۳ (درجهٔ C),
tehran:m712,امجدیه,منطقه ۷ شهر تهران,0.728,12.57,0.0,2.88,0.61,10,43.1,26.9,88.5,21.5,کم‌نور,37.9,28.3,88.1,88.1,17.7,127.2,33.0,36.8,50.8,43.5,32.3,26.3,26.9,32.0,42.9,35.5,-3.5,40.2,32.7,3.8,53.92,83.9,50.27,54.4,8.2,49.81,0.0,53.54,53.13,17.5,11.8,16.1,2.1,49.4,0.0,3.1,379,0.0,30.8,5.6,-4.5,C,,
tehran:m618,ایرانشهر,منطقه ۶ شهر تهران,1.025,13.11,2.43,6.22,4.15,8,64.7,49.9,142.0,32.0,کم‌نور,62.1,50.2,142.0,142.0,17.7,234.8,38.4,94.4,73.1,56.6,53.4,62.5,50.5,72.4,60.9,52.2,20.2,65.4,50.5,5.2,62.03,96.2,56.92,62.36,9.6,58.1,0.0,62.3,61.71,18.7,7.3,14.8,2.7,53.9,0.0,2.7,384,0.0,46.0,10.1,-41.0,C,,
tehran:m611,سنائی,منطقه ۶ شهر تهران,0.901,14.18,3.24,6.13,0.88,10,49.0,14.8,133.9,24.2,کم‌نور,35.8,15.4,133.5,133.5,0.0,234.8,67.5,59.2,34.7,23.7,35.8,39.4,35.6,37.2,28.0,34.4,2.8,25.6,28.2,2.2,59.78,94.1,56.47,59.13,4.7,56.63,0.0,59.7,58.9,9.0,12.3,17.1,3.3,55.5,0.0,2.8,416,0.0,59.6,4.7,-23.4,C,,
tehran:m612,بهجت‌آباد,منطقه ۶ شهر تهران,0.775,11.59,0.98,5.47,1.16,10,25.9,12.3,124.2,14.3,خیلی کم‌نور,24.2,13.1,124.1,124.1,0.0,234.8,99.4,41.0,26.9,12.6,43.4,29.9,25.4,29.8,25.9,19.0,10.8,15.1,22.3,1.3,60.81,95.1,56.64,60.82,7.4,55.28,0.0,61.12,61.68,12.0,10.0,15.5,3.3,56.5,0.0,2.7,409,0.0,56.0,5.5,2.4,C,اولویت ۳ (درجهٔ C),
tehran:m613,کشاورز - پارک لاله,منطقه ۶ شهر تهران,1.474,19.15,1.94,6.55,17.69,6,99.1,80.3,149.5,50.4,متوسط,97.4,82.1,149.0,149.0,45.9,165.6,0.4,94.3,108.7,121.8,78.4,90.5,109.4,76.8,97.8,113.9,-37.1,96.3,90.4,3.6,57.02,89.9,55.16,55.23,0.1,52.71,0.0,56.67,55.98,16.3,13.7,13.7,3.1,50.0,0.2,3.0,388,0.0,34.6,18.6,-15.9,C,,
tehran:m617,ولیعصر,منطقه ۶ شهر تهران,1.522,21.47,3.47,11.17,2.51,11,180.5,156.0,258.2,77.5,پرنور,176.9,156.7,257.9,257.9,0.0,234.8,1.3,178.0,187.7,176.0,181.2,203.6,180.7,161.1,188.6,169.1,-8.0,179.4,155.2,4.3,72.56,99.0,68.39,70.72,3.4,66.91,0.0,73.12,70.49,20.9,5.1,13.6,2.5,55.5,0.0,2.4,399,0.0,51.1,14.1,3.2,C,,
tehran:m604,ساعی,منطقه ۶ شهر تهران,1.455,19.25,0.71,15.76,6.78,12,247.9,193.4,301.0,89.0,خیلی پرنور,231.4,194.2,299.2,275.8,12.1,419.1,0.2,219.0,228.2,222.4,214.2,236.0,264.2,213.0,235.1,238.1,-25.1,218.3,230.0,-2.8,71.95,98.7,69.48,70.19,1.0,63.12,0.0,71.43,70.57,34.2,10.7,16.4,2.0,34.3,0.0,2.4,414,0.0,53.8,13.7,-4.8,B,,
tehran:m605,یوسف آباد,منطقه ۶ شهر تهران,1.655,23.38,5.9,6.29,2.61,16,61.2,11.6,79.7,30.2,کم‌نور,52.0,11.9,79.0,70.5,5.5,156.4,23.5,44.2,63.3,58.7,51.9,58.9,45.7,46.0,59.5,50.9,-4.9,58.2,44.8,0.3,51.13,72.5,49.17,50.4,2.5,45.4,0.0,50.78,51.42,16.5,24.1,17.7,4.5,33.8,0.0,3.2,402,0.2,34.1,6.8,7.7,B,,
tehran:m601,امیرآباد,منطقه ۶ شهر تهران,3.058,43.14,5.08,22.32,2.99,12,192.2,155.5,204.1,80.1,پرنور,188.6,155.9,203.3,155.9,75.2,246.4,0.0,180.8,178.0,181.4,179.1,179.4,188.3,187.7,186.1,184.4,3.3,179.0,183.5,-1.8,53.84,83.0,52.52,52.99,0.9,45.66,0.0,53.69,53.1,38.3,19.1,21.3,2.5,15.7,0.0,3.1,392,0.0,24.3,1.7,-1.7,A,,
tehran:m607,دکتر شهید سیدحسین فاطمی,منطقه ۶ شهر تهران,1.237,15.34,2.13,7.26,2.5,6,149.1,129.9,168.3,70.1,پرنور,146.7,131.2,167.3,135.7,99.8,168.6,0.0,166.0,155.5,106.1,165.5,154.7,124.0,170.4,157.0,114.5,55.9,165.0,134.3,2.3,54.22,85.4,50.12,55.62,11.0,51.83,0.0,54.96,54.59,22.2,31.4,15.5,3.2,24.4,0.2,3.1,398,0.0,19.2,29.2,-0.5,B,,
tehran:m223,شهرآرا - پاتریس,منطقه ۲ شهر تهران,1.691,28.88,4.86,11.06,1.2,9,157.7,129.3,177.0,72.8,پرنور,161.4,129.9,176.4,129.9,89.9,208.5,0.0,135.5,135.7,162.7,136.7,142.5,143.0,150.1,155.2,168.2,-18.1,145.0,165.5,-3.7,55.47,87.2,54.05,54.26,0.4,50.8,0.0,56.49,54.86,34.3,18.6,15.6,5.1,23.2,0.2,3.0,404,0.0,23.8,9.3,1.2,A,,
tehran:m222,تهران ویلا,منطقه ۲ شهر تهران,0.693,14.25,1.86,3.4,1.05,10,97.6,61.6,120.4,50.1,متوسط,99.0,62.0,119.5,96.3,3.8,148.8,0.3,79.3,100.7,85.8,92.0,118.1,107.7,89.3,111.2,90.7,-1.4,102.3,86.1,0.1,49.81,67.0,48.57,48.2,-0.8,49.03,0.0,49.59,49.39,27.3,24.5,18.5,7.0,19.3,0.1,3.4,415,0.0,29.4,12.3,12.7,B,,
tehran:m226,حبیب الله,منطقه ۲ شهر تهران,0.945,18.7,1.33,9.66,0.28,14,60.7,47.4,73.1,29.7,کم‌نور,63.0,48.0,71.7,65.9,3.8,239.0,0.7,47.7,60.8,59.9,65.3,60.2,64.7,55.5,63.4,65.6,-10.1,68.5,64.1,-0.4,46.28,54.3,44.59,45.74,2.6,44.63,0.0,46.25,46.46,25.5,17.2,24.9,5.6,22.8,0.4,3.6,403,0.0,12.8,5.3,17.6,C,,مرز در لایهٔ رسمی تقریباً بر «همایون شهر» منطبق/درون آن است
tehran:m221,ستارخان,منطقه ۲ شهر تهران,1.068,13.82,3.82,9.04,0.9,5,88.4,59.2,104.9,42.5,متوسط,87.5,59.9,103.9,89.3,59.0,124.7,0.0,90.0,94.3,84.6,81.6,85.5,64.5,85.5,92.3,77.4,8.1,81.4,81.2,-0.6,47.69,58.3,45.62,46.98,3.0,46.03,0.0,47.99,47.93,12.4,33.2,21.5,7.2,21.9,0.4,3.5,406,0.0,22.8,7.5,-8.4,B,,
tehran:m220,صادقیه,منطقه ۲ شهر تهران,1.289,18.79,2.69,8.98,2.34,7,66.6,55.3,145.7,33.5,کم‌نور,71.2,56.7,145.5,145.5,14.7,189.1,0.4,79.6,70.9,70.8,68.5,71.4,73.8,66.6,68.5,74.4,-7.8,59.5,65.8,-1.3,51.28,74.0,48.68,50.83,4.4,47.92,0.0,51.24,51.58,12.7,22.9,20.2,5.3,35.2,0.6,3.2,410,0.0,45.2,4.1,-11.1,B,,
tehran:m525,اباذر,منطقه ۵ شهر تهران,1.226,16.84,3.77,6.41,9.73,13,154.7,130.7,165.1,71.6,پرنور,142.1,131.3,163.7,153.4,95.7,189.1,0.0,136.8,151.6,153.6,124.6,150.9,181.9,126.9,145.6,151.4,-24.5,123.9,142.9,-4.4,53.84,83.0,52.43,52.17,-0.5,48.72,0.0,53.97,52.55,34.4,12.4,14.8,9.6,25.3,0.3,3.2,395,0.0,17.2,12.8,-12.2,A,,
tehran:m215,شهرک هما,منطقه ۲ شهر تهران,2.176,33.88,5.35,10.3,8.37,9,105.6,93.1,116.7,54.0,متوسط,108.5,93.6,116.1,93.6,32.6,165.2,6.6,105.1,108.0,95.5,98.5,97.8,74.6,108.2,114.0,96.1,12.1,106.5,104.4,-2.8,44.33,45.1,42.36,43.72,3.2,35.67,17.0,43.83,44.28,27.7,21.5,18.9,8.4,19.0,0.8,3.8,405,0.0,11.8,9.1,-6.6,A,,
tehran:m515,باغ فیض,منطقه ۵ شهر تهران,2.593,35.99,9.88,12.69,5.11,11,94.5,89.8,104.8,47.8,متوسط,95.9,91.5,104.4,93.2,0.0,168.4,17.8,103.8,95.3,85.0,101.0,100.2,96.4,101.8,97.7,84.9,16.9,94.6,88.8,-2.6,47.85,59.6,45.54,47.25,3.8,43.0,0.0,48.54,47.59,29.8,11.9,18.5,14.2,22.1,0.0,3.5,352,0.0,7.5,8.8,-2.8,A,,
tehran:m219,شهرک آزمایش,منطقه ۲ شهر تهران,1.4,21.06,5.61,7.83,3.1,9,143.4,90.7,227.3,68.3,پرنور,137.6,91.4,226.9,102.8,81.0,189.5,0.0,107.2,88.6,99.9,145.3,114.4,106.9,139.7,124.3,134.2,5.5,133.0,134.9,-2.5,49.59,65.3,48.27,48.14,-0.3,47.33,0.0,49.9,50.49,26.3,28.5,17.9,6.9,16.8,0.3,3.3,422,0.0,68.3,7.8,38.1,C,,
tehran:m2005,صفاییه,منطقه ۲۰ شهر تهران,1.031,10.13,1.41,7.3,0.81,5,10.6,3.6,89.9,7.4,خیلی کم‌نور,10.2,4.6,88.6,11.0,0.0,266.6,93.0,34.9,22.5,9.3,4.9,29.5,12.5,6.5,6.9,27.3,-20.8,16.8,6.6,4.9,48.4,61.6,46.49,48.78,4.9,32.98,15.5,38.05,30.85,6.6,32.5,25.6,19.6,10.3,0.0,5.4,344,0.0,43.2,11.9,-30.0,B,اولویت ۲,
tehran:m2004,شهادت,منطقه ۲۰ شهر تهران,1.301,29.36,2.1,5.77,0.99,8,64.9,1.3,75.9,32.4,کم‌نور,75.1,1.5,75.1,66.6,0.0,112.5,40.4,60.5,69.1,70.9,47.6,62.2,63.7,63.6,69.3,86.9,-23.3,83.8,71.3,2.0,42.74,39.1,43.03,43.2,0.4,35.64,16.3,41.06,37.79,25.6,23.2,17.9,18.8,10.0,0.0,4.4,337,0.0,37.3,12.1,-12.9,B,,
tehran:m2010,ظهیر آباد,منطقه ۲۰ شهر تهران,1.064,13.66,2.71,11.33,1.02,7,7.5,1.7,41.0,5.6,خیلی کم‌نور,11.9,2.5,40.8,9.7,0.0,266.6,97.4,19.1,18.5,39.8,5.3,15.3,14.1,5.0,14.9,8.6,-3.6,17.4,9.1,0.3,43.11,41.4,40.1,45.15,12.6,34.45,22.6,38.74,35.06,3.8,35.3,26.8,17.5,11.8,0.1,4.8,337,0.0,19.6,5.0,-13.8,B,اولویت ۲,
tehran:m2007,حمزه آباد,منطقه ۲۰ شهر تهران,0.871,15.01,4.21,5.14,5.54,2,86.6,74.9,108.3,40.9,متوسط,98.0,76.2,107.1,81.5,38.7,116.6,42.8,115.4,85.3,95.6,106.0,95.9,82.4,118.1,91.1,88.6,29.5,111.2,88.4,-1.2,39.44,18.0,35.98,42.98,19.5,36.92,40.4,40.09,41.64,15.5,27.7,20.5,20.8,10.7,0.8,4.0,346,0.0,16.7,16.4,-9.4,A,,
tehran:m2015,شهید بهشتی,منطقه ۲۰ شهر تهران,1.287,12.63,5.16,8.29,1.7,6,128.4,91.5,201.0,63.7,پرنور,135.3,92.1,200.8,103.7,0.0,283.5,47.1,100.8,135.1,145.2,107.1,144.5,145.3,117.8,141.5,137.0,-19.2,160.8,128.5,1.6,31.29,4.1,29.96,31.83,6.2,26.14,100.0,31.66,33.27,18.6,13.6,21.3,24.0,9.2,8.2,5.0,285,0.0,54.8,12.6,6.3,B,,
tehran:m1806,بهداشت,منطقه ۱۸ شهر تهران,1.094,18.07,1.28,2.88,2.31,11,33.0,17.2,97.3,17.4,خیلی کم‌نور,29.5,17.8,97.1,97.1,0.0,118.1,91.8,38.9,26.0,35.1,52.3,33.7,25.7,32.3,24.5,36.6,-4.3,27.0,26.5,0.0,37.05,10.2,34.57,39.11,13.1,33.01,69.9,36.93,37.44,13.7,8.8,12.3,16.7,40.8,3.2,4.4,417,0.0,40.0,6.1,13.4,B,اولویت ۱,
tehran:m1909,نعمت آباد,منطقه ۱۹ شهر تهران,1.503,27.07,3.65,9.76,2.8,7,58.4,28.2,65.8,28.4,کم‌نور,58.4,28.4,64.7,53.7,10.3,208.2,58.5,52.8,56.9,59.8,44.1,53.7,67.7,54.8,57.6,61.2,-6.4,63.0,53.9,-3.6,40.1,21.5,38.98,40.32,3.4,37.59,18.8,39.72,38.56,21.6,13.4,24.3,19.2,17.2,0.0,4.3,306,0.0,18.8,3.2,-8.7,A,,
tehran:m519,سازمان آب,منطقه ۵ شهر تهران,1.307,13.2,6.43,8.33,0.37,4,100.3,71.1,158.7,50.9,متوسط,106.7,71.9,158.5,85.7,73.3,125.6,0.0,112.7,114.5,107.6,95.0,94.8,109.9,105.2,103.6,104.0,1.2,100.9,94.4,-4.9,45.36,50.4,44.47,44.1,-0.8,44.44,0.0,45.46,46.58,12.4,38.5,21.6,13.8,9.5,0.6,3.6,361,0.0,43.8,0.8,-17.7,B,,
tehran:m521,ارم,منطقه ۵ شهر تهران,2.714,25.88,3.28,12.91,6.92,8,295.0,223.4,338.0,95.1,خیلی پرنور,307.2,223.8,337.3,238.0,164.1,440.2,0.0,274.9,284.6,292.2,306.9,316.7,309.7,306.5,304.7,298.1,8.4,272.0,360.1,-15.2,49.06,64.2,48.07,47.8,-0.6,35.44,13.3,47.01,43.75,42.5,20.4,18.2,7.9,7.0,0.1,3.8,387,0.0,57.3,4.4,32.0,B,,
tehran:m526,فردوس,منطقه ۵ شهر تهران,3.147,41.6,3.08,20.41,5.52,10,152.5,123.7,165.3,70.8,پرنور,153.3,123.8,165.0,165.0,95.7,290.9,0.0,144.7,144.6,159.2,154.4,148.1,152.4,147.5,148.0,155.9,-8.4,146.9,153.9,-2.1,52.38,77.5,50.57,52.21,3.2,47.44,0.0,52.71,51.92,30.1,17.5,17.4,6.5,24.5,0.8,3.2,375,0.0,20.8,4.7,9.7,A,,
tehran:m523,شهرک پرواز,منطقه ۵ شهر تهران,0.931,9.06,4.43,7.28,1.88,7,173.3,156.4,207.2,75.4,پرنور,173.3,159.7,205.9,160.3,104.9,197.3,0.0,189.8,177.4,170.2,194.3,166.1,180.4,186.7,164.4,164.1,22.6,144.2,171.7,-7.7,51.45,74.7,50.21,51.25,2.1,48.47,0.0,52.12,50.29,17.1,29.3,23.3,11.0,15.8,0.0,3.3,365,0.0,25.4,13.0,4.5,B,,
tehran:m522,سازمان برنامه جنوبی,منطقه ۵ شهر تهران,1.067,13.55,1.58,10.34,3.88,12,138.8,102.0,219.1,66.8,پرنور,148.6,102.7,218.7,127.2,3.5,365.8,0.7,145.2,145.4,148.7,111.8,154.6,152.8,135.8,151.0,146.7,-10.9,149.6,127.6,-3.4,48.38,61.4,48.17,46.62,-3.2,45.98,0.0,48.79,50.76,34.9,17.6,22.5,10.6,11.1,0.0,3.3,363,0.0,58.6,7.8,-33.4,B,,
tehran:m218,کوی نصر,منطقه ۲ شهر تهران,3.131,42.75,7.65,27.77,12.19,12,148.2,123.3,167.6,69.8,پرنور,151.4,123.6,167.1,132.0,33.2,291.8,45.6,132.9,150.2,141.9,133.5,151.2,141.8,141.0,155.8,152.0,-11.0,143.8,149.7,-2.7,52.25,76.7,51.59,50.57,-2.0,43.71,0.0,52.68,50.76,33.3,20.0,24.6,3.7,14.8,0.3,3.3,384,0.0,22.2,7.7,0.6,A,,
tehran:m2001,سیزده آبان,منطقه ۲۰ شهر تهران,2.462,30.38,2.79,14.13,2.65,8,95.2,74.0,114.8,48.3,متوسط,101.2,74.2,114.6,74.2,38.3,237.4,50.2,99.9,97.7,91.0,100.6,100.0,93.3,106.6,102.6,93.3,13.3,107.2,101.1,-0.5,31.53,4.9,29.49,33.9,15.0,25.93,100.0,31.82,31.39,26.6,20.1,22.8,16.0,5.1,4.0,5.3,300,0.0,20.4,6.8,0.7,A,,
tehran:m1906,خانی آباد جنوبی,منطقه ۱۹ شهر تهران,0.809,8.46,4.47,4.94,8.06,3,18.6,0.0,90.5,10.9,خیلی کم‌نور,20.2,0.0,90.4,16.7,0.0,80.6,78.2,12.3,21.4,35.4,16.6,13.8,20.1,15.6,16.0,26.3,-10.7,27.5,15.1,0.1,40.27,22.8,39.64,41.25,4.1,38.21,41.2,40.97,44.82,2.7,41.4,17.3,21.6,9.9,3.4,3.7,391,0.0,45.2,6.1,4.3,B,اولویت ۱,
tehran:m1901,بوستان ولایت,منطقه ۱۹ شهر تهران,2.859,8.88,0.02,11.78,3.55,11,121.4,51.5,238.2,60.4,پرنور,115.1,52.8,237.7,75.9,5.5,173.1,36.6,97.2,115.7,179.4,103.2,93.7,141.0,107.3,103.4,137.3,-30.0,140.1,119.8,0.2,33.95,5.9,33.36,33.98,1.9,29.36,77.3,28.91,27.4,12.7,35.9,23.5,11.6,9.9,0.3,6.1,408,0.0,93.4,18.5,6.0,C,,
tehran:m1912,شهید کاظمی,منطقه ۱۹ شهر تهران,2.398,19.79,1.49,18.62,0.97,7,217.5,155.0,240.7,85.8,خیلی پرنور,216.4,155.3,240.1,155.3,96.0,322.1,0.0,237.7,194.0,214.3,195.9,194.5,201.7,230.5,203.1,222.9,7.6,192.2,220.5,-8.4,39.02,15.9,37.15,40.68,9.5,35.68,46.1,38.04,36.59,34.4,13.9,26.8,9.1,10.7,0.4,4.6,275,0.0,42.8,14.1,-41.8,B,,
tehran:m908,سرآسیاب - مهرآباد,منطقه ۹ شهر تهران,0.902,12.23,3.51,3.86,0.9,4,87.6,57.6,119.8,41.3,متوسط,82.3,58.3,118.8,93.1,0.0,112.9,40.8,106.3,112.3,43.6,123.8,98.3,36.1,113.5,105.8,40.0,73.5,88.9,79.5,1.6,41.76,31.8,37.09,44.28,19.4,39.41,0.5,41.64,42.82,11.1,24.9,14.7,17.3,25.8,2.3,3.9,386,0.0,31.1,40.4,17.5,C,,مرز در لایهٔ رسمی تقریباً بر «سرآسیاب مهرآباد» منطبق/درون آن است
tehran:m1804,حسینی,منطقه ۱۸ شهر تهران,1.504,18.67,5.81,7.47,5.66,8,27.2,5.6,51.4,15.1,خیلی کم‌نور,23.4,6.2,50.9,43.8,0.0,100.7,89.0,26.9,17.5,36.1,15.5,26.8,27.2,20.3,12.0,30.2,-9.9,18.9,15.4,0.8,38.05,12.9,35.32,39.81,12.7,35.73,69.5,38.0,37.61,9.0,14.1,17.5,22.9,26.9,5.1,4.4,376,0.0,22.9,9.1,-11.4,A,اولویت ۱,
tehran:m2109,شهرک فرهنگیان,منطقه ۲۱ شهر تهران,1.741,16.59,5.2,9.32,3.55,7,251.2,190.8,265.4,89.8,خیلی پرنور,262.7,191.5,262.7,191.5,162.7,477.5,0.0,210.7,246.7,286.5,190.2,253.6,270.0,217.1,262.1,286.3,-69.2,266.8,251.9,2.8,45.69,52.7,44.97,44.38,-1.3,36.6,21.5,43.39,41.47,34.7,27.9,15.5,8.9,5.5,3.4,4.0,347,0.0,37.3,35.1,-20.5,B,,
tehran:m527,شهرک آپادانا,منطقه ۵ شهر تهران,2.22,36.56,1.15,13.47,2.09,9,210.6,156.0,247.8,83.6,خیلی پرنور,213.0,156.4,247.2,156.4,13.2,339.3,20.1,220.5,213.2,174.2,209.3,225.1,207.2,223.5,221.5,180.1,43.4,217.1,198.0,2.0,63.85,96.9,58.16,64.41,10.7,44.19,0.0,60.5,58.65,41.4,19.6,16.0,4.1,14.3,1.7,2.8,420,0.0,45.9,24.5,-11.2,B,,
tehran:m529,اکباتان,منطقه ۵ شهر تهران,4.58,14.74,14.82,26.37,3.62,9,368.1,310.0,411.5,98.2,خیلی پرنور,372.4,311.2,410.2,311.2,97.8,555.2,0.0,367.6,375.7,355.9,369.8,428.0,348.0,382.1,384.7,328.4,53.7,390.2,336.4,2.0,44.56,46.3,42.08,45.04,7.0,34.84,17.8,41.2,39.94,28.8,20.7,19.0,15.9,10.6,0.9,4.2,419,0.0,50.8,31.8,2.2,B,,
tehran:m1809,سعید آباد,منطقه ۱۸ شهر تهران,2.426,13.23,3.09,9.48,3.28,9,92.9,62.1,115.3,46.2,متوسط,96.2,62.6,114.5,62.6,46.9,234.4,21.1,65.7,86.1,105.3,85.4,105.8,127.9,75.9,94.4,116.7,-40.8,88.0,100.4,-2.3,31.18,3.7,31.97,30.22,-5.5,22.48,97.4,24.58,24.22,17.2,18.4,31.3,20.4,4.8,0.9,6.9,372,0.0,26.6,20.4,19.7,C,,مرز در لایهٔ رسمی تقریباً بر «شادآباد» منطبق/درون آن است
tehran:m1812,یافت آباد جنوبی,منطقه ۱۸ شهر تهران,1.774,19.4,5.19,7.59,4.75,9,122.4,88.5,173.7,61.1,پرنور,121.8,89.1,173.4,100.6,3.8,391.1,0.7,123.5,101.4,112.9,96.1,106.2,123.7,126.2,111.4,123.4,2.8,122.9,116.2,-0.8,30.11,2.0,28.87,31.33,8.5,27.55,100.0,30.19,30.37,30.1,14.0,16.9,24.1,8.7,0.8,5.5,333,0.0,42.6,7.9,-27.4,B,,
tehran:m1802,هفده شهریور,منطقه ۱۸ شهر تهران,4.055,28.24,12.87,25.39,5.04,8,167.5,146.3,179.0,74.4,پرنور,164.8,147.2,178.2,152.5,16.8,446.4,21.4,164.0,150.9,152.1,148.1,160.6,175.7,156.2,161.4,166.0,-9.8,167.7,152.1,0.8,44.99,48.8,43.21,46.13,6.8,40.18,3.9,44.53,42.23,25.5,17.0,17.1,16.2,11.6,8.6,3.9,334,0.0,16.3,4.9,-15.9,A,,
tehran:m1803,شهرک امام خمینی,منطقه ۱۸ شهر تهران,1.82,26.83,4.71,11.65,2.79,9,23.5,11.1,57.9,12.5,خیلی کم‌نور,27.0,12.2,57.6,57.6,0.0,107.9,93.4,35.3,29.5,25.1,32.1,28.8,9.5,29.1,32.7,22.1,7.0,39.5,25.5,1.8,40.24,22.3,38.34,41.0,6.9,34.16,58.6,43.26,41.4,7.0,19.8,21.7,17.2,21.1,9.2,4.0,295,0.0,23.4,5.4,-3.2,A,اولویت ۱,
tehran:m1503,مینایی,منطقه ۱۵ شهر تهران,0.802,20.23,3.25,4.29,3.35,10,79.9,68.9,95.2,39.1,کم‌نور,82.5,69.5,94.7,69.5,16.4,99.0,27.8,70.9,84.5,76.1,86.0,80.4,84.7,70.2,78.8,80.5,-10.3,81.6,88.3,2.4,41.46,30.2,38.39,41.59,8.3,37.38,22.6,41.17,41.22,27.1,33.2,21.0,6.2,8.4,0.1,4.0,442,0.0,13.2,5.5,15.1,A,,
tehran:m1507,هاشم آباد,منطقه ۱۵ شهر تهران,0.913,18.16,1.66,6.95,2.5,6,89.4,68.1,108.4,43.7,متوسط,88.7,68.7,108.0,68.7,13.4,128.9,0.7,95.1,93.1,69.6,83.4,89.7,51.7,95.4,93.1,66.1,29.3,90.5,80.9,3.6,40.89,26.6,35.07,43.11,22.9,38.26,16.3,41.62,41.09,19.7,32.9,31.9,3.3,8.1,0.0,4.1,438,0.0,20.2,16.3,-11.7,A,,
tehran:m1518,شهرک رضویه,منطقه ۱۵ شهر تهران,2.172,25.04,0.57,16.82,1.18,9,81.7,37.0,104.8,39.9,کم‌نور,92.8,37.1,104.6,70.6,0.0,276.5,36.7,97.2,87.1,88.7,118.8,85.7,129.6,100.6,80.4,91.4,9.2,78.7,102.0,-11.3,31.11,3.3,29.46,32.94,11.8,25.41,100.0,29.2,23.11,31.8,11.0,39.2,3.1,7.4,0.4,7.2,421,0.2,33.9,10.1,21.6,B,,
tehran:m1515,مسعودیه,منطقه ۱۵ شهر تهران,3.574,45.54,0.08,33.44,3.05,12,58.2,48.3,66.9,27.7,کم‌نور,61.9,48.6,66.7,54.2,0.0,180.9,30.7,77.6,56.9,57.1,53.2,48.1,46.0,67.5,48.6,55.4,12.1,56.6,62.3,-3.2,29.77,1.8,26.74,32.18,20.3,21.5,89.6,29.71,26.95,18.9,23.1,35.9,0.5,15.1,0.2,6.2,432,0.0,9.3,9.6,-24.4,A,,
tehran:m1910,اسماعیل آباد,منطقه ۱۹ شهر تهران,1.831,5.96,3.88,12.22,3.21,6,187.4,140.8,241.1,78.3,پرنور,203.4,142.1,240.3,142.1,18.3,288.6,6.9,193.8,187.6,198.7,170.1,149.5,189.0,218.6,185.0,200.6,18.0,205.2,197.6,-9.0,30.14,2.6,28.34,31.89,12.5,26.21,92.6,33.63,29.27,14.7,30.0,25.5,18.4,4.9,0.7,5.7,328,0.0,50.1,16.8,-23.7,B,,
tehran:m1816,شهید رجایی,منطقه ۱۸ شهر تهران,4.758,27.1,15.99,12.31,6.08,13,78.0,60.7,86.0,38.6,کم‌نور,80.1,60.8,85.5,75.9,0.0,357.1,52.4,75.5,76.9,83.3,71.1,80.4,79.8,77.7,75.9,80.3,-2.6,76.5,79.5,-4.6,29.28,1.5,27.86,30.48,9.4,23.05,97.0,29.14,25.93,17.6,13.2,17.7,33.9,9.3,1.9,6.4,358,0.0,12.6,2.2,-4.4,A,,
tehran:m1807,صاحب الزمان,منطقه ۱۸ شهر تهران,3.038,28.29,7.64,10.21,28.78,10,101.8,82.3,106.7,51.2,متوسط,101.5,82.4,106.2,82.4,0.0,157.1,25.3,106.1,87.3,100.0,100.2,92.3,92.5,107.8,91.9,99.7,8.1,97.4,101.2,-2.8,30.13,2.3,28.68,31.98,11.5,26.87,100.0,29.78,29.07,27.3,12.4,15.3,23.0,13.0,3.1,5.7,403,0.0,12.2,8.0,-5.9,A,,
tehran:m1201,فردوسی,منطقه ۱۲ شهر تهران,2.087,27.02,5.89,9.6,2.86,14,74.8,38.1,258.0,36.8,کم‌نور,69.3,38.5,257.9,257.9,0.0,215.1,36.5,94.5,89.9,104.8,68.7,66.1,61.5,52.9,72.9,95.2,-42.3,51.1,66.2,-0.4,70.85,98.0,68.78,69.15,0.5,58.29,0.0,71.83,67.64,12.7,3.4,9.8,2.0,69.6,0.0,2.5,323,0.0,110.0,21.2,-25.8,C,,
tehran:m1104,شیخ هادی,منطقه ۱۱ شهر تهران,1.144,18.05,3.05,5.77,2.63,10,47.5,32.9,116.2,23.5,کم‌نور,37.0,33.1,116.1,116.1,0.0,167.1,76.9,35.7,28.5,37.9,40.1,50.5,39.7,38.5,36.2,37.3,1.2,41.9,32.9,2.9,59.48,93.9,57.57,58.53,1.7,53.81,0.0,60.19,62.29,12.7,9.3,10.4,1.0,63.9,0.0,2.7,353,0.0,41.7,1.2,4.4,C,,
tehran:m1105,آذربایجان,منطقه ۱۱ شهر تهران,0.921,15.02,2.7,3.66,0.52,7,93.9,45.0,180.8,47.2,متوسط,92.5,45.3,180.4,180.4,0.0,229.8,2.4,79.6,108.4,139.6,73.9,107.2,132.0,58.1,91.4,129.4,-71.3,86.6,83.8,1.1,58.17,92.8,57.5,56.29,-2.1,54.09,0.0,58.65,53.38,19.1,17.0,11.3,0.3,49.1,0.0,3.1,378,0.0,67.9,35.7,-5.7,C,,
tehran:m1108,اسکندری,منطقه ۱۱ شهر تهران,0.493,11.12,2.21,5.33,1.29,6,167.7,123.5,184.3,74.7,پرنور,169.5,123.9,183.1,123.9,25.1,198.1,0.3,168.6,162.6,167.8,172.9,172.2,184.0,169.8,168.3,163.7,6.1,176.2,165.9,-0.4,54.01,84.1,52.41,53.19,1.5,50.68,0.0,54.5,52.92,17.7,28.6,17.8,1.7,30.9,0.1,3.1,395,0.0,30.4,3.2,4.3,B,,
tehran:m1110,مخصوص,منطقه ۱۱ شهر تهران,0.615,12.48,2.62,1.25,0.4,10,88.5,67.1,115.1,42.7,متوسط,90.7,68.3,114.1,86.3,0.0,225.0,1.7,91.1,77.6,91.1,83.6,90.6,79.6,97.1,82.8,89.4,7.7,84.9,89.3,0.1,49.4,65.0,47.86,49.1,2.6,47.44,0.0,49.31,49.13,29.1,30.5,12.1,0.4,23.2,1.2,3.4,331,0.0,24.0,7.2,-7.5,B,,
tehran:m1005,کارون جنوبی,منطقه ۱۰ شهر تهران,0.573,14.79,3.98,2.03,0.75,7,61.3,42.5,71.4,30.6,کم‌نور,59.9,44.0,68.8,68.2,0.0,63.4,7.7,79.9,71.3,60.7,65.7,62.7,32.2,71.4,69.0,44.2,27.2,68.9,54.7,-0.9,42.16,34.0,40.44,41.49,2.6,40.63,0.0,42.05,41.51,18.7,24.2,11.5,5.8,35.8,0.0,4.0,411,0.0,14.5,15.1,-14.2,B,,
tehran:m1003,سلسبیل شمالی,منطقه ۱۰ شهر تهران,0.978,21.48,5.29,7.2,1.74,9,0.7,0.6,59.2,0.8,خیلی کم‌نور,0.7,0.6,59.2,59.2,0.0,101.3,99.0,0.4,0.9,0.9,0.6,7.6,1.6,0.3,0.8,1.0,-0.7,0.5,0.7,-5.4,49.74,66.4,48.31,46.85,-3.0,44.33,0.0,50.4,51.19,4.8,16.3,17.3,4.4,53.9,0.0,3.3,402,0.0,29.3,0.4,0.2,C,اولویت ۳ (درجهٔ C),
tehran:m1010,بریانک,منطقه ۱۰ شهر تهران,0.967,24.68,4.29,3.41,1.98,5,123.7,89.1,143.4,62.4,پرنور,124.9,89.7,142.4,89.7,53.4,129.5,0.0,114.0,120.7,120.4,96.9,126.6,140.8,109.6,129.9,130.8,-21.2,121.0,127.7,-2.6,50.67,70.8,50.41,48.32,-4.1,46.67,0.0,50.49,49.55,32.3,26.7,12.1,3.3,21.6,0.7,3.4,387,0.0,27.2,12.0,-17.1,A,,
tehran:m1009,هفت چنار,منطقه ۱۰ شهر تهران,0.808,22.79,3.69,0.19,1.88,10,46.7,33.2,58.7,22.8,کم‌نور,44.8,34.7,57.5,34.7,29.0,129.5,77.3,41.1,38.2,33.4,48.9,39.6,45.6,51.8,44.0,38.6,13.2,54.2,43.0,-1.4,40.85,26.1,38.93,40.4,3.8,37.53,21.9,41.24,41.09,38.9,15.5,8.0,5.4,28.0,0.1,4.1,400,0.0,12.8,6.6,7.8,A,,
tehran:m1107,حر,منطقه ۱۱ شهر تهران,1.174,13.49,3.57,5.85,0.34,9,217.4,133.4,235.5,85.3,خیلی پرنور,221.6,133.6,234.9,133.6,0.0,232.6,1.9,232.2,206.0,198.6,239.8,210.5,194.7,246.6,219.2,195.6,51.0,225.5,222.4,-1.0,53.22,80.9,51.1,53.69,5.1,48.4,0.0,53.49,51.68,31.6,23.7,14.7,0.5,26.1,0.2,3.2,364,0.0,51.0,25.5,7.6,C,,مرز در لایهٔ رسمی تقریباً بر «میدان حر» منطبق/درون آن است
tehran:m1106,منیریه,منطقه ۱۱ شهر تهران,0.988,19.06,1.42,3.88,0.45,9,147.5,113.7,190.7,69.2,پرنور,155.8,114.1,190.3,114.1,0.0,229.8,1.5,145.4,139.9,140.8,149.4,156.4,129.4,155.2,158.2,140.2,15.0,164.5,151.1,4.2,49.62,65.7,47.35,49.15,3.8,44.2,0.0,50.09,50.3,30.9,17.7,11.0,0.4,36.5,0.1,3.3,380,0.0,38.5,9.6,4.0,B,,
tehran:m1111,امیریه,منطقه ۱۱ شهر تهران,0.842,22.57,0.67,3.77,0.29,11,4.8,3.4,29.2,4.1,خیلی کم‌نور,4.0,3.4,29.2,29.2,0.0,229.8,98.4,14.3,4.1,4.4,3.4,3.6,4.6,7.3,3.8,4.4,2.9,3.5,4.5,0.2,42.34,35.9,40.42,42.86,6.0,40.23,0.0,42.19,43.87,32.4,18.8,12.1,0.2,32.5,0.2,3.8,355,0.0,12.9,1.9,-10.9,B,اولویت ۱,
tehran:m1208,سنگلج,منطقه ۱۲ شهر تهران,1.618,33.5,2.31,2.66,15.97,10,46.9,17.7,106.2,23.0,کم‌نور,44.3,17.9,106.0,106.0,0.0,183.0,79.0,52.0,46.7,50.7,35.8,38.7,56.2,40.1,43.3,51.6,-11.5,37.9,51.7,0.1,46.34,55.0,44.68,45.63,2.1,41.24,0.0,50.06,47.11,20.1,15.0,8.8,1.0,51.5,0.1,3.5,252,0.0,44.2,5.9,-16.2,C,,
tehran:m1212,هرندی,منطقه ۱۲ شهر تهران,1.744,34.77,7.12,2.39,8.63,12,130.2,125.4,133.9,64.5,پرنور,131.0,126.3,132.0,129.3,0.0,145.7,0.9,140.5,128.6,116.5,123.1,133.4,115.1,139.4,137.3,120.7,18.7,122.2,140.4,-1.9,53.2,80.6,50.4,53.3,5.8,44.91,0.0,53.13,50.5,36.2,17.9,8.2,3.6,30.5,0.3,3.3,271,0.0,4.2,10.2,-17.4,B,,
tehran:m1209,بازار,منطقه ۱۲ شهر تهران,1.55,17.43,0.12,4.73,23.3,10,5.2,5.0,60.9,4.3,خیلی کم‌نور,5.2,5.0,60.9,60.9,0.0,145.7,96.1,5.6,5.1,4.8,5.0,5.2,4.7,5.4,5.3,5.0,0.4,4.8,5.6,-5.1,46.09,53.7,44.0,46.02,4.6,44.22,0.0,44.59,47.67,18.5,13.2,7.9,1.4,55.5,0.1,3.5,243,0.0,28.0,0.2,-0.6,C,اولویت ۳ (درجهٔ C),
tehran:m1423,خاوران,منطقه ۱۴ شهر تهران,0.589,16.74,0.46,2.42,1.88,6,55.4,41.0,71.9,26.6,کم‌نور,58.7,41.9,71.3,52.2,45.1,103.8,73.4,47.4,62.8,54.1,55.4,59.4,55.1,47.4,61.6,55.4,-8.0,59.6,48.9,4.9,41.4,29.9,39.24,40.71,3.7,39.44,0.2,41.44,41.1,21.9,34.0,18.3,5.2,16.6,0.0,4.1,438,0.0,15.5,7.1,8.0,A,,
tehran:m1418,تاکسیرانی,منطقه ۱۴ شهر تهران,0.922,9.23,4.1,6.43,11.4,9,195.0,145.3,277.7,80.7,خیلی پرنور,206.6,145.8,276.9,145.8,39.8,206.2,0.4,146.6,205.7,234.8,160.3,208.5,269.8,143.6,215.2,269.6,-126.0,174.7,219.3,-1.0,51.0,71.6,51.81,48.72,-6.0,46.99,0.0,53.0,50.47,37.9,19.1,18.0,13.8,7.8,0.1,3.3,429,0.0,66.2,63.2,13.7,C,,
tehran:m1604,خزانه,منطقه ۱۶ شهر تهران,1.389,32.93,6.27,7.37,5.32,7,94.3,69.3,106.2,47.6,متوسط,94.5,69.5,105.6,69.5,30.9,234.6,17.7,67.7,95.6,100.9,71.4,97.8,99.5,74.5,101.4,101.1,-26.6,97.5,92.8,0.1,45.98,53.5,45.26,44.28,-2.2,40.34,4.2,46.33,46.74,30.9,28.6,14.1,9.5,10.2,3.2,3.6,400,0.0,18.5,15.4,3.7,A,,
tehran:m1602,باغ آذری,منطقه ۱۶ شهر تهران,2.468,24.17,8.36,9.88,11.44,12,278.5,207.4,308.0,93.9,خیلی پرنور,271.4,207.6,307.4,207.6,42.4,368.9,0.1,273.8,241.8,277.5,254.9,234.4,250.6,285.4,251.1,273.4,12.0,273.3,267.2,-0.0,51.23,73.1,50.29,52.25,3.9,45.73,0.0,51.64,51.16,46.4,16.1,11.2,5.8,15.2,2.2,3.3,348,0.0,50.3,17.4,-18.9,B,,
tehran:m1905,بهمنیار,منطقه ۱۹ شهر تهران,1.138,15.57,3.47,5.64,0.72,10,74.6,50.5,130.6,36.2,کم‌نور,73.5,51.7,130.0,56.9,0.0,160.3,62.8,63.0,80.8,103.0,80.4,82.7,77.4,66.2,69.6,80.5,-14.3,86.2,68.2,-1.4,38.98,15.3,37.12,40.44,8.9,36.47,42.5,39.18,37.39,17.6,25.9,17.1,23.6,8.3,3.0,4.5,385,0.0,40.0,7.5,17.4,B,,
tehran:m1607,یاخجی آباد - رضوان,منطقه ۱۶ شهر تهران,2.404,30.7,15.43,8.39,2.93,13,50.6,6.9,83.7,25.6,کم‌نور,57.5,7.0,83.6,42.6,0.0,160.3,51.0,58.3,50.2,45.1,50.2,51.1,52.2,62.8,56.9,52.9,9.9,54.3,58.7,1.0,37.98,12.3,35.46,39.84,12.4,34.49,60.4,38.31,38.65,17.1,31.3,15.3,18.2,10.5,3.2,4.3,369,0.0,38.4,5.0,-8.1,B,,
tehran:m1601,جوادیه (زمانی),منطقه ۱۶ شهر تهران,3.038,47.08,6.43,13.78,2.11,15,116.8,86.1,125.4,59.0,متوسط,121.0,86.2,124.9,86.2,0.0,368.9,43.2,107.3,111.7,122.1,115.9,115.9,127.5,114.5,118.9,126.3,-11.8,123.2,120.3,-0.7,42.3,35.2,41.76,41.8,0.1,35.22,28.0,45.58,45.0,39.1,22.1,16.0,4.8,11.2,3.1,3.7,387,0.0,19.7,6.0,8.6,C,,مرز در لایهٔ رسمی تقریباً بر «جوادیه» منطبق/درون آن است
tehran:m1505,افسریه شمالی,منطقه ۱۵ شهر تهران,1.509,27.49,0.0,10.18,2.66,10,41.4,29.2,54.7,21.0,کم‌نور,38.5,29.4,54.4,52.1,0.0,205.1,36.0,50.2,39.0,36.3,46.1,42.7,42.1,45.1,44.5,35.4,9.7,38.0,40.6,-2.3,37.97,12.0,35.97,38.96,8.3,35.21,64.6,37.6,39.64,24.9,33.7,23.1,0.2,13.6,0.3,4.2,420,0.0,12.8,5.4,-4.1,A,,
tehran:m1603,شهرک بعثت,منطقه ۱۶ شهر تهران,1.502,10.1,6.78,4.89,12.42,5,196.1,152.2,284.1,81.1,خیلی پرنور,212.3,153.0,283.7,153.0,45.6,214.4,0.5,209.7,196.1,219.0,183.5,204.3,195.8,205.4,207.9,219.2,-13.8,202.8,217.0,-2.3,42.09,33.0,41.38,41.77,0.9,37.79,12.3,41.67,40.41,20.7,33.2,17.7,10.1,10.8,3.4,4.1,356,0.0,66.0,7.4,-26.2,C,,
tehran:m1608,تختی,منطقه ۱۶ شهر تهران,1.294,16.14,3.74,6.25,5.02,5,207.2,144.4,239.8,83.4,خیلی پرنور,198.4,144.9,238.8,144.9,30.9,255.1,0.2,228.7,199.8,155.6,230.3,203.4,140.5,240.2,206.6,143.4,96.8,215.8,193.7,1.7,45.27,49.9,40.19,48.25,20.1,43.45,0.0,45.9,43.79,31.6,24.1,18.0,11.9,6.7,3.9,3.8,351,0.0,47.7,49.1,1.6,C,,
tehran:m1609,علی آباد,منطقه ۱۶ شهر تهران,1.339,14.33,7.38,8.92,2.71,9,128.3,90.1,145.7,63.4,پرنور,130.9,91.1,144.4,91.1,30.9,255.1,0.4,120.0,139.9,122.6,100.5,138.2,115.5,122.7,141.2,123.2,-0.5,123.0,122.0,-0.9,40.5,23.5,37.43,41.88,11.9,37.23,31.3,39.71,40.61,30.8,21.2,20.4,13.2,8.0,2.3,4.1,339,0.0,27.8,10.5,-19.5,B,,
tehran:m1606,نازی آباد,منطقه ۱۶ شهر تهران,2.376,35.1,11.8,7.49,12.04,14,107.2,86.9,137.4,55.0,متوسط,98.2,87.5,137.1,107.0,0.0,254.0,26.3,90.2,105.6,90.2,87.2,103.1,80.2,89.0,109.3,91.4,-2.4,116.2,85.1,5.5,44.49,45.7,42.25,44.11,4.4,41.27,0.5,45.4,45.14,27.5,21.8,12.3,10.4,20.1,4.1,3.7,408,0.0,25.2,11.1,-3.0,A,,
tehran:m2002,جوانمرد قصاب,منطقه ۲۰ شهر تهران,3.251,25.93,8.88,23.68,11.16,9,145.8,127.2,169.5,68.5,پرنور,147.4,127.8,168.8,127.8,0.0,260.7,0.3,164.7,134.1,132.3,142.2,159.2,122.8,165.0,151.6,129.6,35.4,151.3,146.6,-2.7,41.8,32.2,38.52,44.48,15.5,38.97,6.8,41.6,40.69,22.9,19.3,25.0,18.5,8.4,1.8,4.1,307,0.0,21.2,17.9,-22.5,A,,
tehran:m2003,دولت آباد,منطقه ۲۰ شهر تهران,2.462,40.41,8.31,9.24,5.8,13,118.5,95.3,141.0,59.8,متوسط,117.1,95.6,140.8,95.6,0.0,260.7,27.4,114.5,113.3,128.1,103.1,125.1,122.6,114.5,116.2,117.2,-2.7,121.4,113.7,-1.0,42.92,39.9,41.3,43.91,6.3,38.55,9.9,42.13,40.55,43.5,5.3,20.4,16.8,9.6,0.2,4.1,325,0.0,22.8,1.4,-11.4,A,,
tehran:m1516,مشیریه,منطقه ۱۵ شهر تهران,5.387,43.37,0.07,42.35,54.6,12,201.8,158.1,218.2,82.1,خیلی پرنور,202.3,158.2,217.9,158.2,0.0,400.6,26.4,221.2,176.4,176.3,205.1,193.7,177.7,228.0,191.3,183.7,44.3,185.1,211.9,-8.1,40.65,24.2,37.13,43.69,17.7,34.33,27.1,37.8,36.38,44.7,9.7,30.1,0.9,8.9,1.1,4.6,406,0.0,30.0,23.7,-16.1,B,,
tehran:m2103,ویلاشهر,منطقه ۲۱ شهر تهران,1.051,18.8,4.87,4.95,0.89,7,294.8,226.2,316.5,94.9,خیلی پرنور,303.8,227.1,315.5,227.1,262.5,330.7,0.0,289.8,272.3,313.7,269.4,270.0,278.3,295.8,295.2,304.0,-8.2,307.8,304.6,1.0,71.26,98.5,70.06,69.59,-0.7,63.62,0.0,73.36,69.36,36.1,31.8,9.2,8.8,2.5,9.2,2.4,287,0.0,45.2,4.9,-20.4,B,,
tehran:m2102,شهرک غزالی,منطقه ۲۱ شهر تهران,2.628,16.6,4.35,13.25,2.59,7,493.3,368.5,540.7,99.5,خیلی پرنور,497.8,368.7,539.6,368.7,295.7,785.7,0.0,467.5,471.4,470.0,441.7,498.0,490.0,497.3,498.9,495.6,1.7,485.6,501.5,-2.9,56.21,89.3,55.39,57.19,3.2,40.24,0.2,54.94,52.05,40.8,25.1,12.4,7.6,2.1,8.7,3.2,378,0.0,86.1,1.7,-25.8,C,,
tehran:m2108,شهرک آزادی,منطقه ۲۱ شهر تهران,2.461,16.63,10.36,17.97,2.03,10,346.4,282.6,425.1,97.2,خیلی پرنور,362.0,283.1,424.5,283.1,170.0,488.9,0.0,372.8,370.0,348.4,338.6,359.6,329.0,376.5,368.1,336.9,39.6,374.2,341.0,1.4,54.71,86.2,52.4,55.69,6.3,50.56,0.1,54.25,49.5,36.6,18.7,20.4,10.4,6.7,3.8,3.4,339,0.0,71.2,20.9,-34.2,C,,
tehran:m2210,شهرک صدرا,منطقه ۲۲ شهر تهران,12.02,90.7,22.41,71.6,17.96,25,222.1,174.0,228.7,86.6,خیلی پرنور,223.9,174.1,227.8,174.1,25.5,410.6,18.1,210.9,232.0,211.0,197.9,225.5,212.8,213.4,234.8,211.3,2.1,211.8,215.5,-3.2,44.89,47.7,42.6,43.73,2.7,26.29,37.6,42.03,41.32,46.8,16.2,20.1,5.2,7.1,0.6,4.0,429,0.0,27.3,13.0,-13.0,C,,مرز در لایهٔ رسمی تقریباً بر «شهرک صدرا» منطبق/درون آن است
tehran:m2208,سرو آزاد,منطقه ۲۲ شهر تهران,3.661,19.25,9.7,13.3,35.51,6,93.9,50.8,153.4,47.2,متوسط,107.1,51.0,153.2,80.7,0.0,186.5,8.0,113.3,111.8,137.4,89.3,100.5,101.3,99.2,100.5,109.4,-10.2,103.8,106.4,-6.0,36.41,8.2,36.89,34.57,-6.3,21.39,59.9,32.44,30.44,14.7,44.8,17.9,10.5,3.7,2.9,5.5,371,0.3,51.3,5.6,-24.0,B,,
tehran:m2206,گلستان,منطقه ۲۲ شهر تهران,1.715,19.22,4.16,13.95,0.66,7,102.3,24.0,125.4,51.9,متوسط,103.8,24.2,124.5,107.0,70.4,241.0,0.0,104.8,103.6,104.2,121.5,111.6,105.7,96.1,99.4,94.3,1.8,95.6,105.8,-1.8,47.89,60.1,44.81,48.06,7.3,42.61,0.0,48.06,48.5,16.3,37.1,24.3,5.2,13.7,0.1,3.4,367,0.0,50.7,2.6,16.7,B,,
tehran:m2204,دهکده المپیک,منطقه ۲۲ شهر تهران,2.307,21.22,2.9,17.34,0.64,8,279.9,214.2,333.5,94.1,خیلی پرنور,294.5,214.6,332.9,214.6,73.9,436.9,0.0,276.2,278.0,256.1,263.1,281.9,247.2,301.8,306.7,268.8,33.0,302.7,270.1,2.0,42.7,38.4,39.91,42.64,6.8,33.29,25.1,42.31,38.13,40.5,24.3,19.9,5.1,5.1,0.7,4.4,397,0.0,59.6,20.6,-13.1,B,,
tehran:m2203,آبشار تهران,منطقه ۲۲ شهر تهران,2.335,20.86,13.27,17.62,1.45,13,351.6,263.1,365.4,97.7,خیلی پرنور,354.9,263.7,360.6,263.7,70.4,689.2,0.0,364.2,350.0,365.6,324.7,364.9,381.1,341.6,359.2,343.8,-2.2,345.6,346.8,-3.9,52.31,77.2,49.23,52.73,7.1,40.0,5.4,52.4,47.66,38.0,31.5,14.3,6.9,5.6,0.2,3.5,413,0.0,51.1,9.6,-39.5,B,,
tehran:m502,شهران شمالی,منطقه ۵ شهر تهران,4.657,31.45,18.71,5.33,7.41,11,168.4,158.1,187.5,74.9,پرنور,176.0,160.1,186.9,160.1,58.2,443.7,0.0,163.1,176.9,192.3,158.4,196.3,203.0,157.3,180.5,186.8,-29.5,160.6,178.4,-3.6,36.9,9.2,37.85,35.01,-7.5,19.3,43.6,31.87,29.91,35.7,9.6,9.2,26.3,12.2,1.4,5.6,312,0.0,14.7,15.5,-4.7,A,,
tehran:m217,پردیسان,منطقه ۲ شهر تهران,3.565,37.1,0.97,20.94,9.25,10,112.1,82.9,139.0,56.8,متوسط,122.1,83.3,138.5,102.0,0.0,202.8,38.9,108.6,142.2,131.8,88.7,128.4,139.6,101.5,136.3,128.5,-27.0,117.3,121.2,-3.8,42.71,38.7,42.99,40.18,-6.5,30.0,24.5,36.19,35.55,30.1,21.9,24.0,4.6,13.5,1.2,4.7,413,0.0,28.0,18.3,-19.9,A,,
tehran:m1517,کیانشهر جنوبی,منطقه ۱۵ شهر تهران,3.619,43.34,3.74,32.01,6.84,14,96.2,74.1,104.5,49.4,متوسط,98.9,74.2,103.9,74.2,64.2,233.3,0.0,99.8,94.5,93.7,89.1,90.6,96.4,97.6,96.0,100.3,-2.7,91.7,105.5,-4.3,39.44,18.0,37.4,40.47,8.2,35.34,43.7,38.48,38.85,29.2,22.5,28.2,7.0,8.6,0.2,4.3,425,0.0,15.2,2.2,-10.7,A,,
tehran:m901,فرودگاه مهرآباد,منطقه ۹ شهر تهران,10.989,67.58,2.78,21.71,6.26,24,180.7,160.5,241.4,77.7,پرنور,203.8,161.1,241.2,163.0,0.0,503.3,27.8,188.9,196.2,217.8,154.6,207.5,186.8,187.6,206.7,205.0,-17.4,200.3,197.9,-0.1,42.47,37.0,40.4,41.38,2.4,24.23,48.3,34.75,31.7,43.0,18.6,12.8,4.7,10.6,5.0,5.3,395,0.0,40.4,10.6,-34.3,B,,
tehran:m2117,چیتگر,منطقه ۲۱ شهر تهران,8.248,31.88,19.4,44.82,10.92,17,649.3,482.6,715.7,99.7,خیلی پرنور,651.8,483.1,715.0,483.1,237.8,1100.0,0.0,667.0,611.4,591.7,590.9,622.0,541.2,687.5,656.3,582.5,105.0,643.9,629.1,0.8,61.97,95.7,56.73,64.46,13.6,44.27,1.7,57.85,54.56,43.2,18.5,13.0,8.3,2.8,11.2,3.1,372,0.0,116.6,53.9,-76.1,C,,
tehran:m2209,دریاچه,منطقه ۲۲ شهر تهران,12.917,46.36,53.3,32.5,21.58,28,270.3,210.7,293.2,92.8,خیلی پرنور,275.1,210.9,292.9,210.9,56.5,623.9,0.0,248.8,264.7,284.3,255.0,296.6,296.1,253.2,282.2,273.8,-20.6,259.7,272.1,-5.4,34.59,6.9,33.89,33.32,-1.7,15.78,62.2,33.66,30.98,36.8,25.4,14.0,10.9,5.3,2.2,5.4,431,0.0,41.2,14.9,6.2,B,,
tehran:m2107,شهرک استقلال,منطقه ۲۱ شهر تهران,11.78,68.33,19.89,55.99,8.56,19,467.2,352.6,499.2,99.2,خیلی پرنور,476.0,352.8,498.8,352.8,98.0,978.4,0.0,455.0,439.3,454.9,402.0,446.7,445.6,472.4,476.4,461.1,11.3,470.2,466.4,-1.4,56.7,89.5,54.96,56.64,3.1,40.0,8.0,56.98,52.28,55.7,6.7,13.4,7.4,4.0,9.7,3.2,341,0.0,73.3,7.9,-53.0,C,,
tehran:m1801,خلیج فارس,منطقه ۱۸ شهر تهران,8.138,42.17,21.13,21.95,6.1,15,157.3,153.2,180.4,72.4,پرنور,155.6,155.6,180.2,155.9,7.4,675.2,36.2,167.7,135.4,157.9,156.3,139.2,147.3,181.9,143.1,153.3,28.6,140.4,164.4,-5.2,37.04,10.0,35.27,39.74,12.7,25.81,66.0,36.88,32.82,26.0,15.3,14.5,19.4,12.4,7.3,5.1,333,0.0,13.6,20.1,-11.4,B,,
tehran:m713,بهار,منطقه ۷ شهر تهران,0.802,18.05,0.0,4.98,0.09,10,109.9,96.9,120.4,55.5,متوسط,108.3,98.0,118.5,118.5,16.6,167.0,2.0,110.1,99.4,105.9,118.5,103.8,100.0,109.7,100.1,103.2,6.5,115.8,99.6,4.1,49.97,67.8,47.16,50.09,6.2,48.21,0.0,49.85,50.59,25.1,11.7,16.5,1.7,41.5,0.1,3.3,390,0.0,11.8,4.9,8.4,B,,
tehran:m715,خواجه نظام الملک,منطقه ۷ شهر تهران,0.454,11.47,0.58,2.22,1.68,11,17.5,10.1,34.2,9.5,خیلی کم‌نور,21.0,11.4,33.9,32.2,0.0,184.9,88.7,21.3,25.4,28.6,9.9,11.6,24.2,19.8,20.3,26.6,-6.8,16.0,21.9,-3.8,42.14,33.8,41.82,41.39,-1.0,37.12,43.5,42.8,43.75,14.5,31.5,19.6,3.0,27.4,0.1,3.8,424,0.0,12.0,3.8,-11.4,B,اولویت ۱,
tehran:m707,کاج,منطقه ۷ شهر تهران,1.062,18.05,1.03,7.08,0.36,13,109.6,95.4,121.2,55.2,متوسط,107.4,96.7,119.4,107.8,3.1,167.0,5.7,116.4,92.4,112.0,101.0,88.8,103.8,110.0,90.0,106.9,3.1,98.3,103.2,-0.4,48.1,60.4,46.69,48.85,4.6,41.25,0.2,49.26,47.14,20.9,22.3,17.4,2.6,33.3,0.1,3.5,406,0.0,12.9,10.8,-15.4,B,,
tehran:m1313,پیروزی,منطقه ۱۳ شهر تهران,0.736,13.14,1.73,3.8,0.84,9,114.4,88.9,155.6,57.8,متوسط,114.7,89.7,155.0,133.9,0.0,166.7,0.3,116.0,124.6,105.2,142.9,110.0,114.2,106.3,112.1,117.2,-10.9,113.7,116.6,1.7,49.93,67.3,46.9,50.55,7.8,46.15,0.0,50.19,49.64,32.4,18.3,15.0,10.8,19.8,0.4,3.4,431,0.0,33.3,5.5,26.9,B,,
tehran:m1309,نیروی هوایی,منطقه ۱۳ شهر تهران,2.994,28.03,0.8,2.5,0.07,21,179.9,143.5,210.6,77.2,پرنور,180.6,143.9,210.3,143.9,23.1,269.0,0.0,158.6,179.7,188.1,156.3,188.9,185.5,167.9,192.4,185.1,-17.2,176.3,182.7,-0.6,45.57,51.9,44.46,43.9,-1.3,39.52,7.3,42.38,41.08,45.4,17.2,11.1,6.7,15.1,0.6,4.1,431,0.0,33.6,12.6,-2.3,B,,
tehran:m706,سهروردی - باغ صبا,منطقه ۷ شهر تهران,1.108,20.16,1.88,6.94,0.44,13,19.3,12.8,74.9,11.3,خیلی کم‌نور,20.1,13.7,74.8,74.8,0.0,127.2,98.3,28.8,17.8,22.3,24.2,26.1,30.6,22.2,18.8,26.7,-4.5,14.9,21.8,1.4,49.99,68.0,47.89,50.42,5.3,47.02,0.0,50.04,50.66,15.9,11.4,15.7,2.5,51.2,0.0,3.3,415,0.0,31.1,4.0,-4.6,C,اولویت ۳ (درجهٔ C),
tehran:m705,عباس آباد - اندیشه,منطقه ۷ شهر تهران,1.435,24.69,0.0,5.02,1.38,11,50.7,24.7,133.7,25.8,کم‌نور,41.4,24.9,133.7,133.7,0.0,126.4,53.1,49.9,44.2,60.7,61.2,38.5,42.0,36.2,35.9,51.3,-15.1,53.5,32.3,3.0,54.05,84.5,51.87,53.62,3.4,50.44,0.0,54.3,54.03,9.4,19.8,14.7,1.7,51.3,0.0,3.1,400,0.0,54.5,8.8,11.3,C,,
tehran:m704,حشمتیه,منطقه ۷ شهر تهران,0.576,6.21,0.0,4.11,3.06,5,124.1,99.0,170.6,62.8,پرنور,127.8,100.1,169.9,120.5,40.2,126.4,0.4,125.0,120.3,142.0,128.4,134.6,100.3,123.9,125.0,124.5,-0.6,128.3,123.1,2.8,50.48,69.7,49.23,49.49,0.5,44.55,0.0,50.56,47.31,13.4,30.9,18.0,1.8,32.3,0.1,3.5,400,0.0,35.8,0.6,3.4,B,,
tehran:m710,شاهد,منطقه ۷ شهر تهران,0.82,21.35,1.65,2.63,1.05,12,90.6,76.2,107.7,44.4,متوسط,95.8,76.8,107.2,76.8,0.0,111.3,3.9,97.5,88.0,79.9,90.6,94.4,77.2,98.3,95.0,80.7,17.6,92.0,91.4,-4.8,40.78,25.2,39.16,40.71,4.0,38.12,19.3,40.96,40.03,33.4,22.5,17.0,5.3,17.6,0.1,4.2,421,0.0,15.8,9.4,-6.9,C,,مرز در لایهٔ رسمی تقریباً بر «شارق شرقی» منطبق/درون آن است
tehran:m813,وحیدیه,منطقه ۸ شهر تهران,0.683,18.71,1.84,2.29,0.46,10,24.1,10.8,37.4,12.8,خیلی کم‌نور,21.8,11.3,36.8,35.1,0.0,109.5,97.7,20.7,20.6,37.7,10.8,22.7,27.2,14.8,20.8,32.5,-17.7,18.5,24.6,-4.7,37.41,11.0,36.32,37.21,2.5,35.75,83.3,37.3,37.06,29.0,21.4,17.8,6.5,20.7,0.1,4.5,422,0.0,13.3,9.0,-9.9,A,اولویت ۱,
tehran:m2101,وردآورد,منطقه ۲۱ شهر تهران,5.54,33.03,19.99,38.52,3.72,13,314.4,236.1,348.2,96.9,خیلی پرنور,316.0,236.4,347.8,236.4,78.3,840.9,0.0,314.4,281.2,318.8,250.4,288.0,303.5,316.2,300.7,320.9,-4.7,313.1,313.4,-1.7,46.96,56.6,44.84,48.16,7.4,37.04,14.8,46.95,41.66,31.6,20.0,21.4,13.1,4.0,5.8,4.0,291,0.0,56.0,10.6,-64.0,B,,
tehran:m2201,شهرک دانشگاه شریف,منطقه ۲۲ شهر تهران,11.271,40.92,37.87,63.56,9.29,21,382.2,287.8,400.4,98.5,خیلی پرنور,391.5,288.0,399.6,288.0,0.0,682.4,3.3,371.8,384.4,393.4,354.0,391.6,407.7,380.7,397.3,382.7,-2.0,357.2,407.5,-6.5,42.36,36.6,39.4,42.6,8.1,27.01,56.3,36.77,32.87,42.6,17.0,22.2,9.0,2.7,1.3,5.1,430,0.0,56.3,9.1,-17.8,B,,
tehran:m1308,حافظیه,منطقه ۱۳ شهر تهران,1.148,17.03,0.13,9.44,2.97,8,179.0,144.4,198.2,76.6,پرنور,181.8,145.1,197.0,145.1,37.5,191.6,0.5,209.2,171.1,168.2,183.0,183.0,136.1,204.5,183.5,155.6,48.9,177.2,169.9,-0.8,47.71,58.8,44.59,49.84,11.8,44.77,0.0,48.31,47.03,31.8,29.0,19.0,3.8,11.1,1.7,3.5,408,0.0,26.9,24.5,-26.2,B,,
tehran:m1304,شورا,منطقه ۱۳ شهر تهران,0.723,17.42,0.74,3.9,0.52,6,31.7,10.7,47.4,16.6,خیلی کم‌نور,17.8,11.0,46.7,29.3,23.6,177.4,96.3,18.2,19.8,9.3,13.6,15.1,22.0,18.8,15.8,18.6,0.2,15.0,22.7,-1.3,42.56,38.1,40.22,43.26,7.6,41.31,0.0,42.46,43.83,20.3,34.0,23.1,2.0,16.4,0.4,3.8,425,0.0,18.4,1.7,-4.6,A,اولویت ۱,
tehran:m701,نیلوفر,منطقه ۷ شهر تهران,2.62,35.49,2.7,17.85,4.15,11,133.5,106.3,162.1,65.7,پرنور,127.0,106.8,161.8,161.8,49.3,310.6,13.0,129.9,120.5,120.5,114.1,125.2,125.9,125.9,122.6,121.6,4.3,112.0,130.8,-1.5,57.3,90.8,54.88,56.11,2.2,51.02,0.0,59.76,57.21,25.2,17.4,16.5,2.0,36.0,0.0,2.9,400,0.0,27.9,2.3,-15.8,B,,
tehran:m809,زرکش,منطقه ۸ شهر تهران,0.709,16.71,0.86,3.69,0.12,10,106.5,95.7,132.3,54.5,متوسط,110.6,96.9,131.9,102.4,0.0,120.0,4.7,119.3,103.1,87.4,130.4,106.0,106.0,124.6,105.7,94.4,30.2,98.8,115.1,-3.8,43.13,41.7,41.36,43.71,5.7,39.82,2.4,43.41,42.88,36.8,15.1,18.8,3.7,21.6,0.1,3.9,423,0.0,18.3,15.3,11.1,A,,
tehran:m810,تسلیحات,منطقه ۸ شهر تهران,0.523,13.58,1.95,2.19,1.02,8,16.0,3.3,32.3,8.7,خیلی کم‌نور,12.6,3.5,32.1,19.5,0.0,109.5,98.1,11.5,15.1,12.6,11.9,10.3,10.4,10.7,12.5,13.4,-2.7,14.5,8.6,-2.2,38.36,14.1,36.94,38.22,3.5,35.82,54.5,38.47,39.88,16.1,30.0,23.6,5.8,20.3,0.0,4.2,434,0.0,14.5,1.4,0.4,B,اولویت ۱,
tehran:m1303,میدان امامت,منطقه ۱۳ شهر تهران,0.671,14.31,0.39,6.01,0.12,11,89.0,70.8,95.6,43.4,متوسط,92.3,71.4,92.3,89.5,2.8,166.7,4.7,74.7,99.2,97.4,78.2,106.3,111.6,69.4,103.0,98.3,-28.9,101.1,82.8,0.7,44.2,44.6,42.39,44.01,3.8,41.83,0.0,44.36,43.88,30.1,24.0,20.0,2.4,19.5,0.2,3.8,430,0.0,12.4,18.2,3.5,C,,مرز در لایهٔ رسمی تقریباً بر «امامت» منطبق/درون آن است
tehran:m803,فدک,منطقه ۸ شهر تهران,1.467,26.86,0.77,17.87,1.01,9,95.5,82.0,124.7,48.6,متوسط,98.3,83.4,124.3,87.0,21.1,114.3,0.2,84.6,100.1,98.3,87.7,117.6,99.5,86.5,105.0,96.7,-10.2,109.2,92.2,2.1,48.89,63.2,46.98,47.87,1.9,44.88,0.0,48.63,49.0,25.7,21.3,26.0,2.2,21.4,0.0,3.4,427,0.0,21.4,9.3,3.1,A,,
tehran:m802,کرمان,منطقه ۸ شهر تهران,1.481,30.26,0.88,10.22,2.23,12,91.7,74.4,100.5,45.0,متوسط,91.7,74.7,100.0,91.8,0.0,126.5,19.9,85.8,80.8,95.0,102.1,91.6,96.9,89.6,87.0,96.9,-7.3,83.9,89.3,-0.0,44.49,45.7,43.95,43.48,-1.1,38.39,11.3,45.99,45.18,31.1,17.0,25.5,2.0,20.6,0.0,3.7,428,0.0,13.0,5.1,16.3,A,,
tehran:m702,دبستان,منطقه ۷ شهر تهران,1.932,30.68,0.96,11.72,1.88,12,199.7,179.3,226.0,81.6,خیلی پرنور,204.5,180.2,224.9,180.2,0.0,271.7,14.4,151.3,213.7,228.9,154.0,206.1,216.3,151.5,219.8,237.3,-85.8,218.3,171.3,8.0,55.31,86.7,57.97,49.19,-15.1,44.15,0.0,56.47,54.1,43.3,14.9,17.9,1.5,19.2,0.0,3.1,393,0.0,23.3,45.3,2.7,C,,
tehran:m804,هفت حوض,منطقه ۸ شهر تهران,1.099,22.26,1.81,6.0,0.69,10,83.3,46.4,105.7,40.4,متوسط,75.8,46.7,105.0,105.0,43.7,135.2,0.1,71.8,72.5,65.6,86.6,93.8,81.5,69.0,81.2,72.9,-3.9,71.6,65.8,3.5,54.05,84.5,52.74,52.34,-0.8,46.1,0.0,54.07,53.3,31.5,15.1,19.7,1.4,29.1,0.1,3.1,423,0.0,29.6,6.2,14.8,A,,
tehran:m805,مدائن,منطقه ۸ شهر تهران,1.158,24.39,0.03,5.58,0.85,7,95.7,74.9,120.4,48.8,متوسط,88.6,75.4,119.9,119.9,71.1,99.6,0.0,80.2,87.3,106.5,107.3,90.6,106.0,80.7,84.7,101.3,-20.6,103.9,86.1,3.1,54.41,85.9,53.81,52.84,-1.8,49.87,0.0,54.56,54.27,20.8,28.4,16.4,0.7,30.5,0.1,3.1,429,0.0,22.8,10.9,27.1,B,,
tehran:m1305,آشتیانی,منطقه ۱۳ شهر تهران,1.038,14.96,0.57,12.77,2.05,12,155.4,116.9,204.5,71.9,پرنور,173.8,118.1,204.1,137.0,0.0,195.7,11.1,165.3,173.1,123.1,169.1,185.4,143.0,177.7,183.9,133.6,44.1,148.7,174.3,-2.7,46.96,56.6,43.65,47.96,9.9,42.37,6.8,46.56,44.71,23.3,24.8,25.1,1.0,21.8,0.2,3.7,424,0.0,43.8,27.4,3.8,B,,
tehran:m1307,شهرک زینبیه,منطقه ۱۳ شهر تهران,0.915,11.29,0.0,8.34,1.8,5,102.7,76.5,147.9,52.4,متوسط,109.0,78.0,145.4,78.0,0.0,138.1,0.8,153.4,57.5,141.0,151.6,88.9,120.6,144.0,72.8,129.5,14.5,135.6,97.8,-5.1,45.65,52.4,42.96,48.25,12.3,37.95,12.3,43.34,39.61,13.4,44.8,21.8,1.0,14.1,0.7,4.2,429,0.0,35.7,37.6,-1.8,B,,
tehran:m806,دردشت,منطقه ۸ شهر تهران,1.319,25.09,0.17,8.9,1.87,10,121.7,108.3,144.2,60.6,پرنور,122.2,108.8,143.7,108.8,0.0,157.1,0.1,100.0,106.3,132.9,99.2,111.5,116.5,106.5,115.7,132.1,-25.6,119.0,122.5,0.6,50.48,69.7,49.77,48.92,-1.7,47.48,0.0,49.93,49.97,31.8,16.8,19.0,0.3,28.7,0.1,3.3,426,0.0,17.9,13.0,-0.8,A,,
tehran:m503,حصارک,منطقه ۵ شهر تهران,2.024,19.73,2.81,3.14,7.43,9,191.7,145.7,223.3,79.8,پرنور,190.6,146.0,222.7,146.0,32.2,286.4,30.2,180.5,183.5,202.6,173.6,202.2,185.4,184.1,194.4,188.9,-4.8,197.8,179.0,-2.3,36.44,8.4,37.13,34.58,-6.9,29.13,64.3,31.43,30.77,47.3,18.9,8.6,13.3,5.3,1.3,5.4,380,0.3,38.8,5.2,-6.9,B,,
tehran:m512,شاهین - مخبری,منطقه ۵ شهر تهران,1.139,15.76,3.54,8.62,2.02,4,63.0,35.4,76.1,30.9,کم‌نور,62.9,36.1,75.1,63.1,35.2,113.1,41.4,56.3,51.4,91.6,59.1,70.1,77.2,53.4,57.3,78.2,-24.8,71.5,46.4,-1.7,44.33,45.1,44.03,43.13,-2.0,42.75,0.0,44.33,44.36,9.4,22.8,25.0,16.6,22.3,0.0,3.8,344,0.0,20.3,13.3,2.8,A,,
tehran:m511,جنت آباد مرکزی,منطقه ۵ شهر تهران,1.784,30.93,3.08,12.94,3.67,7,44.5,30.3,65.4,22.0,کم‌نور,44.6,30.6,65.2,65.2,15.1,99.2,47.6,50.8,46.5,41.5,51.3,55.4,53.2,45.3,42.8,41.5,3.8,36.4,43.3,-4.0,43.25,42.5,41.99,42.72,1.7,40.63,0.0,43.08,42.91,13.1,19.7,25.9,14.3,23.1,0.0,3.9,346,0.0,17.6,1.9,0.5,A,,
tehran:m514,پونک,منطقه ۵ شهر تهران,1.658,22.67,2.07,17.02,2.22,6,142.3,125.6,168.2,67.9,پرنور,139.6,126.3,167.7,145.0,93.0,192.3,0.0,124.4,142.4,149.5,132.0,137.9,160.0,124.8,139.4,150.7,-25.9,128.1,145.5,-3.6,51.85,75.1,50.71,50.47,-0.5,48.18,0.0,52.49,51.33,22.2,18.3,22.6,10.5,23.2,0.0,3.2,341,0.0,21.3,13.0,7.6,C,,مرز در لایهٔ رسمی تقریباً بر «پونک جنوبی» منطبق/درون آن است
tehran:m214,ایوانک,منطقه ۲ شهر تهران,3.049,26.22,12.74,18.95,37.66,6,196.2,135.8,274.7,81.3,خیلی پرنور,215.4,136.1,274.5,183.7,137.9,316.7,0.0,184.1,202.2,192.9,189.7,220.8,233.5,196.6,222.8,220.3,-23.7,200.2,223.5,-4.1,47.03,57.0,46.54,45.43,-2.4,37.2,13.8,46.25,43.34,29.4,18.9,19.7,9.2,18.2,0.7,3.8,368,0.0,69.4,14.5,5.6,C,,
tehran:m213,شهرک قدس,منطقه ۲ شهر تهران,3.543,22.83,12.27,19.53,37.01,7,354.4,295.3,380.8,98.0,خیلی پرنور,345.7,296.0,380.0,296.0,229.4,464.6,0.0,299.6,323.1,322.7,299.9,327.7,314.2,320.1,357.0,350.2,-30.1,340.8,331.4,0.1,53.91,83.5,53.58,51.69,-3.5,49.63,0.0,55.05,53.08,36.3,19.8,16.8,6.4,17.3,0.3,3.1,400,0.0,42.8,19.6,0.3,B,,
tehran:m209,درختی,منطقه ۲ شهر تهران,1.852,24.97,5.63,15.6,5.94,9,92.3,58.0,130.7,45.8,متوسط,84.7,58.5,130.5,103.5,73.4,316.7,0.0,54.4,77.3,83.8,82.3,90.1,75.5,68.2,88.9,87.4,-19.2,79.3,79.0,-1.1,51.16,72.9,49.86,49.48,-0.8,41.73,0.0,51.22,52.2,26.3,15.5,20.7,7.9,26.4,0.0,3.2,369,0.0,36.3,11.5,27.9,B,,
tehran:m203,شهرک مخابرات,منطقه ۲ شهر تهران,1.216,12.56,7.3,6.15,3.07,9,346.6,283.9,466.4,97.4,خیلی پرنور,379.9,284.6,466.0,284.6,128.5,426.2,0.0,306.6,325.6,372.4,331.1,367.7,351.5,367.8,386.2,376.4,-8.6,364.1,384.4,-2.7,53.27,81.3,50.15,53.27,6.2,50.13,0.5,53.97,48.52,48.4,14.5,11.3,9.2,13.1,0.0,3.4,360,0.0,91.2,9.2,24.5,C,,
tehran:m204,شهرک بوعلی,منطقه ۲ شهر تهران,0.78,12.78,0.5,4.29,0.18,9,218.8,192.2,251.7,86.2,خیلی پرنور,230.7,194.5,248.5,194.5,128.5,426.2,0.0,259.3,310.1,155.9,153.9,259.8,116.6,240.8,314.9,135.5,105.3,243.1,215.0,3.0,55.69,87.5,48.9,54.59,11.6,51.69,0.0,56.61,53.49,50.6,16.0,11.9,5.4,13.0,0.0,3.1,382,0.3,29.8,90.2,-105.4,C,,
tehran:m207,آسمان,منطقه ۲ شهر تهران,2.076,23.02,9.23,14.36,2.44,8,153.8,81.9,203.0,71.1,پرنور,156.5,82.1,202.7,169.0,54.3,235.4,0.0,150.1,147.3,143.3,152.8,139.1,147.7,156.0,155.0,156.0,0.0,144.8,159.5,-3.0,54.1,85.2,52.67,53.45,1.5,47.54,0.0,53.54,52.19,22.9,19.4,19.1,9.7,25.7,0.0,3.2,373,0.0,60.6,0.6,2.7,C,,
tehran:m302,آرارات,منطقه ۳ شهر تهران,3.865,51.48,6.09,25.54,5.2,19,212.8,187.8,230.2,84.7,خیلی پرنور,217.7,188.6,229.5,188.6,62.8,358.8,0.0,182.9,225.1,211.2,197.2,233.8,205.8,192.0,230.7,208.2,-16.2,209.4,201.9,1.7,62.58,96.7,61.32,59.67,-2.7,54.15,0.0,62.23,60.99,44.1,16.5,16.2,2.6,17.9,0.1,2.7,351,0.0,21.2,19.4,14.3,A,,
tehran:m206,سعادت آباد,منطقه ۲ شهر تهران,2.678,32.27,8.85,16.08,7.45,19,272.3,240.7,312.3,93.1,خیلی پرنور,274.3,241.8,311.6,243.2,71.6,413.0,0.0,213.0,243.2,285.5,248.7,274.3,285.1,242.0,276.3,302.8,-60.8,280.6,252.7,4.0,60.56,94.4,60.88,57.12,-6.2,51.14,0.0,61.24,59.09,47.4,12.6,15.0,5.0,17.2,0.0,2.8,388,0.0,35.8,30.5,35.7,B,,
tehran:m101,درکه,منطقه ۱ شهر تهران,0.848,10.8,2.9,0.0,5.22,7,139.9,92.9,175.4,67.3,پرنور,144.9,93.5,174.8,126.6,67.2,176.5,0.0,124.7,128.8,159.6,152.7,140.6,146.5,134.7,143.6,153.8,-19.1,149.9,141.2,5.7,27.79,0.8,27.91,27.25,-2.4,19.5,86.1,27.92,25.18,28.5,46.3,5.9,2.0,10.7,0.0,6.6,420,0.0,41.2,9.6,28.0,B,,
tehran:m102,اوین,منطقه ۱ شهر تهران,1.549,17.8,2.97,7.89,7.19,11,170.1,147.7,227.7,75.2,پرنور,182.9,149.0,227.4,149.0,101.2,313.9,0.0,170.6,158.8,192.0,174.9,154.8,159.8,184.0,173.9,191.7,-7.7,170.2,180.3,1.6,50.19,68.7,50.2,48.46,-3.5,33.15,24.5,48.0,46.83,31.4,38.7,11.5,1.6,13.3,0.0,3.6,369,0.0,40.0,8.9,4.3,B,,
tehran:m114,محمودیه,منطقه ۱ شهر تهران,0.858,10.87,2.53,5.99,0.06,4,293.3,146.5,358.5,94.6,خیلی پرنور,308.0,147.4,357.3,276.2,177.4,320.1,0.0,265.0,288.5,292.7,245.5,304.2,269.6,290.7,329.5,288.6,2.1,319.5,270.4,8.7,66.92,97.7,63.27,65.97,4.3,56.95,0.0,66.26,62.02,26.0,36.1,11.1,0.6,23.5,0.0,2.7,425,0.0,106.0,23.0,-19.5,C,,
tehran:m312,جلفا,منطقه ۳ شهر تهران,0.98,14.76,2.73,6.16,4.9,6,110.9,65.5,128.5,56.0,متوسط,106.5,66.0,126.5,115.2,98.9,128.7,0.0,92.7,110.6,114.6,96.2,120.4,125.9,92.3,106.7,115.3,-23.0,109.6,103.3,2.1,54.91,86.4,54.69,51.64,-5.6,49.69,0.0,51.76,49.91,18.1,28.3,18.4,3.8,28.0,0.0,3.3,401,0.0,31.5,11.6,3.5,B,,
tehran:m313,اراضی عباس آباد,منطقه ۳ شهر تهران,2.674,19.03,1.41,16.26,24.52,5,273.3,197.0,297.0,93.4,خیلی پرنور,278.0,197.7,296.0,197.7,143.5,445.5,0.0,263.2,305.6,276.5,254.4,258.6,251.6,252.9,314.6,272.5,-19.6,259.8,269.2,-3.8,55.95,88.7,54.17,52.15,-3.7,42.23,1.9,56.41,51.62,29.6,27.8,19.8,2.9,16.7,0.0,3.2,429,0.0,50.0,31.5,-8.8,B,,
tehran:m309,ونک,منطقه ۳ شهر تهران,3.725,34.03,8.7,30.46,6.16,9,310.1,294.0,338.9,96.5,خیلی پرنور,297.3,295.2,337.5,334.8,175.0,510.0,0.0,273.9,298.1,311.5,251.3,314.2,333.5,268.6,311.2,321.7,-53.1,276.6,296.5,-2.0,73.03,99.4,72.61,69.53,-4.2,65.56,0.0,74.41,70.04,32.1,18.2,16.8,3.2,27.4,0.0,2.4,362,0.3,22.4,28.1,-22.6,C,,مرز در لایهٔ رسمی تقریباً بر «کاووسیه» منطبق/درون آن است
tehran:m310,میرداماد,منطقه ۳ شهر تهران,2.719,39.93,10.68,14.87,3.22,12,140.4,107.8,158.5,67.5,پرنور,130.4,108.2,157.3,150.4,13.4,236.3,26.3,101.2,141.5,132.1,117.2,134.7,137.5,106.7,137.9,133.8,-27.1,126.1,116.1,3.2,55.78,88.0,54.3,52.72,-2.9,49.1,0.0,56.1,57.04,24.2,20.8,14.0,5.7,32.4,0.0,2.9,381,0.0,25.4,17.0,16.0,B,,
tehran:m416,مهران,منطقه ۴ شهر تهران,2.148,36.89,2.4,12.88,2.35,9,115.3,102.3,126.9,58.1,متوسط,113.2,102.8,126.2,105.9,84.9,216.3,0.0,94.5,113.0,119.3,103.9,123.5,117.5,98.9,121.9,118.4,-19.5,112.5,107.3,3.5,51.98,76.0,51.24,49.14,-4.1,47.99,0.0,51.93,52.01,33.7,20.3,18.6,1.4,22.7,0.1,3.2,398,0.0,12.3,12.4,9.4,A,,
tehran:m415,بنی‌هاشم,منطقه ۴ شهر تهران,1.377,27.37,0.0,14.46,0.8,7,76.4,62.7,82.4,37.5,کم‌نور,79.7,63.3,81.6,73.0,62.4,107.9,0.0,88.2,72.6,71.1,92.4,69.8,67.3,91.0,70.5,69.3,21.7,80.1,79.6,2.6,45.02,49.1,42.74,45.45,6.3,42.08,0.0,45.65,45.53,21.0,32.9,22.2,0.4,19.8,0.0,3.7,376,0.0,9.9,12.2,4.2,A,,
tehran:m311,حسینیه ارشاد - قبا,منطقه ۳ شهر تهران,1.037,16.24,2.94,3.52,1.54,8,75.3,36.8,131.7,37.1,کم‌نور,70.2,37.1,131.3,131.3,30.3,140.3,52.3,90.7,71.0,66.1,73.5,74.2,71.1,73.9,68.3,68.7,5.2,73.1,67.4,5.4,54.35,85.7,51.67,54.07,4.6,46.02,0.0,54.86,53.82,15.8,21.7,11.0,6.1,42.2,0.0,3.1,403,0.0,47.4,3.1,-17.2,B,,
tehran:m308,قلهک,منطقه ۳ شهر تهران,1.124,18.6,4.95,1.77,0.46,12,66.4,36.8,84.4,33.2,کم‌نور,66.6,37.5,83.0,82.9,0.0,113.8,0.8,62.5,69.1,77.6,72.3,64.0,67.8,59.6,64.7,68.6,-9.0,72.7,57.6,7.2,39.59,18.9,37.54,39.62,5.5,37.53,42.8,39.46,39.22,16.3,12.8,10.2,10.8,45.7,0.0,4.2,397,0.0,23.8,4.5,9.8,C,,
tehran:m305,کاوه,منطقه ۳ شهر تهران,0.914,14.56,4.0,5.11,0.44,12,25.2,12.1,43.0,13.4,خیلی کم‌نور,22.9,12.4,42.8,42.8,0.0,232.5,65.5,32.5,23.7,21.3,42.1,21.3,18.5,28.2,20.4,19.5,8.7,25.4,20.4,7.0,41.6,30.6,39.75,41.53,4.5,38.85,6.8,41.69,42.46,17.0,18.2,18.4,7.7,34.7,0.0,3.9,407,0.0,15.4,4.8,9.6,C,اولویت ۳ (درجهٔ C),مرز در لایهٔ رسمی تقریباً بر «درب دوم» منطبق/درون آن است
tehran:m115,باغ فردوس,منطقه ۱ شهر تهران,1.9,23.11,6.62,3.7,1.33,12,200.3,162.5,228.6,81.8,خیلی پرنور,204.3,164.4,225.7,220.8,89.6,320.1,0.0,202.0,206.7,196.4,245.6,203.7,157.3,226.3,206.0,173.8,52.5,234.2,166.4,13.2,61.31,95.4,56.69,62.6,10.4,48.16,0.0,60.79,57.7,46.3,14.4,7.7,0.9,27.8,0.0,2.9,426,0.0,33.0,26.5,43.6,B,,
tehran:m304,زرگنده,منطقه ۳ شهر تهران,1.797,32.59,6.29,9.74,2.48,10,16.7,4.5,33.8,9.2,خیلی کم‌نور,9.4,4.9,33.5,31.4,6.4,245.3,92.8,26.8,6.2,17.6,20.3,4.1,11.3,21.8,4.3,11.4,10.4,18.2,13.4,4.3,43.15,41.9,41.78,42.35,1.4,39.87,0.0,43.7,44.19,12.2,24.9,16.3,7.1,35.8,0.0,3.8,382,0.0,14.6,8.8,-6.5,B,اولویت ۲,
tehran:m303,جردن - پارک ملت,منطقه ۳ شهر تهران,3.697,51.73,0.0,13.88,9.64,15,167.0,148.8,192.4,74.2,پرنور,160.7,149.3,192.1,173.3,17.3,358.8,0.0,160.9,140.8,164.7,151.8,144.1,161.8,160.7,147.6,165.9,-5.2,158.5,155.9,3.1,58.47,93.1,57.65,57.36,-0.5,51.4,0.0,57.99,57.54,47.7,12.3,10.9,1.0,25.3,0.0,2.9,375,0.0,21.8,9.4,-9.1,A,,
tehran:m116,تجریش,منطقه ۱ شهر تهران,1.914,23.83,5.35,6.92,5.79,11,214.0,197.4,244.5,84.9,خیلی پرنور,216.4,200.2,243.0,211.7,89.6,278.9,0.0,168.1,201.8,238.1,210.1,218.7,221.6,173.8,221.9,237.2,-63.4,223.7,184.1,11.1,57.02,89.9,55.53,55.2,-0.6,50.4,0.0,57.07,54.8,37.4,19.0,9.9,1.6,29.2,0.0,3.0,412,0.0,23.5,33.1,42.0,B,,
tehran:m126,قیطریه,منطقه ۱ شهر تهران,1.541,18.98,6.12,11.23,6.27,7,212.6,192.2,230.3,84.4,خیلی پرنور,208.5,192.9,228.7,192.9,106.1,272.8,0.0,186.2,204.0,219.3,188.6,209.1,224.4,191.1,206.3,219.8,-28.7,221.7,195.5,8.4,52.55,78.5,51.73,50.15,-3.1,46.3,0.0,52.57,52.18,30.4,18.5,16.1,2.7,29.2,0.0,3.2,418,0.0,19.1,14.4,2.4,A,,
tehran:m307,دروس,منطقه ۳ شهر تهران,1.969,30.28,5.87,3.29,0.11,17,91.6,73.6,135.9,44.8,متوسط,83.5,74.2,135.5,135.5,30.3,251.0,0.5,85.4,92.2,79.6,106.5,88.5,71.1,88.0,89.4,75.3,12.7,99.8,71.8,10.3,44.53,46.0,41.08,44.93,9.4,40.01,0.0,44.42,44.11,29.2,5.9,8.5,6.0,46.6,0.0,3.8,402,0.0,31.2,7.8,21.1,C,,
tehran:m306,اختیاریه,منطقه ۳ شهر تهران,2.532,47.32,3.94,15.24,2.13,16,22.0,8.6,59.1,11.8,خیلی کم‌نور,20.0,8.8,58.9,58.9,0.0,165.2,94.2,16.6,22.7,27.7,31.2,25.4,22.8,13.9,20.9,23.3,-9.4,32.1,14.4,11.2,43.1,41.2,41.51,42.04,1.3,39.26,4.7,42.84,42.92,17.2,17.6,18.9,3.5,38.8,0.1,3.9,383,0.0,25.2,4.9,14.6,B,اولویت ۲,
tehran:m401,پاسداران - ضرابخانه,منطقه ۴ شهر تهران,3.962,37.88,0.7,22.77,1.29,17,157.0,131.7,169.3,72.1,پرنور,151.6,132.3,168.5,159.8,34.0,251.0,0.2,145.5,151.1,158.5,139.2,147.3,151.0,143.0,148.9,150.7,-7.7,156.5,139.8,7.6,51.25,73.5,48.71,49.94,2.5,40.45,4.7,48.67,48.29,26.8,22.3,16.8,1.2,29.1,0.2,3.4,382,0.0,18.8,4.0,-6.3,A,,
tehran:m402,هروی - حسین آباد,منطقه ۴ شهر تهران,4.033,51.94,5.38,28.21,4.88,13,173.5,154.9,190.1,75.7,پرنور,168.7,155.4,189.4,178.2,75.6,251.0,0.0,158.4,178.5,155.1,175.9,189.7,146.7,160.1,185.2,150.7,9.4,178.4,153.5,6.3,48.58,62.5,45.22,47.94,6.0,42.62,2.3,48.52,48.54,41.6,12.5,19.5,0.3,22.6,0.1,3.4,368,0.0,17.6,17.8,17.5,A,,
tehran:m124,دزاشیب - حکمت,منطقه ۱ شهر تهران,1.986,36.71,7.64,6.59,2.32,15,61.3,46.6,112.1,30.6,کم‌نور,62.0,48.0,111.9,111.9,13.6,272.8,60.0,65.0,60.2,71.2,79.3,67.6,62.8,57.1,57.6,63.2,-6.1,74.1,55.0,12.4,51.88,75.7,49.73,50.73,2.0,44.72,0.0,51.49,50.97,30.3,17.2,9.4,0.9,38.9,0.0,3.3,400,0.0,32.8,3.4,14.3,B,,
tehran:m125,چیذر,منطقه ۱ شهر تهران,1.199,17.73,3.98,4.81,0.87,12,130.0,89.2,181.5,64.2,پرنور,131.1,90.3,181.0,181.0,16.6,217.1,0.7,113.7,135.2,142.4,144.9,123.6,130.7,119.2,127.2,134.2,-15.0,136.8,109.3,10.1,51.08,72.1,49.24,49.61,0.8,49.45,0.0,51.32,50.6,31.6,14.0,14.5,1.0,35.5,0.0,3.3,404,0.0,46.2,7.5,31.2,B,,
tehran:m120,دیباجی - فرمانیه,منطقه ۱ شهر تهران,1.88,24.52,2.14,12.16,1.44,13,250.8,217.6,304.2,89.5,خیلی پرنور,256.5,218.5,303.8,218.5,14.8,334.9,0.3,247.4,248.7,233.8,257.1,260.7,227.6,265.3,267.2,235.8,29.5,277.4,235.6,10.6,57.69,91.3,53.92,57.77,7.1,48.25,0.0,58.02,57.37,42.1,16.6,15.9,0.7,21.7,0.1,2.9,367,0.0,43.3,17.6,9.7,B,,
tehran:m121,اقدسیه,منطقه ۱ شهر تهران,1.414,15.58,2.17,15.07,2.17,10,253.8,210.2,295.5,90.4,خیلی پرنور,255.6,211.5,294.2,211.5,172.3,334.9,0.0,267.1,241.1,249.8,241.7,236.3,221.4,265.6,240.4,237.3,28.3,270.3,223.1,7.9,57.72,91.7,54.29,57.62,6.1,53.05,0.0,58.02,56.76,39.3,24.0,22.7,0.5,10.4,0.2,2.9,371,0.3,42.7,15.5,-25.4,C,,مرز در لایهٔ رسمی تقریباً بر «اراج» منطبق/درون آن است
tehran:m103,ولنجک,منطقه ۱ شهر تهران,2.52,25.83,9.4,10.0,6.82,13,267.5,234.6,303.7,92.3,خیلی پرنور,266.6,235.4,302.9,235.4,101.2,392.8,0.0,257.0,275.2,257.9,270.2,277.7,251.7,255.2,278.4,247.0,8.2,278.9,248.8,7.3,48.29,61.1,45.44,47.07,3.6,42.98,3.6,48.65,47.04,45.6,24.2,9.8,0.9,15.9,0.0,3.5,407,0.0,34.6,16.3,13.2,B,,
tehran:m104,زعفرانیه,منطقه ۱ شهر تهران,2.39,31.51,6.59,5.0,2.61,14,230.3,206.1,249.6,87.2,خیلی پرنور,232.1,206.9,248.8,206.9,2.5,544.9,33.7,217.5,218.0,221.9,237.3,231.0,211.7,227.4,235.2,222.0,5.4,242.3,222.0,13.3,47.07,57.3,44.42,46.69,5.1,42.4,0.4,47.54,48.47,48.2,18.9,6.0,0.8,22.7,0.0,3.4,414,0.7,21.8,6.6,19.8,A,,
tehran:m105,دربند,منطقه ۱ شهر تهران,1.908,21.2,6.38,0.64,4.75,8,249.7,218.3,260.9,89.3,خیلی پرنور,248.6,219.4,255.3,219.4,145.5,372.4,0.0,216.1,207.0,261.3,238.0,220.8,223.1,249.4,232.2,250.5,-1.1,284.4,230.8,9.0,45.89,52.9,44.73,45.59,1.9,29.9,49.7,44.16,40.51,55.0,16.3,2.3,0.8,21.3,0.2,4.1,397,0.3,21.3,10.3,21.9,A,,
tehran:m106,گلاب دره,منطقه ۱ شهر تهران,0.626,13.01,0.42,0.0,2.85,9,103.0,61.6,124.7,52.7,متوسط,97.7,62.2,123.6,62.2,0.0,188.3,46.4,125.1,90.5,119.4,111.7,111.6,110.4,108.3,99.8,82.1,26.2,96.1,90.0,9.5,37.61,11.5,36.67,37.02,1.0,32.87,56.3,37.86,33.1,38.4,41.5,1.5,0.6,13.0,0.0,5.0,418,0.2,31.6,13.4,-13.4,B,,
tehran:m117,امام زاده قاسم,منطقه ۱ شهر تهران,1.637,26.72,4.68,1.67,0.61,13,161.5,147.3,173.4,73.4,پرنور,167.2,149.1,171.5,158.5,100.6,252.0,0.0,144.2,172.1,158.7,144.4,162.6,152.4,156.6,175.9,164.3,-7.7,182.7,152.5,13.9,44.84,47.3,43.14,43.66,1.2,40.95,0.0,44.29,44.68,50.7,17.2,4.1,0.7,23.5,0.0,3.7,404,0.0,13.0,9.7,0.2,A,,
tehran:m107,جماران,منطقه ۱ شهر تهران,1.2,17.74,3.45,1.55,1.51,10,232.7,188.0,248.4,87.7,خیلی پرنور,230.2,188.8,246.2,188.8,126.6,252.0,0.0,213.1,217.2,220.8,213.8,230.9,220.2,217.3,237.8,218.7,-1.4,261.7,210.3,19.6,39.92,19.7,38.53,38.4,-0.3,27.69,37.2,38.78,37.87,58.9,16.2,4.2,0.6,15.6,0.1,4.4,403,0.0,30.2,11.5,0.7,B,,
tehran:m108,نیاوران,منطقه ۱ شهر تهران,1.368,18.58,3.18,1.4,1.71,9,174.8,139.7,186.4,76.0,پرنور,175.7,140.8,183.4,140.8,126.6,236.0,0.0,143.3,173.7,195.1,169.8,152.0,149.2,161.5,173.6,183.0,-21.5,224.5,158.7,19.6,39.13,16.6,37.83,37.38,-1.2,31.36,41.0,37.92,38.46,52.6,22.4,5.2,0.7,14.7,0.1,4.3,408,0.0,23.4,10.8,26.5,B,,
tehran:m109,کاشانک,منطقه ۱ شهر تهران,2.469,32.69,7.93,9.14,1.25,11,188.1,173.0,212.2,78.8,پرنور,188.6,174.5,211.5,187.7,144.8,260.4,0.0,180.4,179.8,178.1,196.1,190.7,182.5,183.1,187.3,181.2,1.9,198.6,172.6,11.3,50.22,69.1,47.77,49.36,3.3,41.81,4.7,50.88,50.98,46.0,19.4,9.7,0.7,20.9,0.1,3.3,407,0.0,19.6,3.1,15.7,A,,
tehran:m414,شمس آباد,منطقه ۴ شهر تهران,2.441,39.97,2.43,10.67,1.62,10,96.0,91.5,101.0,49.1,متوسط,95.8,92.3,100.2,96.3,86.6,125.1,0.0,104.4,89.8,89.2,102.2,92.1,95.8,104.7,91.3,89.4,15.3,100.0,95.6,0.8,42.09,33.0,39.88,43.05,7.9,38.51,11.0,42.16,42.04,30.8,23.7,20.0,0.5,20.9,0.1,4.0,370,0.0,4.8,8.3,-2.2,A,,
tehran:m417,نیروی دریایی,منطقه ۴ شهر تهران,0.963,17.19,0.37,8.04,1.32,6,134.9,124.4,161.4,66.2,پرنور,135.4,125.9,160.9,125.9,102.9,185.2,0.0,132.3,135.4,135.7,137.6,139.9,122.0,133.1,141.7,130.3,2.8,135.0,133.9,0.1,48.91,63.4,46.92,48.24,2.8,39.81,5.4,49.78,49.17,28.9,24.8,21.0,0.4,21.2,0.4,3.4,386,0.0,18.5,5.9,5.3,A,,
tehran:m123,شهرک گلها,منطقه ۱ شهر تهران,0.548,3.96,1.62,4.67,1.96,3,282.5,196.2,347.4,94.4,خیلی پرنور,288.1,196.9,346.8,227.5,229.1,285.7,0.0,238.2,266.0,299.9,261.8,313.0,291.6,253.8,292.0,294.7,-40.9,276.0,279.7,1.8,50.19,68.7,48.44,49.33,1.8,47.38,0.0,50.72,48.9,17.4,51.6,18.3,1.0,8.1,0.2,3.4,416,0.2,75.6,22.9,23.6,C,,
tehran:m110,داراباد,منطقه ۱ شهر تهران,1.874,23.33,3.47,8.85,0.88,9,189.6,157.9,200.8,79.4,پرنور,195.2,158.1,199.9,158.1,17.8,246.8,5.2,205.0,208.1,195.1,175.4,183.4,178.4,196.1,200.1,183.3,12.8,203.3,189.9,5.8,43.18,42.2,40.66,42.88,5.5,32.34,28.8,44.01,42.71,38.5,30.9,15.4,0.8,10.5,0.1,3.9,407,0.2,21.5,8.8,-29.6,B,,
tehran:m111,شهرک نفت (البرز),منطقه ۱ شهر تهران,2.254,30.59,9.99,5.86,3.17,13,223.7,178.1,240.9,87.0,خیلی پرنور,233.1,178.4,240.3,178.4,58.7,312.8,0.0,239.7,217.0,224.7,218.4,206.6,211.8,237.6,223.8,224.9,12.7,235.5,224.6,4.8,40.31,23.0,37.87,41.05,8.4,34.23,42.4,39.85,38.0,62.6,14.5,9.4,1.4,7.7,0.2,4.4,406,0.2,31.4,7.7,-21.3,B,,
tehran:m112,شهرک محلاتی,منطقه ۱ شهر تهران,1.943,26.56,11.37,4.66,3.27,11,132.8,100.3,231.8,65.2,پرنور,125.3,100.7,231.6,100.7,58.7,341.4,0.0,126.1,116.8,122.1,140.1,115.1,115.6,126.0,122.9,115.9,10.1,127.5,124.1,5.0,42.13,33.5,39.72,42.42,6.8,37.78,22.5,42.2,42.81,43.6,33.6,9.4,1.6,7.7,0.2,3.9,393,0.0,65.8,5.2,14.0,C,,
tehran:m113,سوهانک,منطقه ۱ شهر تهران,2.784,33.51,9.51,7.25,2.04,8,244.1,145.1,277.7,88.6,خیلی پرنور,254.9,145.2,277.5,191.9,0.0,597.6,45.7,256.4,235.0,259.3,217.9,232.9,231.6,254.9,242.5,255.7,-0.8,261.6,245.8,5.0,40.17,22.0,39.51,40.23,1.8,17.56,45.2,39.64,33.89,63.4,17.4,8.0,1.1,3.9,1.2,4.9,414,0.0,66.3,7.4,-38.5,C,,
tehran:m122,ازگل,منطقه ۱ شهر تهران,5.278,48.06,4.91,24.01,1.54,11,184.9,150.5,229.6,78.0,پرنور,188.4,150.7,229.4,150.7,125.7,597.6,0.0,173.3,179.5,189.1,172.5,177.7,182.3,177.5,188.8,188.7,-11.2,192.9,175.4,4.7,44.08,43.7,42.87,42.96,0.2,30.16,27.1,42.24,41.7,43.7,25.4,17.3,0.4,8.4,0.8,4.0,390,0.0,39.6,6.5,-0.8,B,,
tehran:m403,لویزان - شیان,منطقه ۴ شهر تهران,3.783,42.93,0.08,17.37,1.55,9,179.0,143.8,195.9,76.6,پرنور,183.9,144.1,195.6,144.1,20.2,409.1,7.9,174.4,174.8,181.0,170.6,187.4,179.7,180.5,187.7,180.8,-0.3,182.6,179.6,2.0,38.57,14.8,37.29,38.44,3.1,21.93,45.9,36.83,34.49,45.5,21.6,17.1,0.4,10.2,0.4,4.8,392,0.0,26.0,4.1,-3.8,A,,
tehran:m419,نارمک,منطقه ۴ شهر تهران,1.107,21.3,0.11,8.9,0.86,13,120.6,106.7,152.3,60.1,متوسط,128.7,107.5,152.0,127.3,74.9,155.9,0.0,122.2,121.0,133.4,111.9,130.0,140.8,123.7,126.4,140.5,-16.8,128.5,124.0,1.2,53.72,82.5,53.31,51.77,-2.9,49.17,0.0,53.6,54.15,25.5,23.5,19.2,0.3,28.0,0.4,3.1,410,0.0,22.8,9.0,-10.3,A,,
tehran:m413,شمیران نو,منطقه ۴ شهر تهران,6.265,52.24,24.55,23.4,3.44,16,106.2,88.5,120.0,54.2,متوسط,107.2,88.6,119.8,88.6,0.0,162.6,11.0,105.9,104.8,111.0,95.7,107.3,106.6,104.3,108.0,108.5,-4.2,97.9,110.1,-4.6,30.48,3.1,29.76,30.1,1.1,12.58,74.7,28.32,27.44,35.7,19.4,23.7,1.3,13.4,0.5,6.1,326,0.0,15.8,2.3,-10.2,A,,
tehran:m418,علم و صنعت,منطقه ۴ شهر تهران,2.205,32.33,0.88,17.29,2.41,11,134.0,122.3,143.4,66.0,پرنور,133.2,122.8,142.8,134.7,95.9,185.2,0.0,115.0,129.3,141.1,117.8,148.1,142.4,110.9,139.9,139.7,-28.8,124.0,132.1,-1.7,49.94,67.5,49.44,47.59,-3.7,46.64,0.0,49.89,49.26,28.0,20.8,22.3,0.1,24.9,0.5,3.4,400,0.0,10.6,16.7,2.8,A,,
tehran:m412,اوقاف,منطقه ۴ شهر تهران,1.727,25.46,0.04,19.44,3.11,11,45.0,14.3,66.2,22.3,کم‌نور,30.9,14.6,65.9,55.0,15.2,193.2,80.1,28.4,44.3,27.4,29.3,30.6,21.6,30.4,34.7,26.3,4.1,38.9,24.0,-0.4,42.47,37.0,40.72,41.42,1.7,39.21,1.0,42.24,43.34,22.3,21.9,30.6,0.1,21.1,0.1,3.8,364,0.0,26.0,4.2,0.9,A,,
tehran:m1306,سرخه حصار,منطقه ۱۳ شهر تهران,5.478,36.59,0.0,36.74,1.38,17,0.0,0.0,0.0,0.3,خیلی کم‌نور,0.0,0.0,0.0,0.0,0.0,0.0,100.0,0.0,0.0,0.0,0.0,0.0,0.0,0.0,0.0,0.0,0.0,0.0,0.0,-7.5,17.96,0.3,16.38,19.19,17.2,8.61,99.3,16.81,18.83,0.0,17.2,39.0,0.5,18.1,16.3,8.8,437,0.0,0.0,0.0,0.0,A,اولویت ۱,
tehran:m405,قنات کوثر,منطقه ۴ شهر تهران,1.825,16.07,5.97,16.16,3.9,6,211.5,160.6,318.9,83.9,خیلی پرنور,201.1,161.2,318.7,161.2,92.9,365.5,0.0,181.6,187.6,185.9,198.9,201.3,187.4,181.6,208.0,197.8,-16.2,219.7,185.5,-0.7,41.36,29.2,40.39,39.67,-1.8,19.81,24.1,40.03,40.02,37.5,22.6,26.3,0.6,8.5,0.2,4.2,384,0.0,79.1,13.3,17.3,C,,
tehran:m807,تهران پارس,منطقه ۸ شهر تهران,2.417,36.78,0.0,18.4,3.62,11,18.1,0.1,80.4,10.0,خیلی کم‌نور,19.7,0.7,80.3,80.3,0.0,157.1,76.2,49.5,30.2,22.9,34.8,28.9,23.8,29.2,20.1,11.0,18.2,16.0,16.4,-0.1,47.34,57.5,44.24,47.85,8.2,41.43,2.9,47.49,43.2,10.5,18.5,26.1,0.3,38.5,2.2,3.9,406,0.0,40.2,9.1,-14.7,B,اولویت ۲,
tehran:m406,مجید آباد - استقلال,منطقه ۴ شهر تهران,3.339,26.69,17.8,19.79,17.07,10,212.3,166.8,264.6,84.1,خیلی پرنور,229.8,167.1,264.4,184.3,0.0,318.0,0.1,247.9,216.6,223.0,207.3,223.6,201.7,248.8,223.6,214.9,33.9,221.8,232.3,-2.2,37.11,10.5,35.64,37.72,5.8,16.87,44.4,36.38,35.53,41.9,17.2,24.5,1.1,10.4,0.1,4.7,351,0.0,48.9,17.6,-40.6,B,,
tehran:m420,جوادیه تهرانپارس,منطقه ۴ شهر تهران,1.759,28.31,0.03,10.91,1.53,11,123.4,96.0,145.1,61.9,پرنور,126.0,96.2,144.8,115.6,0.0,270.3,30.1,145.5,131.4,115.4,127.3,126.2,103.5,144.2,126.8,105.3,38.9,134.2,120.0,3.9,42.33,35.5,37.66,44.96,19.4,35.22,28.9,43.49,38.76,36.9,10.1,24.4,0.2,15.5,8.6,4.3,319,0.0,24.5,19.5,-18.2,A,,
tehran:m409,گلشن,منطقه ۴ شهر تهران,1.568,35.91,0.06,12.51,2.36,12,56.2,49.4,61.9,27.1,کم‌نور,54.6,50.8,61.3,60.1,0.0,256.5,85.2,63.2,46.8,43.4,60.5,47.1,44.2,66.3,51.3,44.3,22.0,60.5,52.0,1.9,42.5,37.3,39.51,44.36,12.3,35.96,23.8,42.15,41.06,25.1,23.1,25.6,0.1,15.6,6.4,4.1,313,0.0,6.2,11.2,-2.7,A,,
tehran:m407,استخر,منطقه ۴ شهر تهران,4.456,45.47,0.69,24.85,4.51,15,230.5,189.8,272.1,87.5,خیلی پرنور,243.7,189.9,272.0,189.9,0.0,542.4,17.4,236.5,239.3,230.4,226.9,248.8,221.4,239.0,251.1,231.0,8.0,243.9,235.5,1.4,40.52,23.8,38.51,40.51,5.2,26.51,39.6,37.78,39.01,57.9,7.4,20.0,0.2,8.9,1.2,4.3,361,0.0,41.2,10.1,-9.6,B,,
tehran:m408,حکیمیه,منطقه ۴ شهر تهران,8.465,88.96,17.18,48.61,12.4,23,150.5,124.1,155.9,70.3,پرنور,150.6,124.2,155.2,124.2,0.0,344.4,40.7,156.0,150.2,138.3,151.6,149.7,137.9,156.9,153.9,142.0,14.9,153.3,143.8,2.5,42.53,37.6,39.41,44.31,12.4,34.02,28.9,42.48,41.02,42.0,7.7,20.4,0.4,12.2,13.3,4.1,318,0.0,15.9,7.9,-4.4,A,,
tehran:m2104,شهرک شهرداری,منطقه ۲۱ شهر تهران,0.34,3.31,2.31,1.73,0.09,4,251.4,225.3,372.8,90.0,خیلی پرنور,285.4,225.8,372.7,225.8,244.8,309.8,0.0,283.5,258.7,253.5,253.7,286.4,258.8,295.2,283.2,274.0,21.2,281.4,287.6,-0.2,65.47,97.4,64.13,65.45,2.1,58.84,0.0,65.4,72.09,26.9,39.3,9.9,11.1,3.5,7.1,2.3,298,0.0,73.8,10.6,-29.8,C,,
tehran:m2116,شهرک دریا,منطقه ۲۱ شهر تهران,0.503,5.29,1.38,7.61,1.66,4,296.6,214.6,504.5,95.4,خیلی پرنور,373.3,215.3,504.0,315.9,223.3,371.0,0.0,369.9,406.4,339.8,408.7,376.9,362.0,361.2,379.8,341.7,19.5,348.5,366.0,-2.0,46.66,55.5,44.24,47.55,7.5,39.37,4.8,49.44,49.27,21.0,30.7,25.2,8.1,7.5,4.1,3.4,431,0.5,145.0,19.1,38.8,C,,
tehran:m2115,تهرانسر غربی,منطقه ۲۱ شهر تهران,0.617,6.72,5.57,6.38,1.08,6,32.0,24.0,37.7,16.9,خیلی کم‌نور,32.1,24.0,37.6,26.8,0.0,231.7,83.6,31.9,29.7,32.3,29.0,31.3,33.3,30.1,31.3,32.7,-2.6,30.3,32.6,-8.8,47.37,57.8,45.9,48.11,4.8,40.74,2.1,47.81,51.97,4.7,43.5,21.1,12.7,13.6,1.2,3.2,376,0.0,6.9,1.3,-2.9,B,اولویت ۲,
tehran:m2113,تهرانسر مرکزی,منطقه ۲۱ شهر تهران,0.375,5.15,1.48,1.83,0.04,5,189.6,121.2,259.2,79.4,پرنور,184.1,121.7,258.7,179.9,70.6,277.1,0.0,167.0,153.6,157.5,171.9,184.7,164.0,177.3,184.3,174.7,2.6,171.4,196.8,-5.7,52.18,76.5,50.13,53.69,7.1,50.72,0.0,51.98,53.5,22.9,28.9,16.4,10.0,18.3,0.4,3.1,319,0.0,69.0,5.0,4.9,C,,
tehran:m2112,باشگاه نفت,منطقه ۲۱ شهر تهران,0.711,10.42,0.22,6.76,0.24,8,113.3,56.1,181.5,57.0,متوسط,103.6,56.4,181.1,120.9,0.0,277.1,3.8,103.4,69.6,122.0,96.9,89.5,127.6,104.0,80.1,129.1,-25.1,97.0,118.2,-3.5,53.11,80.3,51.89,53.97,4.0,51.25,0.0,53.79,55.96,14.7,34.3,20.8,10.6,15.2,1.5,3.0,295,0.0,62.7,24.5,-6.5,C,,
tehran:m2110,تهرانسر شمالی,منطقه ۲۱ شهر تهران,8.014,64.62,5.71,25.26,4.52,16,146.2,89.6,148.7,68.8,پرنور,147.0,89.7,147.6,112.8,0.0,376.7,39.1,153.7,141.2,143.0,145.9,137.9,139.0,155.1,141.5,140.6,14.5,138.4,151.7,-3.0,36.97,9.7,35.28,38.66,9.6,15.61,56.6,32.57,32.03,38.3,21.8,16.2,7.6,7.3,3.7,5.2,401,0.0,29.6,8.1,-7.8,A,,
tehran:m2114,شهرک پاسداران,منطقه ۲۱ شهر تهران,0.406,7.72,1.24,2.04,1.3,5,87.7,41.6,173.8,41.7,متوسط,78.5,44.1,172.7,97.0,0.0,225.9,75.1,113.0,116.0,67.7,73.1,74.7,46.3,97.1,100.0,49.8,47.3,88.3,54.7,-2.9,47.71,58.8,45.15,49.11,8.8,40.73,0.0,47.88,43.14,17.5,36.1,16.2,8.9,16.8,0.7,3.9,348,0.0,66.1,28.2,-39.9,C,,
tehran:m520,سازمان برنامه شمالی,منطقه ۵ شهر تهران,1.04,17.37,3.44,7.53,1.34,8,39.4,4.2,66.0,20.7,کم‌نور,29.9,4.4,65.7,48.9,3.5,105.2,73.2,17.9,37.5,53.9,30.1,52.0,56.4,16.8,33.9,44.1,-27.3,37.1,27.3,-3.2,46.76,56.0,46.25,44.69,-3.4,45.81,0.0,46.81,46.54,9.8,24.8,25.9,14.1,21.7,0.1,3.6,364,0.0,30.9,13.8,12.2,B,,
tehran:m516,جنت‌ آباد جنوبی,منطقه ۵ شهر تهران,2.72,42.05,7.37,23.74,3.77,10,63.4,48.8,106.8,31.2,کم‌نور,64.2,49.3,106.7,106.7,24.9,149.8,41.4,79.2,66.9,60.0,72.5,71.7,65.0,68.5,61.1,57.6,10.9,57.4,62.6,-3.3,48.45,61.9,46.58,47.74,2.5,45.28,0.0,48.47,48.66,16.4,14.5,24.4,12.4,28.7,0.1,3.4,356,0.0,29.0,5.6,-6.7,A,,
tehran:m510,شهران جنوبی,منطقه ۵ شهر تهران,0.941,13.51,1.58,9.34,2.66,7,94.8,82.6,134.6,48.1,متوسط,96.3,84.2,134.3,114.2,29.2,160.4,21.9,97.0,103.8,97.7,102.4,92.1,95.2,99.3,89.9,82.3,17.0,92.8,87.0,-1.8,46.73,55.8,45.16,46.2,2.3,41.32,0.0,47.26,46.82,19.6,21.6,24.0,10.6,20.6,0.0,3.6,343,0.0,26.0,8.5,5.4,B,,
tehran:m508,جنت‌ آباد شمالی,منطقه ۵ شهر تهران,2.099,20.8,15.33,13.82,3.75,8,65.0,54.8,87.9,32.7,کم‌نور,64.1,55.9,87.4,65.8,0.0,120.4,30.5,72.4,66.0,74.1,71.8,70.6,70.1,68.5,60.4,61.0,7.5,59.0,61.7,-4.2,42.09,33.0,41.7,41.48,-0.5,37.35,17.0,41.94,42.42,10.7,25.2,20.1,23.8,15.8,0.6,3.9,344,0.0,16.6,4.5,-0.6,A,,
tehran:m909,فتح - صنعتی,منطقه ۹ شهر تهران,2.168,13.95,2.19,12.61,0.91,12,406.3,357.1,547.7,99.0,خیلی پرنور,444.3,358.8,547.2,368.2,0.0,480.8,0.2,453.8,421.0,387.4,405.8,418.1,374.2,508.1,452.0,399.3,108.8,419.9,450.7,-2.6,52.61,79.0,48.42,56.07,15.8,42.75,5.4,53.96,48.5,30.1,23.1,12.0,6.5,12.1,12.7,3.4,294,0.0,95.3,54.4,-48.0,C,,
tehran:m528,کوی بیمه,منطقه ۵ شهر تهران,0.695,9.27,4.44,2.72,0.09,4,103.6,57.7,170.2,53.2,متوسط,104.8,58.4,169.6,169.6,94.5,229.5,0.0,125.4,94.5,127.1,113.4,67.5,96.9,115.1,83.3,114.1,1.0,98.0,110.8,0.8,50.54,70.3,48.06,50.92,6.0,44.66,0.0,50.73,50.35,18.7,30.5,13.0,13.9,19.2,1.3,3.3,350,0.0,56.2,18.1,-12.0,B,,
tehran:m230,زنجان شمالی,منطقه ۲ شهر تهران,0.278,5.0,0.04,3.98,0.29,2,244.1,181.9,350.7,88.6,خیلی پرنور,256.2,182.4,350.5,223.6,239.0,245.1,0.0,247.8,240.3,247.2,263.1,258.9,255.8,259.0,257.6,251.7,7.3,252.7,252.8,-4.8,62.52,96.4,61.73,60.66,-1.7,58.22,0.0,63.96,57.92,30.5,16.6,19.0,5.2,25.7,0.2,2.9,404,0.0,84.4,3.9,15.3,C,,
tehran:m210,دریا,منطقه ۲ شهر تهران,1.856,22.47,7.04,15.83,7.84,8,129.1,81.6,173.0,63.9,پرنور,131.4,82.2,172.6,172.6,67.1,245.1,0.0,126.9,129.2,122.1,141.0,131.6,115.7,130.4,134.4,125.3,5.1,143.8,115.6,3.4,57.93,92.3,55.63,57.25,2.9,54.73,0.0,58.2,57.9,21.0,21.1,19.7,6.3,29.0,0.0,2.9,388,0.0,45.7,4.6,14.1,B,,
tehran:m1004,سلسبیل جنوبی,منطقه ۱۰ شهر تهران,0.809,21.11,3.72,4.83,1.0,9,52.6,47.8,64.1,26.3,کم‌نور,52.7,50.6,62.4,50.6,0.0,142.4,4.0,41.3,52.4,50.7,61.8,59.6,46.7,41.5,57.0,54.0,-12.5,44.8,52.9,-3.1,48.7,62.9,47.01,47.21,0.4,44.74,0.0,48.89,48.84,19.3,26.0,15.4,3.6,32.1,0.1,3.4,400,0.0,8.1,8.2,20.5,B,,
tehran:m1002,کارون شمالی,منطقه ۱۰ شهر تهران,0.605,13.94,3.86,1.45,1.05,7,1.5,0.9,11.3,1.3,خیلی کم‌نور,1.4,0.9,11.3,11.3,0.0,43.4,100.0,1.5,1.8,1.4,1.3,2.2,1.5,1.2,1.8,1.4,-0.2,1.2,1.5,-6.5,42.71,38.7,41.24,41.0,-0.6,41.12,0.0,42.46,44.45,1.8,19.8,17.4,5.7,51.6,0.1,3.7,387,0.0,5.2,0.3,-0.2,C,اولویت ۳ (درجهٔ C),
tehran:m1808,شمس آباد,منطقه ۱۸ شهر تهران,0.527,7.87,2.42,2.28,1.02,5,97.5,14.7,154.1,49.9,متوسط,100.2,15.2,153.6,95.6,62.7,103.5,0.0,86.5,106.2,102.7,72.2,96.6,101.3,85.2,95.5,107.8,-22.6,97.1,97.6,-2.4,35.92,7.7,35.56,35.21,-1.0,33.08,92.8,36.23,35.45,18.0,16.9,21.0,21.3,13.1,4.9,4.7,359,0.0,69.7,11.3,-14.3,C,,
tehran:m1813,شهرک ولیعصر شمالی,منطقه ۱۸ شهر تهران,0.99,18.61,2.82,2.81,1.77,9,56.3,49.1,61.8,27.4,کم‌نور,55.5,50.3,60.1,50.4,0.0,118.1,31.0,67.2,49.3,48.8,60.6,56.6,58.1,68.6,50.5,44.6,24.0,58.6,53.0,-0.2,34.11,6.1,31.83,36.22,13.8,31.84,91.4,35.34,34.78,16.5,12.6,12.3,23.7,29.0,1.1,4.8,412,0.0,6.3,12.5,-6.6,A,,
tehran:m1707,ابوذر غربی,منطقه ۱۷ شهر تهران,0.431,12.2,0.63,1.17,1.09,11,50.5,18.8,66.8,25.3,کم‌نور,49.0,19.2,65.8,65.8,0.0,110.6,20.5,55.4,55.1,48.2,72.1,72.6,57.3,56.9,58.4,46.2,10.7,62.2,47.7,2.4,42.17,34.3,38.57,45.07,16.9,40.26,0.0,42.63,40.89,22.0,15.7,11.2,9.4,37.5,0.2,4.1,434,0.0,24.0,6.7,16.7,B,,
tehran:m1713,وصفنارد,منطقه ۱۷ شهر تهران,0.632,10.3,3.44,2.29,7.34,7,124.1,103.4,134.9,62.8,پرنور,124.3,104.6,131.5,109.5,0.0,132.0,3.2,175.8,116.8,100.0,148.7,106.6,96.2,168.4,115.4,100.0,68.4,152.2,109.1,6.1,40.43,23.3,36.99,44.04,19.1,37.95,26.2,41.05,40.91,16.7,12.3,15.4,20.5,30.9,0.1,4.1,399,0.0,15.8,35.9,-27.1,B,,
tehran:m1908,عبدل آباد,منطقه ۱۹ شهر تهران,1.228,16.75,3.49,12.13,8.01,4,4.4,0.1,5.0,3.3,خیلی کم‌نور,4.3,0.1,5.0,4.5,0.0,64.4,96.1,2.6,3.6,5.3,1.2,3.0,4.8,2.3,3.2,4.9,-2.6,4.7,4.4,-2.3,34.22,6.4,33.91,33.69,-0.6,33.06,100.0,34.8,36.95,0.9,20.8,28.0,20.1,25.7,0.0,4.5,396,0.0,2.4,1.3,-1.4,A,اولویت ۱,
tehran:m1904,خانی آباد شمالی,منطقه ۱۹ شهر تهران,0.768,15.52,3.31,6.46,1.09,8,63.5,53.9,85.3,31.5,کم‌نور,79.7,55.3,84.4,62.3,8.4,103.5,38.6,82.6,74.6,57.0,87.9,87.1,60.6,93.2,79.2,59.3,33.9,85.9,73.5,1.2,42.2,34.5,39.4,44.38,12.6,39.91,0.0,41.91,43.03,20.7,27.0,17.8,21.2,8.9,0.5,3.9,430,0.0,15.7,17.0,5.3,A,,
tehran:m1512,کیانشهر شمالی,منطقه ۱۵ شهر تهران,2.073,41.04,0.79,10.8,4.38,9,97.0,78.1,120.7,49.6,متوسط,100.0,78.3,120.5,78.3,26.0,214.4,14.5,108.3,93.0,90.4,98.8,95.5,80.5,110.9,98.5,86.6,24.3,106.5,94.3,1.9,40.87,26.3,37.77,42.58,12.7,37.58,17.9,40.9,41.05,36.3,26.4,19.5,3.5,9.2,1.0,4.1,429,0.0,21.3,12.2,-9.5,A,,
tehran:m1506,افسریه جنوبی,منطقه ۱۵ شهر تهران,0.813,15.29,0.0,4.36,5.05,7,161.9,142.8,197.1,73.7,پرنور,184.7,144.1,196.7,150.7,0.0,239.9,1.0,161.4,165.7,172.1,173.5,172.4,171.5,176.3,143.9,177.2,-0.9,175.3,183.4,4.1,41.23,28.4,37.14,43.05,15.9,39.14,3.0,41.1,41.1,38.5,19.7,25.7,0.4,11.4,0.3,4.1,432,0.0,27.1,19.0,12.1,A,,
tehran:m1422,مینای جنوبی,منطقه ۱۴ شهر تهران,0.542,14.51,0.89,1.81,0.14,9,49.2,42.8,57.2,24.6,کم‌نور,50.5,44.0,56.3,47.8,17.6,77.2,57.3,48.6,50.5,54.0,65.4,35.9,51.4,50.1,42.9,58.3,-8.2,54.6,48.2,5.0,41.02,27.1,39.32,40.62,3.3,38.37,15.2,40.96,40.86,20.2,32.3,18.5,7.4,17.5,0.0,4.1,447,0.0,7.2,7.7,16.8,B,,
tehran:m1406,قصر فیروزه ۱,منطقه ۱۴ شهر تهران,7.44,89.71,9.74,26.57,3.22,14,195.0,143.0,200.2,80.7,خیلی پرنور,196.2,143.1,199.5,143.1,0.0,352.7,20.7,182.7,200.0,185.0,182.4,195.2,176.9,179.5,200.0,191.3,-11.8,196.2,183.8,2.5,44.15,44.0,42.58,43.07,1.2,36.27,17.6,42.6,41.26,55.3,15.9,12.3,8.4,3.3,0.7,4.0,405,0.0,28.6,10.3,-0.3,A,,
tehran:m801,مجیدیه,منطقه ۸ شهر تهران,0.573,13.1,0.98,2.83,0.56,10,7.8,5.0,10.3,5.9,خیلی کم‌نور,6.8,5.1,10.3,8.2,0.0,271.7,98.1,6.7,6.4,7.2,7.5,6.5,6.8,7.1,6.5,7.0,0.1,6.7,6.7,0.9,40.8,25.7,40.09,40.58,1.2,38.26,13.6,40.56,42.43,32.5,17.7,23.7,2.5,19.7,0.0,3.9,427,0.0,2.7,0.3,0.8,B,اولویت ۱,
tehran:m811,لشکر غربی,منطقه ۸ شهر تهران,0.36,9.06,1.19,2.99,0.68,9,25.3,4.5,38.1,13.9,خیلی کم‌نور,26.2,5.3,37.3,31.3,0.0,43.4,100.0,30.3,19.6,36.0,31.7,16.9,11.5,29.7,21.9,26.0,3.7,34.9,30.0,-0.3,39.2,17.0,39.36,38.28,-2.7,37.72,36.7,39.28,38.93,7.9,38.8,27.6,4.2,17.3,0.0,4.3,433,0.0,16.8,3.9,1.4,C,اولویت ۳ (درجهٔ C),مرز در لایهٔ رسمی تقریباً بر «لشکر شرقی» منطبق/درون آن است
tehran:m812,لشکر غربی,منطقه ۸ شهر تهران,0.575,16.22,0.86,5.01,1.65,8,27.3,13.8,44.3,15.3,خیلی کم‌نور,28.2,14.4,43.9,27.6,17.4,44.2,100.0,33.0,28.0,24.9,27.1,25.7,35.7,27.4,21.4,24.8,2.6,25.6,31.7,-0.2,39.01,15.6,38.28,38.13,-0.4,37.35,38.9,38.97,38.25,9.0,36.6,27.4,4.6,18.1,0.0,4.4,430,0.0,15.2,3.0,-5.9,A,اولویت ۱,
tehran:m808,نارمک جنوبی,منطقه ۸ شهر تهران,0.849,21.19,0.09,5.67,0.43,9,33.3,28.1,47.7,17.9,خیلی کم‌نور,33.6,29.2,47.3,47.3,2.8,120.0,97.6,48.3,30.3,36.8,28.1,25.8,21.5,43.0,27.7,29.8,13.2,26.6,34.2,-2.4,45.07,49.4,43.36,44.99,3.8,43.61,0.0,45.15,45.49,20.1,28.1,21.4,1.3,25.4,0.0,3.7,416,0.0,9.8,8.3,-20.2,A,اولویت ۲,
tehran:m411,تهرانپارس غربی,منطقه ۴ شهر تهران,4.035,64.64,2.43,29.06,4.38,16,85.5,74.1,112.3,40.7,متوسط,80.6,74.3,112.2,112.2,0.0,208.1,1.0,86.9,82.0,79.5,87.4,77.8,70.7,82.5,77.9,75.9,6.6,81.6,78.9,0.5,46.33,54.7,43.44,46.78,7.7,42.67,0.0,46.41,46.53,27.6,14.7,23.9,0.1,29.6,0.5,3.6,375,0.0,19.1,3.4,0.5,A,,
tehran:m410,تهرانپارس شرقی,منطقه ۴ شهر تهران,1.837,31.32,0.38,11.43,2.02,12,43.8,7.5,65.0,21.7,کم‌نور,44.9,7.6,64.7,42.8,0.0,270.3,82.9,46.1,43.7,34.7,38.8,45.3,35.6,46.6,48.1,38.6,8.0,44.1,39.3,4.0,38.02,12.5,35.07,39.28,12.0,33.61,56.9,37.51,38.46,26.6,15.6,26.0,0.1,26.1,1.2,4.3,355,0.0,28.8,5.1,-7.3,A,,
tehran:m2202,سرو آزاد,منطقه ۲۲ شهر تهران,5.288,21.38,15.12,28.69,2.19,9,715.9,532.1,739.0,100.0,خیلی پرنور,703.7,532.4,735.7,532.4,201.7,831.7,0.0,608.6,699.1,658.1,599.2,762.9,698.1,637.6,763.9,691.4,-53.8,670.8,686.9,-3.3,57.77,92.1,58.04,53.01,-8.7,37.72,11.3,52.42,46.55,61.5,11.8,14.1,6.2,2.8,0.0,3.6,447,0.0,103.4,63.4,-9.4,C,,
tehran:m1711,زمزم,منطقه ۱۷ شهر تهران,0.445,10.24,1.61,2.72,0.76,4,49.0,30.7,73.7,24.2,کم‌نور,50.5,31.4,72.8,39.8,14.5,61.4,30.6,77.4,43.1,44.4,52.6,34.8,51.7,60.9,33.8,46.1,14.8,46.8,45.8,0.6,36.94,9.5,35.28,37.61,6.6,35.45,99.1,36.8,35.4,7.8,25.9,19.8,16.7,25.1,0.0,4.7,406,0.0,21.5,13.6,-24.8,B,,
tehran:m2207,قائم چیتگر,منطقه ۲۲ شهر تهران,5.136,38.06,17.46,17.37,28.98,10,307.4,261.1,362.5,96.2,خیلی پرنور,320.4,261.6,362.2,261.6,70.4,661.2,0.0,316.8,301.2,276.9,318.3,321.8,278.5,339.7,322.8,286.5,53.2,305.7,323.9,-3.9,53.42,81.6,49.48,53.85,8.8,43.52,0.0,46.56,44.59,45.8,24.0,11.6,6.6,8.1,0.1,3.7,403,0.0,50.7,27.2,1.5,B,,
tehran:m1902,شهرک شریعتی شمالی,منطقه ۱۹ شهر تهران,0.703,14.24,1.04,3.51,0.27,6,76.6,7.6,90.3,37.9,کم‌نور,78.5,7.7,89.2,89.2,0.0,164.8,65.5,65.6,79.1,103.5,63.8,76.2,96.1,54.4,70.0,103.4,-49.0,83.1,77.2,-0.8,34.37,6.6,34.08,34.63,1.6,32.62,98.7,34.26,33.12,18.4,21.5,21.2,15.2,18.7,0.0,5.0,421,0.0,41.4,25.0,-1.8,B,,
tehran:m208,پونک,منطقه ۲ شهر تهران,2.165,21.93,6.73,11.28,9.78,12,116.1,96.5,129.6,58.3,متوسط,112.5,98.0,128.5,122.4,0.0,188.8,25.5,108.9,101.4,112.6,104.2,104.7,81.5,112.3,112.2,108.3,4.0,112.1,106.0,-1.0,43.85,43.1,42.05,43.65,3.8,39.92,5.0,43.34,43.57,19.0,24.4,21.3,11.3,20.1,0.0,3.8,351,0.0,16.5,2.3,-4.7,A,,
tehran:osm3276345290,همایون شهر,منطقه ۲ شهر تهران,0.945,18.7,1.33,9.66,0.28,14,60.7,47.4,73.1,29.7,کم‌نور,63.0,48.0,71.7,65.9,3.8,239.0,0.7,47.7,60.8,59.9,65.3,60.2,64.7,55.5,63.4,65.6,-10.1,68.5,64.1,-0.4,46.28,54.3,44.59,45.74,2.6,44.63,0.0,46.25,46.46,25.5,17.2,24.9,5.6,22.8,0.4,3.6,403,0.0,12.8,5.3,17.6,C,,مرز در لایهٔ رسمی تقریباً بر «حبیب الله» منطبق/درون آن است
tehran:osm4534949256,پونک شمالی,منطقه ۵ شهر تهران,1.487,19.7,5.88,11.73,8.68,10,111.5,94.2,131.3,56.3,متوسط,111.1,95.4,130.0,121.2,54.0,192.3,0.0,133.9,118.4,99.1,123.8,121.7,92.2,128.1,111.4,83.7,44.4,117.7,104.0,-1.2,49.18,64.5,46.56,49.76,6.9,45.42,0.0,48.93,48.83,27.5,11.1,22.3,15.9,19.8,0.0,3.4,343,0.0,18.6,22.4,-10.1,B,,
tehran:osm4534949258,پونک جنوبی,منطقه ۵ شهر تهران,1.658,22.67,2.07,17.02,2.22,6,142.3,125.6,168.2,67.9,پرنور,139.6,126.3,167.7,145.0,93.0,192.3,0.0,124.4,142.4,149.5,132.0,137.9,160.0,124.8,139.4,150.7,-25.9,128.1,145.5,-3.6,51.85,75.1,50.71,50.47,-0.5,48.18,0.0,52.49,51.33,22.2,18.3,22.6,10.5,23.2,0.0,3.2,341,0.0,21.3,13.0,7.6,C,,مرز در لایهٔ رسمی تقریباً بر «پونک» منطبق/درون آن است
tehran:osm4535034251,کاووسیه,منطقه ۳ شهر تهران,3.725,34.03,8.7,30.46,6.16,9,310.1,294.0,338.9,96.5,خیلی پرنور,297.3,295.2,337.5,334.8,175.0,510.0,0.0,273.9,298.1,311.5,251.3,314.2,333.5,268.6,311.2,321.7,-53.1,276.6,296.5,-2.0,73.03,99.4,72.61,69.53,-4.2,65.56,0.0,74.41,70.04,32.1,18.2,16.8,3.2,27.4,0.0,2.4,362,0.3,22.4,28.1,-22.6,C,,مرز در لایهٔ رسمی تقریباً بر «ونک» منطبق/درون آن است
tehran:osm4557460174,شارق غربی,منطقه ۷ شهر تهران,0.366,11.46,0.11,2.21,0.43,9,74.7,55.7,109.0,36.6,کم‌نور,78.7,56.3,108.3,70.8,0.0,128.9,43.8,85.6,67.5,63.5,103.7,75.3,79.5,90.4,75.2,68.7,21.7,66.5,87.4,-7.4,45.37,50.6,43.7,44.83,2.6,40.93,0.0,45.71,47.16,35.4,23.7,17.6,3.9,15.7,0.1,3.5,411,0.0,26.6,11.1,18.1,B,,
tehran:osm4557460175,شارق شرقی,منطقه ۷ شهر تهران,0.82,21.35,1.65,2.63,1.05,12,90.6,76.2,107.7,44.4,متوسط,95.8,76.8,107.2,76.8,0.0,111.3,3.9,97.5,88.0,79.9,90.6,94.4,77.2,98.3,95.0,80.7,17.6,92.0,91.4,-4.8,40.78,25.2,39.16,40.71,4.0,38.12,19.3,40.96,40.03,33.4,22.5,17.0,5.3,17.6,0.1,4.2,421,0.0,15.8,9.4,-6.9,C,,مرز در لایهٔ رسمی تقریباً بر «شاهد» منطبق/درون آن است
tehran:osm4557460176,ارامنه جنوبی,منطقه ۷ شهر تهران,0.272,8.36,0.08,0.97,0.57,9,10.9,1.1,41.6,7.7,خیلی کم‌نور,9.3,1.1,41.6,23.9,0.0,91.1,90.6,8.2,18.2,9.3,10.2,11.3,11.0,7.6,13.0,9.8,-2.2,8.4,9.1,-5.0,38.27,13.8,37.31,38.04,2.0,36.81,50.8,38.12,36.43,3.0,36.8,25.3,3.9,26.4,0.0,4.6,430,0.0,20.2,2.7,2.0,B,اولویت ۱,
tehran:osm4557460177,ارامنه شمالی,منطقه ۷ شهر تهران,0.406,11.27,0.0,2.47,1.96,8,23.1,1.7,41.2,12.3,خیلی کم‌نور,18.5,1.7,41.1,41.1,0.0,93.6,72.0,17.0,19.8,18.4,28.9,37.7,36.3,15.2,21.2,19.4,-4.2,16.6,18.7,-4.9,37.73,11.8,36.54,37.85,3.6,36.32,70.3,37.69,37.13,13.7,29.1,26.2,4.0,22.4,0.0,4.5,434,0.0,19.8,3.1,11.9,B,اولویت ۱,
tehran:osm4557460181,لشکر شرقی,منطقه ۸ شهر تهران,0.36,9.06,1.19,2.99,0.68,9,25.3,4.5,38.1,13.9,خیلی کم‌نور,26.2,5.3,37.3,31.3,0.0,43.4,100.0,30.3,19.6,36.0,31.7,16.9,11.5,29.7,21.9,26.0,3.7,34.9,30.0,-0.3,39.2,17.0,39.36,38.28,-2.7,37.72,36.7,39.28,38.93,7.9,38.8,27.6,4.2,17.3,0.0,4.3,433,0.0,16.8,3.9,1.4,C,اولویت ۳ (درجهٔ C),مرز در لایهٔ رسمی تقریباً بر «لشکر غربی» منطبق/درون آن است
tehran:osm4822624313,یافت آباد شمالی,منطقه ۱۸ شهر تهران,1.513,15.81,5.01,4.2,1.97,11,93.7,74.0,100.1,46.8,متوسط,95.0,74.3,96.9,74.3,3.8,361.4,32.0,83.8,97.6,91.4,98.5,105.0,85.1,94.7,100.0,82.6,12.1,97.9,93.3,0.5,30.18,2.8,29.13,30.54,4.8,24.87,100.0,28.42,27.33,28.9,14.5,19.6,24.3,6.0,0.6,6.1,324,0.0,13.0,8.9,14.7,A,,
tehran:osm5637866071,امامزاده یحیی,منطقه ۱۲ شهر تهران,0.683,17.94,0.13,1.36,0.33,7,88.3,30.4,138.9,42.1,متوسط,91.1,30.8,138.3,62.9,0.0,118.7,52.1,115.9,104.3,101.8,94.6,91.7,112.6,91.1,85.4,105.4,-14.3,79.2,117.4,-2.6,52.4,77.9,50.9,52.18,2.5,50.12,0.0,52.75,48.87,18.9,21.0,9.3,2.2,45.2,0.0,3.4,239,0.0,54.2,10.3,-21.3,C,,مرز در لایهٔ رسمی تقریباً بر «امام زاده یحیی» منطبق/درون آن است
tehran:osm5637866589,سرآسیاب مهرآباد,منطقه ۹ شهر تهران,0.902,12.23,3.51,3.86,0.9,4,87.6,57.6,119.8,41.3,متوسط,82.3,58.3,118.8,93.1,0.0,112.9,40.8,106.3,112.3,43.6,123.8,98.3,36.1,113.5,105.8,40.0,73.5,88.9,79.5,1.6,41.76,31.8,37.09,44.28,19.4,39.41,0.5,41.64,42.82,11.1,24.9,14.7,17.3,25.8,2.3,3.9,386,0.0,31.1,40.4,17.5,C,,مرز در لایهٔ رسمی تقریباً بر «سرآسیاب - مهرآباد» منطبق/درون آن است
tehran:osm5637866598,اراج,منطقه ۱ شهر تهران,1.414,15.58,2.17,15.07,2.17,10,253.8,210.2,295.5,90.4,خیلی پرنور,255.6,211.5,294.2,211.5,172.3,334.9,0.0,267.1,241.1,249.8,241.7,236.3,221.4,265.6,240.4,237.3,28.3,270.3,223.1,7.9,57.72,91.7,54.29,57.62,6.1,53.05,0.0,58.02,56.76,39.3,24.0,22.7,0.5,10.4,0.2,2.9,371,0.3,42.7,15.5,-25.4,C,,مرز در لایهٔ رسمی تقریباً بر «اقدسیه» منطبق/درون آن است
tehran:osm5637866849,مدیریت,منطقه ۲ شهر تهران,1.67,18.38,3.56,10.52,2.07,13,131.8,101.1,141.5,65.0,پرنور,118.2,101.8,139.2,139.2,61.6,277.5,0.0,107.2,130.8,104.6,112.3,122.7,110.7,108.0,129.7,106.9,1.1,114.3,115.2,2.7,54.08,84.9,52.18,52.79,1.2,48.62,0.0,53.97,53.57,27.9,22.2,18.9,5.3,22.6,0.0,3.1,377,0.0,20.2,12.9,5.1,A,,
tehran:osm5637867004,شادآباد,منطقه ۱۸ شهر تهران,2.426,13.23,3.09,9.48,3.28,9,92.9,62.1,115.3,46.2,متوسط,96.2,62.6,114.5,62.6,46.9,234.4,21.1,65.7,86.1,105.3,85.4,105.8,127.9,75.9,94.4,116.7,-40.8,88.0,100.4,-2.3,31.18,3.7,31.97,30.22,-5.5,22.48,97.4,24.58,24.22,17.2,18.4,31.3,20.4,4.8,0.9,6.9,372,0.0,26.6,20.4,19.7,C,,مرز در لایهٔ رسمی تقریباً بر «سعید آباد» منطبق/درون آن است
tehran:osm5637867289,جوادیه,منطقه ۱۶ شهر تهران,3.038,47.08,6.43,13.78,2.11,15,116.8,86.1,125.4,59.0,متوسط,121.0,86.2,124.9,86.2,0.0,368.9,43.2,107.3,111.7,122.1,115.9,115.9,127.5,114.5,118.9,126.3,-11.8,123.2,120.3,-0.7,42.3,35.2,41.76,41.8,0.1,35.22,28.0,45.58,45.0,39.1,22.1,16.0,4.8,11.2,3.1,3.7,387,0.0,19.7,6.0,8.6,C,,مرز در لایهٔ رسمی تقریباً بر «جوادیه (زمانی)» منطبق/درون آن است
tehran:osm5637867292,درب دوم,منطقه ۳ شهر تهران,0.914,14.56,4.0,5.11,0.44,12,25.2,12.1,43.0,13.4,خیلی کم‌نور,22.9,12.4,42.8,42.8,0.0,232.5,65.5,32.5,23.7,21.3,42.1,21.3,18.5,28.2,20.4,19.5,8.7,25.4,20.4,7.0,41.6,30.6,39.75,41.53,4.5,38.85,6.8,41.69,42.46,17.0,18.2,18.4,7.7,34.7,0.0,3.9,407,0.0,15.4,4.8,9.6,C,اولویت ۳ (درجهٔ C),مرز در لایهٔ رسمی تقریباً بر «کاوه» منطبق/درون آن است
tehran:osm5637867522,مرادآباد,منطقه ۵ شهر تهران,1.503,10.81,3.46,2.17,0.61,9,265.0,196.0,297.8,91.7,خیلی پرنور,260.3,196.9,297.0,203.0,46.9,286.4,1.2,266.5,266.8,253.7,239.9,262.4,254.5,257.8,265.3,236.1,21.7,263.5,255.3,0.7,45.45,51.0,44.96,44.36,-1.3,38.28,10.0,39.57,36.77,47.9,15.8,8.3,14.4,9.1,0.0,4.5,324,0.0,50.9,15.2,-26.6,C,,مرز در لایهٔ رسمی تقریباً بر «مراد آباد» منطبق/درون آن است
tehran:osm5637867554,شهرک نفت,منطقه ۵ شهر تهران,1.667,11.25,3.61,0.26,1.53,6,264.0,216.7,297.9,91.2,خیلی پرنور,265.5,217.3,295.1,217.3,76.5,335.8,0.0,256.7,253.3,254.2,259.4,246.5,235.9,282.1,263.3,247.8,34.3,260.8,265.5,1.1,39.47,18.5,37.94,40.05,5.6,18.12,26.9,28.76,27.68,39.8,23.1,5.1,13.8,12.2,0.0,6.0,337,0.0,40.6,17.2,2.7,C,,مرز در لایهٔ رسمی تقریباً بر «شهرک نفت - سیمون بولیوار» منطبق/درون آن است
tehran:osm5637867588,امامت,منطقه ۱۳ شهر تهران,0.671,14.31,0.39,6.01,0.12,11,89.0,70.8,95.6,43.4,متوسط,92.3,71.4,92.3,89.5,2.8,166.7,4.7,74.7,99.2,97.4,78.2,106.3,111.6,69.4,103.0,98.3,-28.9,101.1,82.8,0.7,44.2,44.6,42.39,44.01,3.8,41.83,0.0,44.36,43.88,30.1,24.0,20.0,2.4,19.5,0.2,3.8,430,0.0,12.4,18.2,3.5,C,,مرز در لایهٔ رسمی تقریباً بر «میدان امامت» منطبق/درون آن است
tehran:osm5637867645,دولتخواه,منطقه ۱۹ شهر تهران,1.669,8.85,2.87,7.09,6.12,8,202.8,148.6,234.2,82.6,خیلی پرنور,202.2,149.4,233.4,149.4,18.3,307.2,31.7,205.0,183.4,192.1,183.8,183.4,163.9,227.3,204.7,178.7,48.6,181.5,219.1,-8.8,31.38,4.5,29.48,32.71,11.0,29.0,100.0,33.11,33.09,24.9,27.9,18.9,14.4,8.8,0.1,5.0,300,0.0,42.8,24.3,-21.2,C,,مرز در لایهٔ رسمی تقریباً بر «دولتخواه جنوبی» منطبق/درون آن است
tehran:osm5637867694,فیروزآبادی,منطقه ۲۰ شهر تهران,0.776,16.43,2.94,2.71,1.27,6,92.1,64.8,157.7,45.4,متوسط,90.2,66.0,157.5,92.6,0.0,200.1,31.2,87.4,79.9,66.8,115.4,95.4,67.7,91.9,92.8,77.8,14.1,78.1,89.7,-6.0,57.14,90.4,52.9,59.48,12.4,43.28,0.0,58.56,55.25,15.6,36.6,11.2,18.0,15.4,0.1,3.0,352,0.0,46.4,8.4,28.0,C,,مرز در لایهٔ رسمی تقریباً بر «فیروز آبادی» منطبق/درون آن است
tehran:osm7065482358,شهرک صدرا,منطقه ۲۲ شهر تهران,12.02,90.7,22.41,71.6,17.96,25,222.1,174.0,228.7,86.6,خیلی پرنور,223.9,174.1,227.8,174.1,25.5,410.6,18.1,210.9,232.0,211.0,197.9,225.5,212.8,213.4,234.8,211.3,2.1,211.8,215.5,-3.2,44.89,47.7,42.6,43.73,2.7,26.29,37.6,42.03,41.32,46.8,16.2,20.1,5.2,7.1,0.6,4.0,429,0.0,27.3,13.0,-13.0,C,,مرز در لایهٔ رسمی تقریباً بر «شهرک صدرا» منطبق/درون آن است
tehran:m1107-2,میدان حر,منطقه ۱۱ شهر تهران,1.174,13.49,3.57,5.85,0.34,9,217.4,133.4,235.5,85.3,خیلی پرنور,221.6,133.6,234.9,133.6,0.0,232.6,1.9,232.2,206.0,198.6,239.8,210.5,194.7,246.6,219.2,195.6,51.0,225.5,222.4,-1.0,53.22,80.9,51.1,53.69,5.1,48.4,0.0,53.49,51.68,31.6,23.7,14.7,0.5,26.1,0.2,3.2,364,0.0,51.0,25.5,7.6,C,,مرز در لایهٔ رسمی تقریباً بر «حر» منطبق/درون آن است
tehran:hf3e0f72a73,شهرک رسالت,منطقه ۱۹ شهر تهران,1.406,10.31,3.8,6.04,0.55,6,58.3,22.6,94.7,28.1,کم‌نور,59.8,23.4,93.4,56.8,33.8,113.9,14.2,64.3,49.4,63.5,95.7,53.1,71.2,75.4,40.9,68.6,6.8,71.5,67.9,-6.5,33.03,5.1,32.14,35.02,9.0,21.71,73.3,30.41,29.39,8.6,25.6,24.5,18.4,16.5,0.8,5.7,271,0.0,36.0,18.3,31.4,B,,
tehran:h377ba9bf6c,شکوفه جنوبي,منطقه ۱۹ شهر تهران,2.576,28.37,7.1,19.41,2.93,10,93.4,5.7,119.9,46.5,متوسط,96.4,5.9,118.5,90.5,0.0,352.4,55.1,79.0,79.8,81.9,84.4,86.0,80.6,104.7,94.4,91.2,13.5,113.4,90.8,-0.8,62.0,95.9,59.16,63.35,7.1,34.68,30.2,54.79,47.09,25.1,16.7,21.8,15.2,17.2,0.5,3.5,372,2.7,57.1,7.1,5.4,B,,
tehran:ha12bfed883,شريعتي جنوبي,منطقه ۱۹ شهر تهران,1.672,28.52,7.46,5.1,1.28,10,304.5,263.3,375.6,95.7,خیلی پرنور,315.0,265.7,374.6,265.7,0.0,523.8,31.3,261.2,254.3,304.1,220.8,249.2,259.0,301.5,309.8,323.1,-21.6,301.5,317.0,-7.8,82.27,99.7,79.42,81.2,2.2,39.98,7.1,86.09,67.5,51.6,4.9,10.6,15.3,14.9,0.2,2.5,366,10.7,56.2,10.9,-40.4,B,,
tehran:he8bde5f004,تهرانسرشمالي,منطقه ۲۱ شهر تهران,0.798,10.73,1.61,5.57,3.21,6,179.8,95.6,203.7,77.0,پرنور,201.9,96.3,201.9,189.3,47.3,277.1,0.3,214.1,168.8,215.4,185.5,194.2,212.9,202.9,179.5,214.7,-11.8,189.3,203.5,-4.4,50.92,71.4,49.6,51.91,4.7,47.19,0.0,51.4,50.97,26.0,25.8,19.8,8.2,14.8,2.2,3.3,323,0.0,54.0,17.9,-28.6,B,,
tehran:h52c97be6d5,چيتگرشمالي,منطقه ۲۱ شهر تهران,0.53,7.52,2.68,4.33,1.57,2,203.3,140.9,389.3,83.1,خیلی پرنور,228.8,141.8,388.3,184.0,203.2,282.1,0.0,159.3,217.6,216.2,152.0,260.6,238.0,176.6,257.4,255.4,-78.8,233.2,235.2,-2.6,65.02,97.2,64.93,63.02,-2.9,61.71,0.0,64.87,66.81,17.0,45.1,13.2,9.2,3.9,9.1,2.5,313,0.0,124.2,46.1,-7.3,C,,
tehran:h315dbafd65,نفرآباد و هاشم آباد,منطقه ۲۰ شهر تهران,1.566,15.72,5.04,11.78,2.09,9,25.1,9.5,42.3,13.0,خیلی کم‌نور,25.1,11.5,37.5,28.6,0.0,191.8,93.7,30.2,13.5,30.8,38.5,22.4,9.6,34.2,24.6,27.0,7.2,46.1,16.7,1.7,44.96,48.6,41.31,47.98,16.1,28.64,34.4,37.74,35.8,10.8,26.1,20.8,21.6,14.5,1.4,4.7,307,0.0,16.4,5.0,8.3,A,اولویت ۲,
tehran:h41e1fc4888,خليج فارس جنوبي,منطقه ۱۸ شهر تهران,3.167,26.37,5.32,23.09,4.26,11,74.4,49.3,84.8,35.8,کم‌نور,78.3,49.6,84.1,58.2,0.5,183.3,42.8,69.6,79.6,81.4,61.7,88.9,92.6,72.7,76.6,81.8,-9.1,69.3,80.0,-7.8,29.1,1.3,28.41,29.16,2.6,23.11,100.0,24.66,23.77,29.4,5.0,34.1,17.8,6.2,0.5,7.0,342,0.0,17.8,4.6,-7.9,A,,
tehran:hf175e40052,خواجه نظام غربي,منطقه ۷ شهر تهران,0.373,10.73,0.23,2.29,0.36,10,17.6,11.3,43.1,9.7,خیلی کم‌نور,18.0,12.0,42.9,42.9,3.1,119.2,89.6,13.4,28.3,22.4,15.3,15.9,14.6,13.0,22.9,21.6,-8.6,14.2,17.3,-3.0,42.06,32.5,41.12,41.56,1.1,37.45,38.2,42.36,43.45,10.6,32.9,19.6,3.0,30.1,0.1,3.8,418,0.0,15.9,5.4,1.9,B,اولویت ۱,
tehran:h404c96dffc,دهقان,منطقه ۷ شهر تهران,0.29,7.68,0.0,2.82,0.28,7,4.4,1.1,9.9,3.3,خیلی کم‌نور,3.8,1.1,9.9,4.3,0.0,93.6,96.7,3.8,3.7,3.7,4.2,3.6,3.8,3.9,3.8,3.7,0.2,3.2,4.0,-6.1,40.01,20.5,38.88,39.68,2.1,38.69,6.8,39.66,40.1,17.2,30.1,22.0,3.7,22.8,0.0,4.2,427,0.0,4.4,0.1,0.4,B,اولویت ۱,
tehran:he5bbb8f393,گاندي,منطقه ۶ شهر تهران,1.161,10.98,1.83,13.08,12.16,5,382.5,291.0,490.5,98.7,خیلی پرنور,395.7,291.7,489.3,340.2,5.5,419.1,0.2,359.0,366.8,328.6,326.8,413.7,352.8,374.5,413.3,366.6,7.9,341.7,415.4,-10.2,71.05,98.2,67.93,68.21,0.4,63.91,0.0,73.12,66.06,29.2,24.6,20.6,2.4,20.6,0.0,2.5,421,0.2,99.8,25.0,-32.2,C,,
tehran:h1f8ecf06bb,نصرت,منطقه ۶ شهر تهران,0.729,12.92,2.9,3.44,5.1,6,16.6,6.7,102.3,9.0,خیلی کم‌نور,17.2,6.8,102.3,102.3,0.0,149.5,75.7,18.8,19.0,19.9,19.6,17.1,18.2,13.9,16.1,18.7,-4.8,15.8,16.6,-1.6,53.72,82.5,51.1,53.0,3.7,51.11,0.0,53.6,55.18,5.2,16.2,15.8,3.7,56.0,0.0,3.0,382,0.0,47.8,2.4,0.8,C,اولویت ۳ (درجهٔ C),
tehran:h7346a4e668,کشاورز غربي,منطقه ۶ شهر تهران,0.723,12.21,0.32,4.36,3.36,8,147.7,120.4,179.1,69.6,پرنور,139.7,121.1,178.2,178.2,0.0,168.6,1.5,174.0,137.1,124.5,168.2,142.8,108.4,162.4,133.4,118.2,44.2,140.9,137.9,1.4,56.07,89.0,51.85,57.52,10.9,51.95,0.0,56.28,55.24,22.0,15.7,15.7,3.5,40.0,0.2,3.0,400,0.0,29.3,22.5,-5.8,B,,
tehran:h942aa15b23,عباس آباد,منطقه ۶ شهر تهران,0.509,8.33,0.0,5.17,0.4,5,9.4,0.3,120.2,6.6,خیلی کم‌نور,6.6,0.6,120.1,120.1,0.0,71.9,99.6,3.6,14.4,9.0,8.6,12.3,0.8,1.4,10.7,7.2,-5.8,11.4,1.1,4.3,59.23,93.4,55.3,57.96,4.8,56.81,0.0,59.12,61.83,1.4,22.2,16.7,2.3,54.7,0.0,2.7,418,0.0,60.0,4.7,5.0,C,اولویت ۳ (درجهٔ C),
tehran:h09c4ce2b4c,علي آباد شمالي,منطقه ۱۶ شهر تهران,0.687,15.18,1.08,3.93,0.51,8,100.0,12.5,145.0,50.6,متوسط,107.2,12.7,144.7,98.0,30.9,139.4,2.1,100.1,102.7,88.0,112.1,133.2,104.9,101.6,118.4,94.1,7.5,91.1,105.8,1.2,48.28,60.9,45.43,47.87,5.4,45.6,0.0,48.9,48.72,31.2,24.0,12.8,9.3,16.7,2.5,3.4,406,0.0,66.2,12.4,12.0,C,,
tehran:h659992fa59,اسلام آباد,منطقه ۲ شهر تهران,0.872,6.77,1.75,7.22,1.87,6,66.2,49.3,79.3,33.0,کم‌نور,69.2,50.9,77.3,74.9,61.6,187.0,0.0,49.9,59.9,80.7,48.3,65.5,86.5,55.3,67.0,83.9,-28.6,82.7,60.4,1.5,47.64,58.1,46.69,46.5,-0.4,43.65,0.0,46.92,47.44,6.9,48.1,21.0,4.5,15.8,0.2,3.5,340,0.0,15.0,14.4,-1.6,B,,
tehran:h970e3f5ffc,شهيد خرم رودي,منطقه ۲ شهر تهران,1.468,12.32,3.95,10.88,6.07,9,104.1,85.0,141.2,53.5,متوسط,108.9,86.0,140.8,86.0,0.0,176.7,15.9,82.8,100.0,105.0,116.4,103.3,113.7,106.1,111.0,114.5,-8.4,102.7,108.3,-4.2,46.78,56.3,45.49,46.05,1.2,29.02,14.8,40.69,39.95,12.7,34.6,22.7,6.8,18.1,1.0,4.2,421,0.0,28.1,4.2,33.6,B,,
tehran:hd7e7b4078b,حصاربوعلي,منطقه ۱ شهر تهران,1.167,14.18,2.09,4.41,1.09,6,164.6,107.1,193.3,73.9,پرنور,161.2,107.5,192.5,180.3,126.6,209.5,0.0,135.9,161.9,172.2,135.5,161.1,161.7,136.9,161.8,168.5,-31.6,166.4,135.3,13.2,52.29,77.0,50.43,50.57,0.3,49.48,0.0,52.57,52.21,24.8,34.0,9.7,0.6,27.7,0.0,3.2,421,0.0,43.1,16.7,-0.4,B,,
tehran:h29eb055569,ميدان جهاد,منطقه ۶ شهر تهران,0.746,10.97,2.97,2.98,0.24,10,29.9,7.0,100.7,15.6,خیلی کم‌نور,11.1,7.1,100.3,100.3,25.8,90.8,93.9,43.5,10.4,17.1,53.8,10.5,6.1,35.3,9.6,8.6,26.7,13.6,10.4,1.6,51.13,72.5,48.83,51.24,4.9,46.15,0.0,51.27,51.0,11.5,14.3,14.8,4.5,51.5,0.1,3.3,399,0.0,46.8,15.1,10.3,C,اولویت ۳ (درجهٔ C),
tehran:ha9c148206e,فاطمي,منطقه ۶ شهر تهران,0.876,18.21,1.34,4.17,0.83,9,69.1,58.0,90.3,34.0,کم‌نور,65.9,59.1,89.6,89.6,48.7,165.6,46.7,45.3,68.3,66.1,36.7,73.8,66.3,50.7,71.9,68.2,-17.5,66.5,54.5,2.7,49.32,64.7,47.55,48.15,1.3,45.58,0.0,49.67,50.12,28.6,13.8,14.9,3.3,35.8,0.3,3.3,386,0.0,16.2,11.3,-8.6,B,,
tehran:hba310d7b81,قزل قلعه,منطقه ۶ شهر تهران,1.23,21.2,1.47,6.99,2.36,10,81.5,59.2,96.0,39.6,کم‌نور,87.6,59.7,95.0,65.8,65.7,224.8,0.0,86.3,75.1,91.0,81.2,73.8,91.5,88.9,78.4,90.9,-2.0,74.1,100.0,-3.5,44.58,46.5,43.3,44.72,3.3,42.14,0.0,44.08,44.37,29.6,23.7,15.7,3.5,23.8,0.0,3.8,395,0.3,18.4,6.7,-5.1,A,,
tehran:he0938adad2,شيراز,منطقه ۶ شهر تهران,1.117,12.96,1.79,15.86,1.08,7,47.3,19.3,81.8,23.3,کم‌نور,41.8,19.8,81.6,81.6,5.5,419.1,45.8,26.9,46.6,45.9,50.0,53.8,50.6,30.0,47.5,47.2,-17.2,44.0,33.2,-1.0,59.25,93.6,57.93,56.85,-1.9,54.76,0.0,59.34,61.11,10.6,32.3,25.7,3.7,24.9,0.0,2.7,393,0.3,31.2,10.0,23.1,B,,
tehran:hcd2569e412,قاسم آباد,منطقه ۴ شهر تهران,4.057,45.61,0.0,20.61,3.49,13,77.3,32.8,84.2,38.4,کم‌نور,80.7,32.9,83.8,62.4,0.0,365.5,47.3,63.5,81.0,82.9,61.6,91.4,82.0,65.8,88.0,84.3,-18.5,68.9,87.6,-6.3,28.48,1.0,28.1,26.62,-5.3,13.78,71.9,27.41,26.66,37.9,16.3,28.6,0.4,10.2,0.3,6.2,381,0.0,25.7,11.9,-1.9,A,,
tehran:h6fbe3c0793,جوزستان,منطقه ۱ شهر تهران,1.318,16.76,1.53,4.47,0.27,17,154.6,112.4,202.0,71.4,پرنور,147.7,113.6,199.4,155.1,13.6,252.0,0.8,143.2,145.2,145.2,211.5,141.7,114.3,164.6,141.9,127.1,37.5,170.8,114.5,16.1,48.93,63.7,45.42,49.69,9.4,42.76,0.0,48.71,49.08,48.3,12.1,8.1,0.5,27.6,0.0,3.4,416,0.0,44.8,18.9,68.3,B,,
tehran:h31374d181f,سيزده آبان,منطقه ۱۴ شهر تهران,0.447,8.15,1.73,1.66,0.06,7,4.3,1.7,16.6,2.8,خیلی کم‌نور,6.0,1.8,16.5,9.7,0.0,47.7,100.0,5.8,8.3,6.1,7.8,7.0,5.7,2.0,6.3,8.9,-6.9,4.5,6.0,0.8,40.06,21.0,37.61,40.75,8.3,38.55,12.5,39.91,40.53,1.0,29.3,18.6,26.1,20.7,0.2,4.1,438,0.0,7.5,3.5,2.0,B,اولویت ۱,
tehran:hdcc9693783,بروجردي,منطقه ۱۴ شهر تهران,0.46,9.24,2.85,2.58,0.33,7,9.8,3.0,16.6,6.9,خیلی کم‌نور,9.2,3.1,16.5,13.6,0.0,121.8,96.8,3.4,6.4,15.8,9.1,9.9,17.1,3.0,6.9,25.8,-22.8,6.4,12.2,-4.0,41.7,30.9,41.32,40.9,-1.0,39.44,0.0,41.57,43.57,5.9,28.9,16.5,24.1,20.6,0.2,3.8,460,0.0,6.8,12.2,5.7,B,اولویت ۱,
tehran:h031c8070a9,آهنگ شرقي,منطقه ۱۴ شهر تهران,1.436,20.49,0.05,13.61,3.4,6,102.1,84.7,114.0,51.5,متوسط,101.3,85.4,113.1,85.4,3.0,115.8,20.8,118.2,91.4,94.0,107.8,87.2,84.0,116.6,91.6,90.4,26.2,105.9,94.0,3.1,41.71,31.2,38.99,42.61,9.3,39.61,0.0,42.3,42.09,19.2,29.8,30.9,3.9,12.3,0.0,4.0,436,0.0,14.6,14.8,-10.4,A,,
tehran:hc9a5d4c163,آهنگ غربي,منطقه ۱۴ شهر تهران,1.435,24.04,0.0,13.76,7.72,10,122.3,108.5,127.4,60.9,پرنور,125.6,109.0,125.6,109.0,0.0,205.1,16.5,117.5,123.6,117.3,122.7,130.7,123.4,119.5,127.4,121.3,-1.8,124.0,122.0,-0.1,44.83,47.1,43.33,43.98,1.5,40.65,0.9,45.11,44.24,31.4,22.9,28.1,3.1,10.6,0.1,3.8,437,0.0,9.5,4.1,5.2,A,,
tehran:h65780b36b2,قيام,منطقه ۱۴ شهر تهران,0.674,9.99,2.26,4.99,1.63,6,76.4,54.6,99.4,37.5,کم‌نور,84.5,56.8,98.2,60.2,43.9,78.1,0.5,76.5,83.7,73.8,78.0,91.9,81.5,79.7,83.3,75.9,3.8,116.7,71.5,4.5,45.31,50.1,43.06,44.91,4.3,43.46,0.0,45.5,45.14,11.7,33.6,20.7,18.7,11.6,0.0,3.7,448,0.0,22.4,3.7,1.5,B,,
